{"type": "Topology", "objects": {"regions": {"geometries": [{"properties": {"name": "Midlands", "iso": "GB-MID"}, "type": "MultiPolygon", "arcs": [[[-74, 0, -72, 1, -181, 2, -189, 3, -246, 4, -244, 5, -242, 6, -240, 7, -24, 8, -47, 9, -45, 10, -43, 11, -65, 12, -63, 13, -82, 14, -80, 15, -78, 16, -76, 17]], [[18]], [[19]], [[-67, 20]], [[21]], [[22]]], "id": "gb-mid"}, {"properties": {"name": "Northeast", "iso": "GB-NOE"}, "type": "MultiPolygon", "arcs": [[[23, 24, -238, 25, -236, 26, -234, 27, -232, 28, -230, 29, -228, 30, -226, 31, -224, 32, -222, 33, -220, 34, -218, 35, -216, 36, -248, 37]], [[38]], [[39]], [[40]], [[41]], [[42, 43, 44, 45, 46, 47]], [[48]], [[49]], [[50]], [[51]]], "id": "gb-noe"}, {"properties": {"name": "Southeast", "iso": "GB-SOE"}, "type": "MultiPolygon", "arcs": [[[52]], [[53]], [[54]], [[55]], [[56]], [[57]], [[58]], [[59]], [[60]], [[61, 62, 63, 64, 65, 66, 67, -187, 68, -185, 69, -183, 70, 71, 72, 73, 74, 75, 76, 77, 78, 79, 80, 81]], [[82]], [[83]], [[84]], [[85]], [[86]], [[87]], [[88]], [[89]], [[90]], [[91]], [[92]], [[93]], [[94]], [[95]], [[96]], [[97]], [[98]], [[99]], [[100]], [[101]], [[102]], [[103]], [[104]], [[105]], [[106]], [[107]], [[108]], [[109]], [[110]], [[111]], [[112]], [[113]], [[114]], [[115]], [[116]], [[117]], [[118]], [[119]], [[120]], [[121]], [[122]], [[123]], [[124]], [[125]], [[126]], [[127]], [[128]], [[129]], [[130]], [[131]], [[132]], [[133]], [[134]], [[135]], [[136]], [[137]], [[138]], [[139]], [[140]], [[141]], [[142]], [[143]], [[144]], [[145]], [[146]], [[147]], [[148]], [[149]], [[150]], [[151]], [[152]], [[153]], [[154]], [[155]], [[156]], [[157]], [[158]], [[159]], [[160]], [[161]], [[162]], [[163]], [[164]], [[165]], [[166]], [[167]], [[168]], [[169]]], "id": "gb-soe"}, {"properties": {"name": "Southwest", "iso": "GB-SOW"}, "type": "MultiPolygon", "arcs": [[[170]], [[171]], [[172]], [[173]], [[174]], [[175]], [[176]], [[177]], [[178]], [[179]], [[180, 181, 182, 183, 184, 185, 186, 187, 188, 189]], [[190]], [[191]], [[192]], [[193]], [[194]], [[195]], [[196]], [[197]], [[198]], [[199]], [[200]], [[201]], [[202]], [[203]], [[204]]], "id": "gb-sow"}, {"properties": {"name": "West", "iso": "GB-WES"}, "type": "MultiPolygon", "arcs": [[[205]], [[206]], [[207]], [[208]], [[209]], [[210]], [[211]], [[212]], [[213]], [[214, 215, 216, 217, 218, 219, 220, 221, 222, 223, 224, 225, 226, 227, 228, 229, 230, 231, 232, 233, 234, 235, 236, 237, 238, 239, 240, 241, 242, 243, 244, 245, 246, 247]], [[248]], [[249]], [[250]], [[251]], [[252]], [[253]], [[254]], [[255]], [[256]], [[257]], [[258]]], "id": "gb-wes"}], "type": "GeometryCollection"}}, "bbox": [-6.3109757622635785, 49.911790677855606, 1.749122083933888, 55.80418490605875], "arcs": [[[-1.49736632696191, 52.05894216652982], [-1.524942486869391, 51.99319667682216], [-1.541755756658222, 51.996421702622634]], [[-1.638326965375438, 51.97516181007842], [-1.669290675606045, 51.98920818985941], [-1.669900071433375, 51.993079499975366]], [[-1.738552809401173, 52.09139548511476], [-1.746033118502017, 52.09294741079463], [-1.767659382991191, 52.1125796968126]], [[-2.635967574010678, 51.83990554455823], [-2.650225705447237, 51.82614044018569], [-2.656854543473262, 51.826875036798306], [-2.658191717376706, 51.832704555622584], [-2.666154519193318, 51.835643861800335], [-2.68285962544352, 51.83845037148547], [-2.6869749279085546, 51.83314240619136], [-2.693178461693276, 51.836461542323946], [-2.697321845739967, 51.84476265485359], [-2.706573482639743, 51.84362840875252], [-2.7710083459768042, 51.87810361119722], [-2.768328513287072, 51.88049938069629], [-2.7824248123773967, 51.88421187262558], [-2.848850513023213, 51.91975225183482], [-2.845147161868972, 51.921460088513065], [-2.846545614380307, 51.923294127976], [-2.854381665780128, 51.92380931317701], [-2.859003701919983, 51.927726316784955], [-2.871066611194914, 51.92791348951467], [-2.877953250548382, 51.933830785622256], [-2.888515086990361, 51.93356627768253], [-2.887928736805633, 51.927592561347346], [-2.904130627560246, 51.925175576317905], [-2.9116536907796102, 51.919542243660935], [-2.9614624477160705, 51.90926899034361], [-2.9751066789253513, 51.921214666983296], [-2.976659712739468, 51.92748390897436], [-2.981251771881847, 51.92659476442178], [-3.0838504821775308, 52.01642107988374], [-3.0926140211343363, 52.03225835071554], [-3.086280318711512, 52.04018780267178], [-3.092806078958208, 52.04747221234112], [-3.090774640661071, 52.05081861534337], [-3.106956902578347, 52.059872672236374], [-3.11289171069381, 52.06890373598503], [-3.1196157832774016, 52.104345882220464], [-3.105459874200322, 52.10537837142464], [-3.107900818442695, 52.11408204179529], [-3.10497954937557, 52.116719527227545], [-3.1163595544670737, 52.12181707160058], [-3.075552988315737, 52.14762772013696], [-3.0808712009347223, 52.15020362909542], [-3.071568444014176, 52.15818098947179], [-3.084352702903793, 52.163134968599], [-3.093149498384684, 52.156150697906305], [-3.1139288974265336, 52.166215327506166], [-3.096695640816183, 52.18046396167938], [-3.094675119270057, 52.18382910968167], [-3.0973143647893293, 52.18430253002508], [-3.0474955796956285, 52.2385371254189], [-3.044164723616633, 52.237934797535196], [-3.045523728937929, 52.24068375600854], [-3.0298854628474614, 52.257708158199044], [-3.005614057111728, 52.264200454145154], [-2.989777791074566, 52.260486346526044], [-2.978584373553661, 52.26237507433672], [-2.977502619691425, 52.25976238796598], [-2.964990177479176, 52.26232516694207], [-2.965064594669029, 52.26811183649287], [-2.949621076488838, 52.26951463702478], [-2.965036335404979, 52.27430027721441], [-2.992675014099643, 52.27284299961568], [-2.996023719793762, 52.275775400607735], [-3.0117184908657175, 52.277485404334364], [-2.9552393273197257, 52.33897073717291], [-2.960557566210229, 52.33928220482741], [-2.954727753619288, 52.3492365389923], [-2.970583751286587, 52.35139451743483], [-2.974391972471595, 52.354721129362694], [-2.986070512120733, 52.350882377628444], [-2.998325821005897, 52.351880789534], [-3.041326774926438, 52.34432610215323], [-3.060665073218932, 52.34822679058766], [-3.070544386321525, 52.35596393090302], [-3.091932153897173, 52.36256414558196], [-3.110603687289018, 52.37714629785662], [-3.120239075877224, 52.37743024022168], [-3.1349821370029916, 52.3852516791921], [-3.214536010500785, 52.43190877401894], [-3.195866649311749, 52.4668972114198], [-3.029916772075871, 52.49641870547677], [-2.9749458752414863, 52.5423410295654], [-2.9990086024802314, 52.560460038055666], [-2.997648749406059, 52.56381850298037], [-3.008069553086432, 52.574344046192465], [-3.036646759417272, 52.571723837431065], [-3.050025095071476, 52.56081864548569], [-3.0734786148502886, 52.55546169359072], [-3.116765601209858, 52.586969899486604], [-3.100332365939288, 52.59757037386162], [-3.089359107616751, 52.59957237327413], [-3.093643837656811, 52.60929082639636], [-3.082702169567069, 52.615518181704346], [-3.081619263503719, 52.621381575667584], [-3.072205614596467, 52.62593885488665], [-3.074917100493455, 52.62698321249763], [-3.073103551434452, 52.62894424031793], [-3.059790546879483, 52.63067694629989], [-3.073576230001309, 52.63837990439845], [-3.0675380490466564, 52.64549414288286], [-3.051090608507816, 52.64730615510917], [-3.05085910539563, 52.65330908416509], [-3.044907868695894, 52.65592842434067], [-3.049349564860607, 52.66101619535191], [-3.038515275514711, 52.67531686602709], [-3.041936102656102, 52.67565858373938], [-3.011247410886834, 52.71181627322581], [-3.021528981069641, 52.72418760870623], [-3.019048007276843, 52.72529496884085], [-3.018365363552691, 52.721226575269625], [-3.000609150847486, 52.72021264722778], [-2.977521983714045, 52.72645280189978], [-2.975474739930914, 52.721571980037254], [-2.978122065323137, 52.715288670713406], [-2.967178325074006, 52.714249332432445], [-2.961515164993658, 52.71562229390278], [-2.961064420077252, 52.72070796761736], [-2.961835583196512, 52.72567581880354], [-2.966655578049956, 52.725620450193574], [-2.965040570936893, 52.732213289886126], [-2.969039305879981, 52.73195507979558], [-2.971132053926477, 52.735424236310685], [-2.990919462367251, 52.73361624613127], [-2.997292243070227, 52.73835440935677], [-2.992506164389182, 52.738531255306995], [-2.992253655099287, 52.74384462019188], [-3.009756861127914, 52.7502981398416], [-3.015941212825087, 52.74808415427532], [-3.021336125619982, 52.75166345025062], [-3.0143360428226, 52.75296233277678], [-3.010794687251074, 52.75852139428062], [-3.017098295857267, 52.76767222098947], [-3.022675126324996, 52.764171239180996], [-3.026352854223791, 52.76703871922758], [-3.035085073035169, 52.76401775210574], [-3.03701938145064, 52.76515064294143], [-3.032612838529043, 52.76713990164], [-3.038985589265241, 52.77035837060898], [-3.046536097496223, 52.76701697615817], [-3.052608161280396, 52.76860391413614], [-3.047781678290026, 52.77259681505408], [-3.057905657189617, 52.7736836907681], [-3.06284061827551, 52.76912752522431], [-3.069162879905985, 52.774230968395], [-3.0709043892249164, 52.770970410098734], [-3.088228880830061, 52.77896058290888], [-3.09170902520656, 52.7866312609635], [-3.085674400377794, 52.79039949682567], [-3.086755839395926, 52.79559024648091], [-3.097715045993102, 52.79136837021129], [-3.106174389406135, 52.79290618158387], [-3.109123025895481, 52.788597104060436], [-3.1512676198046066, 52.80803447607817], [-3.1357262568051474, 52.86165320765917], [-3.127721750054822, 52.867239426342], [-3.1334141499690986, 52.86963012936372], [-3.128449511684673, 52.886758460230105], [-3.0438101769606587, 52.92862589378943], [-3.034758377928835, 52.929497524979446], [-3.0289091063254463, 52.93599681165896], [-2.9936152364305224, 52.95345516902549], [-2.956526658041317, 52.94969014816423], [-2.928880151385178, 52.9386528919187], [-2.926646795275435, 52.942280569604215], [-2.903345663205305, 52.94429151700402], [-2.8535950275127497, 52.939241116331395], [-2.812744136007004, 52.91462657181085], [-2.812710354221166, 52.9092492361865], [-2.804469097289271, 52.90344508766388], [-2.80053932381504, 52.89544846483153], [-2.794158175740872, 52.89733865107028], [-2.7903910516588506, 52.90298720853791], [-2.783066329687502, 52.89878573558665], [-2.7177235655258745, 52.92174689763096], [-2.726639173947757, 52.96492054713448], [-2.735320627736267, 52.970000990779205], [-2.727376760323366, 52.98313213898151], [-2.711879300398081, 52.98607022931726]], [[-2.546355499875478, 52.95682229564725], [-2.532034273899245, 52.94727047882246], [-2.52328094578323, 52.954339946163685]], [[-2.434090096729395, 52.97964459257907], [-2.438168122175798, 52.98555175658277], [-2.41086170067302, 52.98790919062919]], [[-2.389734436463592, 52.99537584421345], [-2.380244341800943, 52.9989896870837], [-2.383044331604826, 53.00777031365246]], [[-1.92244646684426, 53.53079846383296], [-1.908891262608499, 53.538717565267945], [-1.898356951585461, 53.53777970879726], [-1.894110922921482, 53.533595542485244]], [[-0.797951486757312, 53.455314271302605], [-0.809862310066093, 53.443798982756746], [-0.820291336109232, 53.441527494400994], [-0.82001481332102, 53.437053640102896], [-0.816634262777178, 53.432049217723524], [-0.81829786347386, 53.42595852825251], [-0.80412503690109, 53.416960545252465], [-0.794671068602755, 53.41398449390439], [-0.789053360963744, 53.4148212046185], [-0.792461222453592, 53.411528815067115], [-0.7907727773088, 53.40724730561055], [-0.786763493640476, 53.40228419376964], [-0.777648520361047, 53.39687236953956], [-0.778215775962942, 53.38961494158327], [-0.790738803688978, 53.38610541933253], [-0.782244443452165, 53.3823883550518], [-0.775855048163665, 53.377816733436305], [-0.783087163199186, 53.382044592296815], [-0.776157049008205, 53.37766613490903], [-0.786532812897644, 53.374647395836014], [-0.791225912026689, 53.36890507558671], [-0.791501815516329, 53.36351256936206], [-0.780915720113846, 53.36089423948364], [-0.774408926368673, 53.36409518326833], [-0.766348581929935, 53.35595242800622], [-0.759148079625111, 53.35363948487581], [-0.763685134816803, 53.34975468842792], [-0.765211974397437, 53.345889814210366], [-0.757215160227437, 53.33966447072338], [-0.766953124453629, 53.3300543859272], [-0.760769410720451, 53.32430462580122], [-0.750468295428986, 53.32414686791879], [-0.754362769821226, 53.32018467077011], [-0.754828114918676, 53.31466648180755], [-0.753130972823341, 53.30877515044307], [-0.747871020320409, 53.304445649818646], [-0.751491543453892, 53.29371439097777], [-0.757673307801978, 53.29308137202681], [-0.758898625084804, 53.29858389504169], [-0.76373725661071, 53.29989983107708], [-0.765585805113072, 53.294023801407604], [-0.778030296693169, 53.28511496500135], [-0.781043571647043, 53.281595913656425], [-0.778999800979905, 53.28346904191809], [-0.773802920907372, 53.27742258634228], [-0.764909452422307, 53.27278760534899], [-0.774304425959031, 53.261095006369], [-0.772932046584713, 53.255459834545434], [-0.770790308687003, 53.25330458345135], [-0.778788993259322, 53.25234131253905], [-0.778991939920544, 53.24178989664308], [-0.782064551167965, 53.24139880985185], [-0.783198196342126, 53.240789224097924], [-0.778955089156353, 53.2416106269497], [-0.777805110096958, 53.23889663396767], [-0.784334997769905, 53.2242001281401], [-0.776109483417374, 53.21475977330082], [-0.779060874034548, 53.21292744309265], [-0.775940943655668, 53.20732559689562], [-0.780928951200452, 53.20377466542096], [-0.777563692817191, 53.19976147612232], [-0.781400613815626, 53.19664816381326], [-0.781751759348819, 53.19138843970873], [-0.791009665602072, 53.19036174887462], [-0.793192815617763, 53.1865444884759], [-0.791197211995044, 53.18321434946515], [-0.795805685745968, 53.18115389014399], [-0.784922917409376, 53.175786384549085], [-0.786516880815921, 53.17900195509227], [-0.79472320904298, 53.18117531971636], [-0.790018879902779, 53.182916531196305], [-0.79033100231822, 53.18974717178629], [-0.779894534673164, 53.19122200743576], [-0.780459771518755, 53.19556611659081], [-0.776345078773299, 53.19955208908974], [-0.77953165498656, 53.2038439654887], [-0.77509066729794, 53.20690065823346], [-0.778204258247083, 53.21245573732599], [-0.775133417889155, 53.2145897517076], [-0.775212817207403, 53.21800115325638], [-0.782159273368589, 53.22375182257987], [-0.782517288630715, 53.227500480360426], [-0.777555718139113, 53.23476436215165], [-0.777911527130752, 53.25209950686713], [-0.769805427648217, 53.25267957089783], [-0.772415084194362, 53.26110790909585], [-0.763721851654429, 53.27184759319633], [-0.777262543490487, 53.28379374710317], [-0.766497681194908, 53.29127530742155], [-0.762553621535485, 53.29916302968742], [-0.758154140343295, 53.292538042317055], [-0.745220148696209, 53.29294472993898], [-0.750092597607135, 53.293735714209085], [-0.746225753511777, 53.30348630620822], [-0.75329686873871, 53.313486367436234], [-0.75269025424298, 53.32054832390629], [-0.748512105575174, 53.322654814698055], [-0.751498178339546, 53.32548805003379], [-0.759906771902389, 53.3250049195453], [-0.765932193081317, 53.330100461648065], [-0.75618032832647, 53.33940559706449], [-0.764290624594785, 53.34632345238078], [-0.758091550035675, 53.35385682626364], [-0.765449572168559, 53.356334187755145], [-0.774569980047994, 53.364925667957024], [-0.780615829602106, 53.361662449236725], [-0.790407719209145, 53.36346104193038], [-0.785154906338142, 53.374575852338744], [-0.774673089020944, 53.37772552950568], [-0.774643211522553, 53.37913381505492], [-0.780932892621924, 53.383512992574346], [-0.789712800261442, 53.38581004988575], [-0.777228051890777, 53.389291128143334], [-0.776490895784205, 53.39648926293636], [-0.787654589055231, 53.40443177383254], [-0.790974373765213, 53.41085396020567], [-0.788036616367781, 53.415231563142775], [-0.804258330951142, 53.41778886959508], [-0.817378951442561, 53.42653103121526], [-0.815451841826512, 53.43218761126754], [-0.820015497618705, 53.44001733062901], [-0.809019926109425, 53.44350025131606], [-0.799920417695658, 53.45310478261936], [-0.785220990227822, 53.461913846439074], [-0.784005917391214, 53.476184173038284], [-0.770620475071136, 53.47965272360697], [-0.774995410342989, 53.48874063236109], [-0.767798725936023, 53.49429647920696], [-0.767233045854042, 53.498884039747175], [-0.751055543268889, 53.50051660396408], [-0.742109611701825, 53.51038447458938], [-0.738576456422062, 53.519826169294824]], [[-0.629750113413206, 53.45819706478914], [-0.599477383614336, 53.45637992024909], [-0.551790586958653, 53.45949795671425]], [[-0.158504788388749, 53.46155931036009], [-0.144497873056208, 53.4408790098303]], [[0.006713663102726143, 53.52032399106571], [0.026672529262462774, 53.509990001432904], [0.087284490856743, 53.49163168854262], [0.09636550267376508, 53.489722575296135], [0.092574757217635, 53.489160377637894], [0.10443753565780338, 53.487375145931736], [0.096540931469712, 53.48699254412218], [0.103277521753605, 53.48626820799957], [0.101775118428837, 53.484813047896246], [0.105336577536523, 53.48249562316986], [0.110709489969737, 53.482278563569324], [0.111489002937402, 53.4823151470737], [0.112615585455524, 53.48272405613233], [0.102110135029312, 53.48463726766993], [0.103561623367445, 53.48628298110907], [0.104985456863465, 53.486392764046045], [0.10542104620416877, 53.4870891310528], [0.114904588317668, 53.48319961140447], [0.14698619025847393, 53.47500156403204], [0.18803510433418785, 53.43987388518249], [0.194777571040521, 53.42997263678926], [0.19805437417726632, 53.431299877775004], [0.20984293214708072, 53.4212117990088], [0.204825994563484, 53.418258169738394], [0.210598088856796, 53.41760299414149], [0.192084878864205, 53.418281486542405], [0.189538935188047, 53.417293417311015], [0.210580376148048, 53.4169425445348], [0.208979111675821, 53.415664961095864], [0.207794573691067, 53.41618225000032], [0.20717367863123, 53.41546909843026], [0.203003273133836, 53.415633334991654], [0.201356143378092, 53.41512248293925], [0.205921364346656, 53.4152593904147], [0.204355072802969, 53.415059968761135], [0.203412494764828, 53.41414776051262], [0.203990583424564, 53.413977941910304], [0.208509264368296, 53.4155711788146], [0.203733390746301, 53.4120893089315], [0.207630434587726, 53.41327597723262], [0.206355749828743, 53.409959583336764], [0.208539787573829, 53.41525951710748], [0.212098501339969, 53.41589310432018], [0.208123483024846, 53.410478022455976], [0.214703267076361, 53.40966476008777], [0.21775119785716, 53.41335629306397], [0.22865147374507785, 53.405116357174116], [0.232840645196247, 53.39812561727453], [0.228438389314486, 53.4014192959097], [0.227042506984652, 53.396640804974616], [0.231276392554054, 53.390596529606924], [0.234614887776763, 53.3921981962314], [0.242665613008489, 53.37276786310015], [0.273782315329042, 53.33252479594929], [0.289246176305326, 53.30565331335541], [0.30409631238757834, 53.29016982303382], [0.33990292254518195, 53.23336266823236], [0.340381796811472, 53.22127549837374], [0.35371201466141416, 53.17684584313493], [0.349300255690501, 53.154129584156344], [0.350382498543331, 53.138538389096766], [0.34568324306112, 53.126028318465735], [0.342906150353909, 53.125920240782946], [0.342881964124305, 53.10877024411607], [0.340590118882295, 53.11248642887389], [0.336880147299573, 53.1112520201012], [0.342861159551754, 53.108331881421385], [0.339854341534284, 53.09725830112403], [0.328341927736816, 53.089428113180965], [0.327199077220576, 53.09199491269512], [0.31985638076938, 53.09193332533654], [0.318934611315008, 53.09237208461632], [0.319853749741736, 53.093272164445665], [0.320594255582477, 53.09240535288582], [0.321166051237918, 53.09256773010074], [0.322143160832768, 53.093710312080354], [0.323920993702443, 53.09751567304308], [0.326513327892667, 53.100849272396665], [0.31847354500348, 53.092547401028334], [0.317244827189909, 53.094336273076735], [0.320492322113932, 53.095451726866294], [0.319204424488683, 53.101299341543054], [0.318328550743431, 53.10193421650934], [0.317544627440774, 53.1021077343877], [0.314630768479985, 53.101592586015634], [0.313735952307366, 53.103234682053184], [0.308601956221792, 53.105646875341144], [0.30857674721787, 53.10779716616671], [0.307321345239251, 53.10993887913923], [0.303752210107407, 53.11140074069865], [0.307171283195225, 53.109843791255805], [0.308475729292132, 53.10554954981556], [0.314327106850913, 53.101585022865464], [0.319043465289529, 53.10122795840899], [0.320137996496748, 53.09558452194844], [0.316216795353993, 53.09427268264688], [0.316409566927095, 53.09129828356269], [0.314153511499316, 53.09170094877477], [0.31472280808122, 53.09284700074641], [0.31127114352609, 53.0946574812418], [0.314570931926786, 53.09419052770704], [0.317886202024641, 53.095069148651056], [0.310871076576918, 53.095135491283585], [0.310950544115572, 53.09455670660492], [0.31452276984186, 53.09279335863446], [0.31398697895125, 53.09171495973122], [0.309759346935301, 53.091976934062956], [0.309422889500995, 53.09464661717606], [0.30459483015489, 53.0930984679103], [0.309818136321993, 53.09176451416141], [0.30575228999933, 53.09142078320389], [0.305041383911417, 53.09292976607463], [0.297048633272444, 53.09471352438386], [0.305491129705332, 53.09137007823925], [0.302244881667901, 53.09149409797219], [0.298323163278151, 53.09326470937858], [0.295029690199928, 53.093655556640606], [0.298368906981794, 53.09280532613325], [0.297550772287138, 53.09244797482233], [0.297416017228498, 53.09162879459582], [0.29296886417828, 53.09231428629336], [0.290674145502787, 53.09174078395616], [0.311103375937763, 53.09116591451852], [0.299887901082395, 53.087822775247275], [0.298128433431996, 53.089246792872416], [0.295046152018021, 53.09026022596962], [0.290953774345329, 53.090340899949325], [0.288502459435101, 53.08948718886426], [0.287225021232448, 53.08989925818424], [0.288422034311932, 53.08935118608853], [0.294853781234302, 53.09018213398001], [0.298973536981764, 53.08803825574487], [0.291653532947645, 53.08290893055786], [0.289470820117199, 53.083591123181996], [0.290390729538281, 53.08418299115465], [0.289202159889343, 53.08649139399249], [0.28731933203759, 53.08717316967003], [0.287126915266178, 53.087683058996674], [0.286105982540167, 53.08808839025358], [0.28936209153742, 53.0835122875807], [0.291725675272697, 53.082747498726334], [0.288787771007482, 53.08267818899038], [0.287052494709278, 53.08546369700462], [0.287882663893158, 53.08343555915411], [0.288803111862832, 53.08254572080108], [0.291826299692501, 53.081888718239874], [0.289236965759354, 53.08194214334808], [0.285881061863564, 53.08401438189453], [0.281929424973741, 53.08465487611693], [0.281576634862119, 53.086567753517926], [0.281777889768108, 53.08458495670311], [0.288686601828892, 53.08198242430367], [0.287258361736977, 53.0819397725587], [0.287809375506465, 53.08143375894605], [0.285183892164559, 53.08091779740891], [0.284601111515514, 53.0801197851498], [0.281920647140631, 53.080114579997684], [0.282249077039969, 53.081073015219644], [0.281707196881201, 53.082091314985625], [0.277445972058189, 53.08438924216802], [0.279166330481544, 53.08518256159323], [0.281696513450595, 53.087055449565355], [0.277281872346005, 53.08444813047684], [0.281881083205378, 53.07995889679753], [0.279613185451198, 53.07953755121769], [0.276959263172826, 53.08215620642155], [0.276050226010298, 53.082247319711946], [0.278119783797575, 53.07995728133088], [0.279599320248319, 53.079389458457214], [0.284909322675538, 53.0801030756], [0.287967254400146, 53.08137049178204], [0.287479243476357, 53.0819094520674], [0.290287696689338, 53.08142742194708], [0.282354888487722, 53.075820230911994], [0.276169433191934, 53.07692234986584], [0.272972834985816, 53.0766948812241], [0.269425384610286, 53.07973141884456], [0.268497707179332, 53.07946679473761], [0.272864925976585, 53.07660253644511], [0.28220844461624, 53.07564771507534], [0.262948052552017, 53.06398570442489], [0.259126488681542, 53.06668280526758], [0.260284244016876, 53.06407951366094], [0.255321574001405, 53.066051912576185], [0.256638954103521, 53.06370096308127], [0.252257892358054, 53.06406360726399], [0.25043350714309, 53.062766579861375], [0.262111359994484, 53.06265925012288], [0.247587448045462, 53.05511601526706], [0.242714857864226, 53.057292064373954], [0.245528617055718, 53.059888648187794], [0.242508099362573, 53.057305887627344], [0.245992261313641, 53.05454283780209], [0.241737496021599, 53.05355859252213], [0.241950955301062, 53.05511089080464], [0.240793054991406, 53.05606240114746], [0.241448566247548, 53.05664434661784], [0.240631238790957, 53.0560213675882], [0.241165470738771, 53.05314588884267], [0.239729507745961, 53.054458654296525], [0.239625352109086, 53.05337268872492], [0.23836711930448, 53.05457600089434], [0.236716637988294, 53.05356589465968], [0.239534466898603, 53.05303006695323], [0.23639580419852, 53.049532266311175], [0.22364205208714, 53.046902412487], [0.219674052269513, 53.04122499875818], [0.19396220253481, 53.032798417712435], [0.174102069830845, 53.02023333133994], [0.169176163418568, 53.02006256541341], [0.169329518343267, 53.01628447959756], [0.156266257906231, 53.0126353506768], [0.149140208544436, 53.00765215053102], [0.148038184288307, 53.002749569916034], [0.136857748865905, 52.99829735737017], [0.129701511968976, 52.99018382741457], [0.107606639616708, 52.97586319676114], [0.108591258560576, 52.973753585040946], [0.100409430658514, 52.96968982977146], [0.094053987308131, 52.96033910121562], [0.0863926685116, 52.958191975446105], [0.093504241952473, 52.956912469690046], [0.086599740698143, 52.95380349197391], [0.07612749350617952, 52.93651182237621], [0.06938749717361062, 52.93144882425221], [0.051373083445551, 52.93145428393811], [0.025366502928456, 52.939476140448754], [-0.00892267378014, 52.96693794382137], [-0.013020087624711, 52.96835063479244], [-0.024966070993857, 52.967181359670775], [-0.021722170568485, 52.97316106036001], [-0.023407776315523, 52.97646440740955], [-0.029706200738762, 52.98148504806231], [-0.022209035860842, 52.97322938228262], [-0.026087390539377, 52.96656075689003], [-0.010225948254858, 52.966770964213914], [0.023039873145998, 52.93956071612833], [0.05030729051919, 52.93062753315811], [0.0678221406644434, 52.930272948676276], [0.051885917149414, 52.91886094131055], [0.04102135934289, 52.93024978188855], [0.048748578890575, 52.917754375955774], [0.040607731285277, 52.92313345735579], [0.036856292427901, 52.924379222462775], [0.032759556793665, 52.92400616117401], [0.033119699175842, 52.92559586093393], [0.032411612924408, 52.92664552397511], [0.031594451821753, 52.92473096785905], [0.033208525215943, 52.92361725999377], [0.038411575630122, 52.923126206426105], [0.029605770500093, 52.92140059405961], [0.041051919560903, 52.92233015376539], [0.045574926378132, 52.915684530199854], [0.039605192140626, 52.90965275401806], [0.035824565583231, 52.91332920610382], [0.037745807063197, 52.909360051809074], [0.035532658697004, 52.906119952878505], [0.030507560816658, 52.90640016196088], [0.031937001182031, 52.90418375679272], [0.025081281906183, 52.904457285498154], [0.020850724230501, 52.90410497257645], [0.032282753585076, 52.90359611116056], [0.021892042347033, 52.900856824586405], [0.027593630249074, 52.90007994482338], [0.02571407071542726, 52.898641910818434], [0.00499551436067, 52.89439298304349], [0.009744939483333, 52.89341992200037], [-0.028673289697785, 52.87590514787276], [-0.069896460944714, 52.86436667024603], [-0.090868002513521, 52.85332076979689], [-0.101060120241997, 52.84589245984151], [-0.09728955004207, 52.847187908489424], [-0.097124433799902, 52.84423989541284], [-0.123892322154417, 52.81487069691394], [-0.135183358639209, 52.79968707472866], [-0.132647379459165, 52.79953391493337], [-0.123993973841024, 52.81406133840464], [-0.096740760544282, 52.84367540606303], [-0.095204192703448, 52.84889236094721], [-0.068959959156589, 52.864145538434016], [-0.036994726531803, 52.87239005552732], [0.021235982876613466, 52.89527802911757], [-0.00029432578836718903, 52.879104739548666], [0.08682935976046835, 52.89003862623643], [0.16565555144751087, 52.86051713217946], [0.21366559540642915, 52.81785881773052], [0.199836458981476, 52.77504597302022], [0.171211900452921, 52.73820303767583], [0.132960828877745, 52.73928483348786]], [[-0.432936719887153, 52.39631328827303], [-0.437014953430641, 52.38817113957757], [-0.443778411876713, 52.38384128577608], [-0.454954518475772, 52.385686327799796]], [[-0.586344699011816, 52.27290016895513], [-0.602041246929334, 52.278508559191835], [-0.620072259564999, 52.27690894162041], [-0.631428291949026, 52.27003358853795], [-0.646915463957942, 52.2711660041505], [-0.653671420500331, 52.26827531022237]], [[-0.701689032596695, 52.19329563111539], [-0.729277874238507, 52.179461274569], [-0.738967866599287, 52.17116584474368], [-0.749752814059242, 52.16686517705129]], [[-0.828221717427334, 52.132597905340944], [-0.832057064995503, 52.13124773624451], [-0.869000313064971, 52.13061336982672]], [[-0.867751894963948, 52.04620930526515], [-0.872084447248632, 52.03623299766409], [-0.880311673458982, 52.028682549540335], [-0.890064491053673, 52.03156923651918], [-0.90832893983102, 52.02219134745157], [-0.930225532329734, 52.04311556720925]], [[-1.306444591618662, 52.1455403957011], [-1.330883913061282, 52.16821647586985], [-1.334019231585362, 52.15906740379253]], [[0.08958404719441146, 53.491694691584186], [0.087747204851413, 53.49169158163251], [0.08466851373689925, 53.49312417875336], [0.08958404719441146, 53.491694691584186]], [[0.1149806726891587, 53.48430909435475], [0.113651345141406, 53.48430689647937], [0.11211632996137919, 53.48514207437876], [0.1149806726891587, 53.48430909435475]], [[0.172042332669717, 52.737863269363864], [0.195381230880374, 52.76559147897548], [0.203229478582616, 52.77946245615566], [0.2153702068482152, 52.81634422109821], [0.23825862273820775, 52.796007200721625], [0.2554657003362987, 52.793908418394295], [0.245069485794683, 52.78450339977902]], [[-0.775765453617025, 53.379053627932336], [-0.780564301555957, 53.38252041913749], [-0.775651502633408, 53.37935808117446], [-0.775765453617025, 53.379053627932336]], [[0.104887330178041, 53.48654193531498], [0.10351466358854, 53.48649150338671], [0.10459478666538632, 53.48732941573793], [0.104887330178041, 53.48654193531498]], [[-0.797951486757312, 53.455314271302605], [-0.871916462435208, 53.46629001786327], [-0.873732974165881, 53.461457608479556], [-0.916246223140644, 53.46027494685104], [-0.920243980102118, 53.46548695960163], [-0.900467621829412, 53.47513519023124], [-0.935561269046269, 53.50249587369089], [-0.953256093038144, 53.48440290443209], [-0.985976230810137, 53.47165292675742], [-0.983295486424258, 53.46802110588658], [-0.985545852418261, 53.461333663564034], [-0.9936444043795, 53.45293817557202], [-0.991176884388923, 53.45170297797481], [-0.997516774669696, 53.4436348776151], [-0.998482045749708, 53.43882403781491], [-0.995668463196246, 53.43690647586469], [-1.012456979054931, 53.43277578412104], [-1.014345844242578, 53.42627533211523], [-1.030514624585921, 53.425175255863216], [-1.03094899534863, 53.43095952929415], [-1.05576613448387, 53.425293915427815], [-1.080438948868902, 53.42684815066699], [-1.079122530273582, 53.42278948401388], [-1.087045570808708, 53.42552444531551], [-1.098736902058728, 53.418715156432036], [-1.108226481039674, 53.405862195356164], [-1.115956380192483, 53.407329116650004], [-1.115578906286997, 53.39716621723721], [-1.122810720461739, 53.398292804964385], [-1.134692298555666, 53.38975107042685], [-1.131310421939984, 53.38953686793947], [-1.13304647567784, 53.38157543931713], [-1.130536709511308, 53.375551721127295], [-1.146032619214462, 53.36902164891017], [-1.146416853819769, 53.36393309608074], [-1.140553967147921, 53.36404026316151], [-1.138539392400581, 53.3558880675564], [-1.162622728287337, 53.356716507205654], [-1.162419687488219, 53.351590540422485], [-1.156843387689005, 53.344949824182905], [-1.141551519375283, 53.34677791949584], [-1.138717910305134, 53.34136326125977], [-1.145416155411919, 53.340709381895394], [-1.175111428267483, 53.32565688529578], [-1.172037414766875, 53.32274294801208], [-1.174482479562439, 53.3213702095468], [-1.19241671636555, 53.31896882816531], [-1.203240338506285, 53.3042017133998], [-1.219879191830827, 53.30405637115382], [-1.230688817657863, 53.308538346798066], [-1.243330604539935, 53.30162757491234], [-1.254294791699738, 53.301733452919756], [-1.273597641123061, 53.31041894604541], [-1.282011314340639, 53.309441521532385], [-1.295677693023633, 53.31501609258444], [-1.295158149773233, 53.321770836502346], [-1.288588460105468, 53.32620744020907], [-1.305972557236059, 53.33374985201728], [-1.312298743733444, 53.33414511219312], [-1.308788535655962, 53.33215087974395], [-1.314957562467691, 53.326501896433726], [-1.321612096536899, 53.32548063933174], [-1.328299654078148, 53.32895528340705], [-1.337667745404123, 53.31585064482389], [-1.353472847899706, 53.31908969135971], [-1.361777476453911, 53.31846653989981], [-1.362622967720173, 53.31501662739029], [-1.386740009873079, 53.317613127844076], [-1.392005174552551, 53.32262977924248], [-1.390725675425624, 53.331621930168204], [-1.386573809288476, 53.33486540606901], [-1.411034830556837, 53.34197375145761], [-1.420868033267183, 53.334549502444766], [-1.442137333589601, 53.337366299125655], [-1.45080520339977, 53.331552071738194], [-1.459881448165099, 53.33067124392626], [-1.456638069244243, 53.32937203659567], [-1.46170245869949, 53.328430494679814], [-1.454308331855299, 53.324262053429536], [-1.455224808801753, 53.32185095486761], [-1.467866789070074, 53.317140351317384], [-1.479599871459679, 53.319311641544594], [-1.502133005527603, 53.31756414039382], [-1.531215957503464, 53.31063382133778], [-1.533116243634504, 53.30620707862161], [-1.53923628719193, 53.30451489044176], [-1.561828135333964, 53.30658469285801], [-1.555752953759099, 53.31153123254103], [-1.561366043101554, 53.31580367411789], [-1.58053508618965, 53.311720644749], [-1.58300579906135, 53.31570503107152], [-1.578925441978624, 53.31667768711122], [-1.584903203172866, 53.32157053269279], [-1.599094412337416, 53.31130082988222], [-1.601526268969711, 53.31818804896211], [-1.609202764131401, 53.32264666265246], [-1.628233141378077, 53.316382090513166], [-1.632728174320163, 53.32082206044167], [-1.612304340872219, 53.34320139330517], [-1.590549204934196, 53.345903626539645], [-1.625605108078422, 53.352044693187274], [-1.63059336285527, 53.356143761233184], [-1.663951785658868, 53.36687585808335], [-1.663292700910225, 53.374231205288275], [-1.653531403273697, 53.384835034462384], [-1.654717671621405, 53.393010060398005], [-1.668090100523488, 53.393054237743044], [-1.681829515796314, 53.40176379655298], [-1.694522075105573, 53.401144344254895], [-1.704966109917408, 53.40503926456649], [-1.703234750056431, 53.41370537682067], [-1.708532837586981, 53.417322813351625], [-1.718319924354847, 53.41941005980135], [-1.729951750439576, 53.41596909376864], [-1.746719623270157, 53.426148481063045], [-1.744273509160331, 53.43128022960474], [-1.749728658205683, 53.43910281338764], [-1.743674787018794, 53.44499721906462], [-1.748166950881593, 53.45731382866951], [-1.745264085067319, 53.46197539734014], [-1.752154276414413, 53.46490753257609], [-1.768437960782525, 53.46475051740434], [-1.77620063252058, 53.46830945973684], [-1.779063823108379, 53.47420489314558], [-1.801471551395462, 53.480975652878975], [-1.800263895167636, 53.493339040984715], [-1.795001677853787, 53.49590262159177], [-1.796289003621707, 53.50313689342041], [-1.810399740508707, 53.50632401435033], [-1.800779405109489, 53.51136258120195], [-1.819524667104669, 53.51341196638051], [-1.822748057170187, 53.52189735882142], [-1.827151851768861, 53.52349203803376], [-1.841821807298503, 53.519892687740544], [-1.873493734099204, 53.540413888992454], [-1.894110922921482, 53.533595542485244]], [[-1.894110922921482, 53.533595542485244], [-1.89932336853359, 53.538096012134304], [-1.90962228236477, 53.53837475127308]], [[-2.00947197678857, 53.616764622373566], [-2.023037136653244, 53.61582439880814], [-2.030887867239419, 53.629224927002625]], [[-2.040527339603186, 53.650902450056144], [-2.035709906785793, 53.65931244490354], [-2.052918105921997, 53.67030122524912], [-2.054857945563998, 53.675647404558426], [-2.048902000577971, 53.68021146363794]], [[-2.083167314556705, 53.67805963368245], [-2.086264045846133, 53.67111500191492], [-2.092906671826948, 53.67014559147699], [-2.097039855740491, 53.67261045942985], [-2.118085048675888, 53.67122978224864]], [[-2.134127104424173, 53.685718799092555], [-2.142257684302396, 53.67799042342926], [-2.14464098774143, 53.67946432300954], [-2.148176624384055, 53.686104917826746]], [[-2.089912357801159, 53.86816795215295], [-2.082690756116517, 53.87368540944091], [-2.082454954065163, 53.87754044184366], [-2.103016197080668, 53.89092716397896]], [[-2.124346855520244, 53.92318659106262], [-2.13997490502858, 53.92831126901268]], [[-2.162072213360843, 53.93261013601271], [-2.171676052614518, 53.9376739572557], [-2.175941993443103, 53.93424614757374], [-2.182278556727671, 53.93537630475583]], [[-2.432732016750964, 54.041580972476396], [-2.458772952822671, 54.04048314190937], [-2.469547928341171, 54.046199959746254]], [[-2.563327522252811, 54.122694557950545], [-2.564736340792745, 54.12705503999042], [-2.5613867540369, 54.12988832133922], [-2.563408614566707, 54.14039434289886]], [[-2.335763456908285, 54.34042404956635], [-2.359669975333349, 54.350256296559955], [-2.367708026131015, 54.3560602379085]], [[-2.503700014852456, 55.0907462219924], [-2.532250278452605, 55.08275649042688], [-2.545759257504786, 55.08377320404917], [-2.550831003635003, 55.08087655365898], [-2.562129611922657, 55.083457888285004], [-2.558287917019943, 55.08880615551947]], [[-2.598896137011418, 55.124572245037776], [-2.621266791769665, 55.129212990950876], [-2.63263271239668, 55.12775353888171], [-2.656933766165026, 55.13612851351341]], [[-2.6892648876691534, 55.188509291443246], [-2.6612980714699788, 55.22022504666564], [-2.631408358472901, 55.22369530889488], [-2.635731827047664, 55.22957312207815], [-2.630159073995136, 55.24485221794699], [-2.611460520710397, 55.24721168056617], [-2.627866161386075, 55.25066549733792], [-2.6322313608792345, 55.253188136623784], [-2.630599879977039, 55.25503831680073], [-2.5297933778971173, 55.322589086725266], [-2.51803604991667, 55.324439875379426], [-2.496802791455612, 55.34469618764043], [-2.439386518367456, 55.35945842374304], [-2.429223945290432, 55.356433125572146], [-2.411280721354193, 55.358064658238646], [-2.401171123363024, 55.35352039500268], [-2.399137613023762, 55.348157708422335], [-2.378904972928181, 55.34916749481285], [-2.372759944923551, 55.35507377971226], [-2.337552454819872, 55.367185059724996], [-2.346226154171049, 55.373059438892746], [-2.330013452205086, 55.38123993412181], [-2.33471427060008, 55.3831249332504], [-2.335523844664462, 55.39239912274134], [-2.2084648797582735, 55.42998050380503], [-2.1943373477173, 55.44511703444673], [-2.183690583624186, 55.464207752016364], [-2.165513322694247, 55.46838107417237], [-2.1919973619119983, 55.47445730176254], [-2.226901375655541, 55.51752459124714], [-2.224276079471869, 55.522787716019366], [-2.227595081633381, 55.52840825152417], [-2.233251291299114, 55.529875934504666], [-2.232241570798522, 55.54483017872411], [-2.240761798046891, 55.552684012097174], [-2.240299525379998, 55.555627624223966], [-2.259860381471896, 55.56369337362874], [-2.2738076439199, 55.575401196752345], [-2.278878381632192, 55.642754563290495], [-2.257901633678959, 55.644667566147156], [-2.2475984183198, 55.63984373552823], [-2.234705195169464, 55.64094554813266], [-2.232023507510094, 55.645219104799544], [-2.2472222709286584, 55.65029622820298], [-2.2385432950072763, 55.651938403566724], [-2.218255586314037, 55.66443282725788], [-2.0881512187622615, 55.757997104438076], [-2.087320242821495, 55.76161062074338], [-2.05529434332824, 55.7572054635144], [-2.046025036579511, 55.75799010975765], [-2.038128663086806, 55.76012587684448], [-2.029616363005599, 55.77067306519617], [-2.023091505874118, 55.77175805720706], [-2.028390450248375, 55.76824110820679], [-2.013411172966163, 55.7712617411457], [-2.00373176657712, 55.7617715685518], [-1.992559474142866, 55.76137610778614], [-1.971653605053442, 55.74172639205891], [-1.963210500282463, 55.73828288917608], [-1.960761291415839, 55.7332693702225], [-1.919203883385211, 55.711985940455776], [-1.911997236890888, 55.70496182383864], [-1.8945453928809972, 55.69812253093036], [-1.880198964925331, 55.685304290158626], [-1.885615158670058, 55.68395538160302], [-1.8782377001894655, 55.6842812852977], [-1.8730110428257718, 55.679845130546866], [-1.874064011804859, 55.67556454743184], [-1.866172007333916, 55.665928611979716], [-1.869697670221756, 55.66648768543223], [-1.870012657127403, 55.665916574141214], [-1.845431733262858, 55.650974501603756], [-1.841037233660578, 55.64566133124204], [-1.846698989920955, 55.64670630505058], [-1.844972113280537, 55.645038324664434], [-1.8195198549866838, 55.6344441848663], [-1.7687460415329959, 55.61979206549886], [-1.786312154249672, 55.615982763405135], [-1.775024282640973, 55.61204592233899], [-1.769086395119051, 55.60485746075074], [-1.770775172618984, 55.60348587683291], [-1.76413326986361, 55.60451379476568], [-1.75819142645113, 55.611657229291204], [-1.7497875002651972, 55.6143210797526], [-1.670649758066958, 55.5914838026941], [-1.66481191284645, 55.586111765726685], [-1.648994801344802, 55.583828388167056], [-1.652846692287446, 55.58290218748554], [-1.639408991891772, 55.578232365325775], [-1.639639945055022, 55.576740566193365], [-1.64384120204094, 55.576238883452596], [-1.647673663401369, 55.57262615705], [-1.650073906505327, 55.57254229510387], [-1.651480420361027, 55.572200340418476], [-1.652255448949652, 55.57172002912008], [-1.652143745037879, 55.571257867463835], [-1.64760253435376, 55.57242646554036], [-1.645644054731471, 55.574178365780085], [-1.633253249656252, 55.559666506314244], [-1.626500979493204, 55.55767653807417], [-1.628120630116905, 55.5543730384193], [-1.618806820583731, 55.55217805709023], [-1.632362807897052, 55.55026243079377], [-1.638094464648116, 55.54090771931748], [-1.62618965849907, 55.5278197504484], [-1.618471614160643, 55.52638613884705], [-1.619015439041603, 55.52256004398047], [-1.610575173655835, 55.52171854581297], [-1.618684608570512, 55.51450355583854], [-1.613599153921297, 55.50939105753395], [-1.61706955825241, 55.50306091790216], [-1.614256758476157, 55.49815409336855], [-1.595471702592548, 55.4912717560501], [-1.591115587251065, 55.49240832662687], [-1.593350272014431, 55.47304299888596], [-1.588590158138365, 55.46196768177189], [-1.593027936588814, 55.457027877190136], [-1.586313400756168, 55.446645010391585], [-1.593328689729903, 55.440233938574735], [-1.5872994017882, 55.43425633057765], [-1.575340783344028, 55.430879083573075], [-1.580321291869025, 55.424502999980554], [-1.5796798753327932, 55.41233178862391], [-1.609659994313177, 55.38566082480279], [-1.621258154816078, 55.388304027899], [-1.617348451904134, 55.38925422987867], [-1.618507339891937, 55.39480557776228], [-1.614276382512024, 55.39365564339277], [-1.609474119275951, 55.394592886242144], [-1.609290309220996, 55.39594912287819], [-1.611869042927927, 55.39782364482338], [-1.61839080227032, 55.3997005864104], [-1.619649971163292, 55.3996227431483], [-1.622206623173243, 55.398266625712736], [-1.625395075997075, 55.397700462100005], [-1.62275770041962, 55.397931392706646], [-1.61823990737599, 55.39946649516895], [-1.609637245927567, 55.39551173295487], [-1.618574195350254, 55.395245175534605], [-1.619623204260288, 55.3940210060132], [-1.617813221627618, 55.39049748996484], [-1.623575245964336, 55.39181197707776], [-1.621391565453139, 55.390531063663346], [-1.623455237360613, 55.389489715338435], [-1.614629320991229, 55.37992666461181], [-1.613773363458907, 55.384361079370336], [-1.60847105615103, 55.38394437688924], [-1.60143790663304, 55.361480831400556], [-1.5832385418975299, 55.34071039819948], [-1.5823680812631586, 55.33829323123458], [-1.591705242887892, 55.34137106791705], [-1.595744395604119, 55.34635181450496], [-1.592423257860869, 55.33961943945011], [-1.607960593810707, 55.344558448110476], [-1.607449150164088, 55.348289509684676], [-1.61003357350422, 55.349904409219576], [-1.612581065022951, 55.34984240873603], [-1.614115292677035, 55.34921017457633], [-1.613445511339309, 55.34559759011078], [-1.616464222229708, 55.34422239769403], [-1.622659120454435, 55.34789166520378], [-1.62710801532438, 55.348687075344834], [-1.616379657642588, 55.34399750859291], [-1.613131404982644, 55.34530815238949], [-1.613393001368621, 55.349210598892164], [-1.610203588426237, 55.34945476513407], [-1.60897003720998, 55.34436490827329], [-1.581714670335048, 55.336478785816176], [-1.5669796872074615, 55.29556146797552], [-1.573121028066968, 55.27534474678265], [-1.571188144433082, 55.27651063519121], [-1.561660415832866, 55.25604569830361], [-1.5474452345969176, 55.241316586974435], [-1.521315418615136, 55.168757156374014], [-1.525063470612879, 55.16262664344546], [-1.540074172782128, 55.161614811142485], [-1.524920623307709, 55.16050896341403], [-1.521129790768327, 55.14967134478593], [-1.5051546295420368, 55.131391400289246], [-1.515537463981946, 55.13620345303867], [-1.521926081202401, 55.14356939170967], [-1.521997987691015, 55.140702216291636], [-1.533154798804975, 55.13908929868945], [-1.54147506531652, 55.1433290164692], [-1.551898629822754, 55.143029888760196], [-1.552358699995196, 55.144538540579084], [-1.55812942348824, 55.146917507773615], [-1.55214220492415, 55.14285466281184], [-1.541800056426802, 55.142349869605425], [-1.533967186236666, 55.13762227501927], [-1.564467851330097, 55.13425472132475], [-1.566901998238494, 55.13354181013981], [-1.568646910731931, 55.13084950051202], [-1.565123613654142, 55.13381133058602], [-1.542483932157528, 55.13398822690375], [-1.543824098990531, 55.132277807374265], [-1.527759607674517, 55.137141024703126], [-1.5040481627425584, 55.12919993925654], [-1.4974084626037023, 55.11604939182932], [-1.497738463721547, 55.10811730124093], [-1.478071499546911, 55.07839390182952], [-1.4171682453635077, 55.01426476904194], [-1.429826758488392, 55.01322066282227], [-1.432826531838954, 55.00919267720611], [-1.442875522786867, 55.006508121160685], [-1.446381792357444, 54.99792153076807], [-1.451019996324598, 54.996302543561114], [-1.447414640249795, 54.99590611480341], [-1.448702488822941, 54.99306150446706], [-1.456496636670681, 54.98858181811331], [-1.471801423694436, 54.989154238932365], [-1.470260780447889, 54.991032861624745], [-1.501768591656518, 54.9885194440184], [-1.504765330918877, 54.99251350609815], [-1.507606512674303, 54.993680667976825], [-1.514499209394856, 54.99589740395678], [-1.51778094025994, 54.99635167185908], [-1.50479487820092, 54.992270087481955], [-1.502656912230392, 54.988720790180764], [-1.530888913253589, 54.98483217567608], [-1.53750028948988, 54.964450505545734], [-1.551612162930057, 54.9600514986685], [-1.567207366141698, 54.9651223202118], [-1.580646878721611, 54.96607072441996], [-1.588036250322379, 54.97080833699203], [-1.588490358094281, 54.97207964979786], [-1.589509003919188, 54.97237694459356], [-1.590159826794154, 54.97334964845799], [-1.591277227644806, 54.973772167961855], [-1.591652968841943, 54.974620826686056], [-1.590778252190281, 54.97506721038676], [-1.591106962123042, 54.975775520947565], [-1.592804648376498, 54.976290742071896], [-1.591024458289348, 54.97558833397388], [-1.591813494344575, 54.974656415334145], [-1.591645000124974, 54.97371230154535], [-1.588421365576902, 54.97057692271737], [-1.596807636959118, 54.97094825400891], [-1.60816622328419, 54.96800910382973], [-1.625937673957278, 54.96053093015639], [-1.639441862931272, 54.960343424611715], [-1.683705149284235, 54.96587622582065], [-1.693478725828331, 54.969680861318686], [-1.706783269503087, 54.97389492534177], [-1.709795736780949, 54.97447546799075], [-1.712586280264696, 54.97398604095645], [-1.702562927441152, 54.9712571200789], [-1.71099471627598, 54.9676191182986], [-1.720223574262596, 54.96819512972009], [-1.725426549997943, 54.9704894896851], [-1.726096439858855, 54.97534266303608], [-1.75067420624692, 54.98314697231043], [-1.766641245682797, 54.981155822324006], [-1.784758035868574, 54.98384282390802], [-1.772530760207672, 54.98051545397551], [-1.75047459116122, 54.98182559702186], [-1.728479871274028, 54.97497865594663], [-1.72686150569237, 54.969652491726166], [-1.7188885218065, 54.96678482468643], [-1.709750788620317, 54.96619094818555], [-1.701457887227177, 54.97028388982034], [-1.679874850722119, 54.9635810250008], [-1.686739512247731, 54.95909767089977], [-1.684983713282668, 54.95676479245944], [-1.689438294594976, 54.95643387341658], [-1.691817440341915, 54.95569944128106], [-1.696488334484465, 54.952741217356106], [-1.698854861816085, 54.9503019383769], [-1.699334999442661, 54.94872692488206], [-1.696465292604133, 54.95247607046502], [-1.684023065751236, 54.957009429409474], [-1.68628029253915, 54.95890867669426], [-1.676304668246697, 54.963953499572256], [-1.637381188572328, 54.9578265325059], [-1.638277679350077, 54.956067892077904], [-1.636903205671815, 54.95541320243067], [-1.635014222803331, 54.95536711819169], [-1.635223631143782, 54.95362622097794], [-1.634706626410412, 54.9531232186971], [-1.633192771740126, 54.95287334069921], [-1.63563399571688, 54.95279082692778], [-1.635905692264816, 54.95192174230038], [-1.634539134805571, 54.95127781518988], [-1.633709365792705, 54.951522448132884], [-1.633521230686019, 54.95041297182662], [-1.631963525066083, 54.94957229059207], [-1.629803514398508, 54.94890818435209], [-1.627921086288695, 54.94783937640826], [-1.633633541018186, 54.951618380343724], [-1.635671549049065, 54.95191745274297], [-1.635585478324709, 54.9526325000025], [-1.63332162369555, 54.952267154359305], [-1.632985201115789, 54.95303536863978], [-1.634606505765819, 54.95331880936045], [-1.634535352137353, 54.9553099539658], [-1.637713124690301, 54.9570331536543], [-1.619546292743929, 54.96062523967578], [-1.598130250096809, 54.96943302848281], [-1.588041960950952, 54.96918185672161], [-1.58040445716442, 54.96415129880183], [-1.568242336500444, 54.963867020594655], [-1.554005191966777, 54.958173169774405], [-1.538213886654517, 54.960648417567526], [-1.53391773855642, 54.96455186120897], [-1.530067928874384, 54.98060724448094], [-1.519266208063349, 54.985461696815435], [-1.472291624731949, 54.986215156810054], [-1.472565780760453, 54.984376833148794], [-1.469469504150035, 54.98086861001218], [-1.476546608510202, 54.97866525250707], [-1.480428744682218, 54.9749489738403], [-1.470286027288751, 54.97985131679683], [-1.456459997494034, 54.97717264214396], [-1.469716727028114, 54.98001059006581], [-1.469278334730777, 54.981149044390214], [-1.472229611430195, 54.98462789656049], [-1.471806724661773, 54.9861312662853], [-1.449590812742259, 54.98434070981025], [-1.439856821043335, 54.9976086271763], [-1.438733776500001, 55.00471792091999], [-1.423816338753771, 55.008151971940656], [-1.418644501001649, 55.00325499376054], [-1.4109481819801926, 55.007569615285014], [-1.414485909607019, 55.00411302341187], [-1.410880787467384, 54.998875490810185], [-1.395677824285146, 54.991132902925166], [-1.3818270537770543, 54.976224206262636], [-1.3668569894894453, 54.938427148667024], [-1.367062380329734, 54.92851760349238], [-1.3608074292636687, 54.923152960668304], [-1.363397527345049, 54.922734574239676], [-1.362908053504892, 54.91875282349589], [-1.359863971787726, 54.91877727024339], [-1.365877381811379, 54.917335884963194], [-1.367485047942919, 54.91977330944544], [-1.370979406664773, 54.91169013142367], [-1.383002471491954, 54.91016471895734], [-1.390550597003407, 54.912000094256236], [-1.392128123316112, 54.916520990742264], [-1.395807440832403, 54.91792413738931], [-1.40586703137822, 54.914200303534436], [-1.413870813421398, 54.91743380937153], [-1.427610340435596, 54.91796926678848], [-1.451896167465618, 54.908874570212355], [-1.459617255937065, 54.90347950297166], [-1.461673833357289, 54.89859912197796], [-1.466696044943371, 54.903700396119746], [-1.473457748583518, 54.90360585958403], [-1.481232574842375, 54.895906460502125], [-1.493921295085391, 54.891067716707404], [-1.501254962801629, 54.88715028377414], [-1.506584716643126, 54.88102531639014], [-1.511560743071231, 54.881465968469286], [-1.518241901733075, 54.87891711609446], [-1.51994864057451, 54.8760185576598], [-1.519122056314897, 54.87240543553916], [-1.527161628906506, 54.871175274782914], [-1.535380399071282, 54.86625273119831], [-1.542772742438098, 54.86575775464995], [-1.535134415133408, 54.86596243886216], [-1.519010068952225, 54.87199520334431], [-1.518179750302747, 54.8781143991647], [-1.506322940078205, 54.88063423089736], [-1.500750611373544, 54.886838175920374], [-1.480743069947121, 54.8954154995223], [-1.472325389542125, 54.903260362248965], [-1.46689983883006, 54.90314951332152], [-1.464029097854757, 54.89878116594134], [-1.46078154150071, 54.898275246973974], [-1.458298291301563, 54.903570715779566], [-1.449329107817807, 54.90909214042776], [-1.421455757362037, 54.91645648483539], [-1.407468504808302, 54.91285744944249], [-1.395301525368554, 54.916602406426456], [-1.392024267469199, 54.91150870727898], [-1.382096563218372, 54.90933157608599], [-1.372058329022229, 54.90961443173955], [-1.361170714157144, 54.917288334662466], [-1.3533852400981987, 54.90441310050585], [-1.361626512458292, 54.89828927137449], [-1.354045149720942, 54.87996078437185], [-1.35556617887962, 54.87557711630412], [-1.347484955333803, 54.86481035238181], [-1.345438168485109, 54.85496627459596], [-1.3275912729679846, 54.839287390788826], [-1.329332329127803, 54.83795305406558], [-1.3268871755807683, 54.837509655637774], [-1.3108436811423536, 54.7970023557576], [-1.309809979809117, 54.782571306277426], [-1.2978149284263916, 54.76410680451993], [-1.1975909481546125, 54.67743684541553], [-1.18478601116162, 54.66067901395838], [-1.164746440095374, 54.64759410861202], [-1.1595006080823989, 54.647733487787136], [-1.168784458716933, 54.644277806524144], [-1.161784437353175, 54.635411540391665], [-1.166374449898891, 54.63725229572808], [-1.165910377405387, 54.633882551895496], [-1.160444855847931, 54.63508051967632], [-1.16474777889228, 54.632103233107664], [-1.188595654078913, 54.63270115627781], [-1.200687259661927, 54.62303514095214], [-1.212289372440041, 54.6220650553678], [-1.220600810860742, 54.62534428255601], [-1.223619673795707, 54.62403356909878], [-1.224415449790434, 54.62535524696535], [-1.222290246638493, 54.625769408014314], [-1.223062321634571, 54.626546337481244], [-1.227393850574808, 54.6269919334989], [-1.229158691048269, 54.626305798310646], [-1.229605146917384, 54.62513673399824], [-1.230124633971405, 54.62642067964312], [-1.232023581605221, 54.625844995620916], [-1.23309282290415, 54.63109027323], [-1.235935146465346, 54.63366592585636], [-1.238286870193775, 54.632750585993406], [-1.233655298084653, 54.63009175532341], [-1.23899091015847, 54.62798021395008], [-1.237424570547676, 54.62650550344355], [-1.238889159737817, 54.62645809930545], [-1.240372418727874, 54.62549588461411], [-1.240645982402355, 54.62477596396393], [-1.241626818396553, 54.62525392865336], [-1.24565557053526, 54.626083413374296], [-1.24736756816247, 54.6259754396391], [-1.250428099885475, 54.625304216668546], [-1.253817575019206, 54.62747572740086], [-1.250769018622566, 54.625297325471585], [-1.240594387160434, 54.62463723251805], [-1.237184185148231, 54.62643925848564], [-1.238740616147682, 54.62794540137948], [-1.234108944177498, 54.62878523316612], [-1.232179226870213, 54.6255574602986], [-1.229257006990352, 54.62495657667754], [-1.226889742275014, 54.62670474149046], [-1.223938984220734, 54.62361501618882], [-1.215199582858403, 54.62230053941909], [-1.217493882585732, 54.62073546563034], [-1.173545073772521, 54.62149326015211], [-1.169019573312618, 54.626208340650244], [-1.170851674667197, 54.62972493576528], [-1.164832051135762, 54.62821601050973], [-1.17215179964315, 54.62146578225075], [-1.167225958708562, 54.61975951436879], [-1.162030553332727, 54.6226067492312], [-1.159255606231333, 54.612892296396595], [-1.165667197809707, 54.610165929445074], [-1.167418830069222, 54.60477315928304], [-1.204441310261691, 54.58262002344677], [-1.230489621171185, 54.5856399647624], [-1.245374348298428, 54.59381296397363], [-1.244995517532284, 54.591616898479806], [-1.252504293544854, 54.592385122306624], [-1.258566947646901, 54.58885366190618], [-1.262214382087626, 54.57291946980129], [-1.26420657759551, 54.576111207509406], [-1.267920569917699, 54.57820164557158], [-1.283179368121723, 54.58463774733916], [-1.285774858163027, 54.58362768443347], [-1.286975182765927, 54.58409041167769], [-1.287247018091828, 54.584827150586186], [-1.28838667297148, 54.58531285366435], [-1.294769130237628, 54.58658860015088], [-1.296329299022808, 54.58665609543562], [-1.297972054333398, 54.58794807924436], [-1.297664356566823, 54.58946867525737], [-1.298814760771596, 54.590241023074796], [-1.298127563191724, 54.58790762389704], [-1.296405075266851, 54.58656756425814], [-1.267908478731306, 54.57783848866351], [-1.262205996398541, 54.57201354854704], [-1.288517359300823, 54.56457248698327], [-1.308176717290059, 54.56588171125219], [-1.310640246024946, 54.563049570856975], [-1.307673775317886, 54.55767997557701], [-1.311277081012455, 54.55462606937348], [-1.31173398654443, 54.550076744282414], [-1.308766357435871, 54.54701591898547], [-1.311915046375966, 54.54280634635449], [-1.308100406034896, 54.538954306265765], [-1.31592909729351, 54.54069198746358], [-1.317369579903946, 54.540325349018055], [-1.317500808712981, 54.53838758759504], [-1.311853564569986, 54.5365384146869], [-1.314481054162926, 54.53403696530206], [-1.320868658780313, 54.53512448759049], [-1.330487087241151, 54.5324136738656], [-1.331191463661451, 54.5360231462491], [-1.335729014903595, 54.53582795411639], [-1.336360912304781, 54.533937848254], [-1.335189800951363, 54.531063663038154], [-1.338815805000118, 54.53053891172111], [-1.340698844929187, 54.52884973468309], [-1.339908551180606, 54.52688174511793], [-1.33658587144709, 54.52539509132305], [-1.33872654442812, 54.52133297299373], [-1.335725519473899, 54.517573441533294], [-1.338544060261504, 54.50738047640177], [-1.347635778125181, 54.50351145351417], [-1.352815930208861, 54.511087533518115], [-1.355702790457312, 54.51225597416196], [-1.35938371969403, 54.512342922127715], [-1.361140370431236, 54.50983763198834], [-1.358282400870724, 54.50642718423998], [-1.359755835115951, 54.50385120472957], [-1.372181834624844, 54.503894760600325], [-1.376639026311544, 54.50264615500778], [-1.378122355023215, 54.50157086415415], [-1.378703326831015, 54.49940614839996], [-1.377449493691782, 54.49605380658485], [-1.382251894247833, 54.49324480380163], [-1.383278801049747, 54.49127917874061], [-1.383076959911237, 54.487456844393506], [-1.395651600574431, 54.48587299711316], [-1.398783522478797, 54.49281764488666], [-1.402301888563068, 54.49441229627698], [-1.405403043835812, 54.494236172056794], [-1.408597248780648, 54.492639545589455], [-1.410384964486199, 54.48984969623607], [-1.408341079379366, 54.48289720454185], [-1.409930244424516, 54.48958684740836], [-1.405362107986591, 54.493971732107426], [-1.399614120569984, 54.49292782310876], [-1.39588794035171, 54.48564951972384], [-1.383165769358701, 54.48698995267359], [-1.381783788354676, 54.48814852055433], [-1.382695589826175, 54.49146044314419], [-1.376958089747369, 54.49587962642436], [-1.377859425643628, 54.50129088944538], [-1.371222175688704, 54.503636350741424], [-1.360526322453758, 54.50316597453924], [-1.358259665999661, 54.50443194104507], [-1.357692985603436, 54.50659390238992], [-1.35960429967357, 54.51137259196662], [-1.358897499245518, 54.512227115869806], [-1.353104895113649, 54.510685537988344], [-1.34808895618836, 54.50317510566635], [-1.330268848945127, 54.51013978675312], [-1.324085814484173, 54.50595606748894], [-1.315275254382476, 54.505863375160246], [-1.316401148738324, 54.502996557711086], [-1.315276610495399, 54.50218587318624], [-1.315069042630692, 54.50582535978533], [-1.317411642270291, 54.50676066513396], [-1.323851098716013, 54.506047317403834], [-1.329951608905827, 54.51027283232389], [-1.336466766612993, 54.50862636491643], [-1.334929575322236, 54.51750256970197], [-1.337906334278003, 54.52151543219379], [-1.335684079987205, 54.52517444962324], [-1.339943073543314, 54.52848028407498], [-1.334072797065732, 54.530954155939575], [-1.335428705331238, 54.53509925257839], [-1.331522452304758, 54.535535187106426], [-1.330726483985058, 54.531945842422445], [-1.313797051606211, 54.5335388088805], [-1.3107536453525, 54.53715317469863], [-1.31630111837249, 54.54016655204213], [-1.310457065245344, 54.53824250737975], [-1.308436201865571, 54.5381959316895], [-1.307148199026464, 54.539417094056404], [-1.310901171852089, 54.543075592240896], [-1.307658993732982, 54.54759554579686], [-1.310882434175044, 54.55042417922555], [-1.310199888011394, 54.55496413543706], [-1.306013275753252, 54.55857814918619], [-1.308932422055133, 54.56463683414121], [-1.287098819693579, 54.56406087215541], [-1.265839137612412, 54.5679015964634], [-1.260394495732262, 54.571681642041845], [-1.257145295940036, 54.58712573618503], [-1.252994068341557, 54.59039931195937], [-1.215324028470419, 54.58064198775843], [-1.219768844793675, 54.57886881636601], [-1.204800697963516, 54.57997568235229], [-1.203713305939969, 54.577027058394314], [-1.218714867808196, 54.57614163223243], [-1.219636155373476, 54.572614748555026], [-1.21845199337501, 54.57613187389782], [-1.208881767606568, 54.57463892442047], [-1.211205458920575, 54.5764730943647], [-1.203614091510026, 54.57695543411405], [-1.202801930587635, 54.580285186305574], [-1.202293449518453, 54.57899037759867], [-1.200235424185885, 54.57687474243057], [-1.19436981288056, 54.57432754527305], [-1.190557558566268, 54.574979734071405], [-1.199871814147836, 54.57679774226281], [-1.202459345012025, 54.58039704418758], [-1.195483703159425, 54.581940723377535], [-1.163786029757369, 54.60209875020781], [-1.151380211911853, 54.5961510620885], [-1.163476602519047, 54.60209210382023], [-1.16023912552491, 54.604527678309665], [-1.14675613780132, 54.59908254068305], [-1.157577777244197, 54.60543754972679], [-1.149114781493753, 54.6143196290777], [-1.154609840338842, 54.62749174768885], [-1.151972046011865, 54.62785795649941], [-1.152725457956427, 54.631334024398996], [-1.14604406781842, 54.62771293808689], [-1.135431883250522, 54.6296202254876], [-1.141058275748588, 54.63519806252427], [-1.1401763370292277, 54.642280005951164], [-1.11879787787321, 54.628849695141845], [-1.08811809243569, 54.62074004559695], [-1.073156677123891, 54.62132479115087], [-1.054102716563428, 54.61677291095306], [-1.025208254124107, 54.601011282628804], [-1.002399417324106, 54.593578230202596], [-0.967652663765947, 54.58577900974691], [-0.9466642465013743, 54.587669166151294], [-0.74880821468898, 54.531832427334244], [-0.744641086209017, 54.528526159635284], [-0.673366548209053, 54.51054211544142], [-0.675072795092567, 54.506032246852854], [-0.670262222649989, 54.500740520139445], [-0.621362380015854, 54.491370544249286], [-0.614220327230553, 54.49095994552138], [-0.6130792366296266, 54.49352849781346], [-0.615283446253454, 54.474528077962134], [-0.621090860727859, 54.47512204370712], [-0.623105636596654, 54.4745940335545], [-0.624807874523313, 54.47013033717324], [-0.632249385651538, 54.46904545769082], [-0.633562623436307, 54.46820916328613], [-0.620475724309922, 54.47069931909282], [-0.622672105839297, 54.47435991869484], [-0.615449180847156, 54.47377862137912], [-0.6123741368281, 54.48041766230972], [-0.607250133138598, 54.4802248274692], [-0.611339207322102, 54.481123899374026], [-0.609793488678925, 54.48346543977359], [-0.613536996619319, 54.488247679346756], [-0.609616086054748, 54.490605082668715], [-0.612183870689552, 54.49200971238492], [-0.612002653052401, 54.493075354737165], [-0.568891584588968, 54.47973277608095], [-0.556932075436925, 54.465105761173696], [-0.5435737476056532, 54.459670156470594], [-0.5234322870669086, 54.44029259136601], [-0.532698465260092, 54.43323939098108], [-0.530388276108505, 54.42425571681262], [-0.522768449433205, 54.41625964146167], [-0.50277194834979, 54.40735618569745], [-0.490860450861329, 54.40764562163261], [-0.4576936749197582, 54.37704721577293], [-0.39697272912059567, 54.27971507798737], [-0.396581674246354, 54.27438330515391], [-0.3819790434308885, 54.2556810735387], [-0.26270256916760104, 54.17477031204922], [-0.232837817277551, 54.16180723157217], [-0.20995958299734402, 54.157260615824825], [-0.07798180551263222, 54.11344643388473], [-0.104713644969116, 54.10410537223871], [-0.140596384218704, 54.10434429128697], [-0.164793216841222, 54.09955971249826], [-0.182277001612755, 54.087293674228846], [-0.186354959966879, 54.07957619515759], [-0.187180801198338, 54.081110468448365], [-0.192505815585675, 54.081698470791], [-0.186905082478253, 54.08000156955117], [-0.198410845881854, 54.077898435137], [-0.209384310921263, 54.06395239118017], [-0.214094100161606, 54.04774168278956], [-0.214991979462285, 54.0151355664078], [-0.208324165681166, 53.99757286036679], [-0.156360255535736, 53.90467334127014], [-0.12786829391344945, 53.8642479301166], [0.13794730279756137, 53.62946958054696], [0.14819633756778924, 53.60418679712038], [0.145035850731339, 53.596926865776695], [0.13067087454933654, 53.58612421983153], [0.146071368577173, 53.60104556279831], [0.14448170064396, 53.6097036863018], [0.10485758205628, 53.63242476950591], [0.071280722156189, 53.64300831811138], [0.034491117224832, 53.649187845389214], [0.019483923057792, 53.645226635841645], [0.007507346135817, 53.65213809633346], [0.000583664848249, 53.654836790786995], [0.017334685891805, 53.64489159738535], [-0.04967480677391, 53.632077057281684], [-0.054085155945179, 53.628988027343844], [-0.10290120984577028, 53.635181396117574], [-0.1687719873497173, 53.67414501389059], [-0.184044718299425, 53.686782469412755], [-0.227758538047685, 53.709081963115075], [-0.236933359335362, 53.726683636807515], [-0.231843743552472, 53.7288388832502], [-0.230332548611938, 53.73356295410803], [-0.234396986996387, 53.728213141203845], [-0.24318767143272, 53.72955499046979], [-0.245111912076425, 53.73543793691641], [-0.242763240666658, 53.73878709482226], [-0.243928401078924, 53.739678838751786], [-0.246580594599997, 53.740184222742045], [-0.247300946931602, 53.741128741165504], [-0.246644039081168, 53.740080876248776], [-0.243063648366355, 53.738891282315834], [-0.249346728907159, 53.73316985999594], [-0.286741277721361, 53.74253507242127], [-0.33128268609033, 53.73830308591774], [-0.326953524189358, 53.744610696032844], [-0.332723770766447, 53.75146262772535], [-0.329210366928767, 53.75281782012997], [-0.328530537269236, 53.75374229944593], [-0.32972560331258, 53.75642336491589], [-0.336159975997598, 53.75968960918082], [-0.332757011969908, 53.764103642549095], [-0.328519152621605, 53.76434487159814], [-0.327798215673509, 53.76496228706481], [-0.328003658425687, 53.76605371423664], [-0.330436880284184, 53.76946664918512], [-0.332146768305953, 53.770733652299], [-0.33334803266336, 53.77093912309575], [-0.336424994102285, 53.77048655520623], [-0.339036858986974, 53.770782559724914], [-0.341795117602091, 53.7752568798334], [-0.343671323854084, 53.77562889934185], [-0.347073846082965, 53.775199414921985], [-0.348111285497579, 53.77556160179671], [-0.347303534639661, 53.78055560617624], [-0.34803007393226, 53.781841189174195], [-0.351671540297142, 53.78361540867195], [-0.34796284368608, 53.785601286788236], [-0.347627629704332, 53.78636794104007], [-0.348047957141811, 53.78729870819918], [-0.350703057194893, 53.78864945018597], [-0.354679598738678, 53.78940434633248], [-0.357928479043133, 53.79114691231434], [-0.359010207327782, 53.79450925284056], [-0.364935430330013, 53.79846357798734], [-0.365184342193243, 53.803346238191715], [-0.356744830636354, 53.80558242848629], [-0.354916378338176, 53.806745719583326], [-0.353656802743675, 53.8085046671638], [-0.353514851765714, 53.81154551072747], [-0.354150005753533, 53.814408246941404], [-0.357968862948891, 53.81743415570035], [-0.363890216112458, 53.8186809649693], [-0.368956181126582, 53.824359097428676], [-0.381353014712139, 53.82729653512657], [-0.380275484429807, 53.83155626281514], [-0.380925182691581, 53.834766012467405], [-0.384602784321479, 53.83903230317248], [-0.399581561643204, 53.84363584812889], [-0.399243990036455, 53.84571138228133], [-0.396125976815881, 53.848263955359116], [-0.39301241961105, 53.85386646075277], [-0.392992430052302, 53.85565769928089], [-0.399853121571465, 53.86648572942434], [-0.398240061889619, 53.873676918626714], [-0.399156439963293, 53.87779976100468], [-0.407869985859406, 53.882410125370704], [-0.407050332760026, 53.88456107487369], [-0.401043943503732, 53.88307265364287], [-0.39498862402151, 53.885297491240614], [-0.394100450055228, 53.88810541405898], [-0.395444814179238, 53.896069573748775], [-0.38253795558188, 53.901456009870294], [-0.381420350919296, 53.9039066095772], [-0.383750765969783, 53.90978346747983], [-0.376056472185894, 53.91343341493766], [-0.371068316928872, 53.912071450655105], [-0.366927366159979, 53.91331410582861], [-0.365899326849167, 53.92119774373612], [-0.363816902285036, 53.92203503768886], [-0.361502459253002, 53.9235046177056], [-0.358166301303342, 53.92434354439326], [-0.356279175441903, 53.92547372056794], [-0.356032401078542, 53.92690856561317], [-0.358419807871674, 53.93018712151018], [-0.357288962629064, 53.931639519716995], [-0.35648381192066, 53.933831684671674], [-0.358800269209294, 53.93023364996112], [-0.35653955730161, 53.92558962661208], [-0.362553516901279, 53.923303215625], [-0.366341616662214, 53.92122084516833], [-0.368671812110892, 53.917699226508866], [-0.366967100232046, 53.91354564559067], [-0.376098775747781, 53.91367758722068], [-0.382379991431956, 53.91094255435305], [-0.387617660916341, 53.912234580387164], [-0.388672360499966, 53.91410493771356], [-0.393422431037692, 53.91899201844016], [-0.411811102573013, 53.924808793223306], [-0.421501834326241, 53.9273473530228], [-0.393453855456882, 53.918847715162094], [-0.387720122943197, 53.912144278357076], [-0.382631568398733, 53.91077425886812], [-0.384837580076621, 53.90927584047834], [-0.382591951045413, 53.90183156799138], [-0.392442119969978, 53.89947844809456], [-0.395853266206356, 53.89577660006982], [-0.397540522657101, 53.8962683656433], [-0.399391828887951, 53.896330800819975], [-0.403715748743413, 53.89560723999142], [-0.417634107381985, 53.90219695277022], [-0.434845309244597, 53.90670391627267], [-0.436530185056575, 53.90589528581753], [-0.417629107733644, 53.9020863215158], [-0.403720131495705, 53.895492249920814], [-0.395855709752245, 53.895553715364755], [-0.395407975520984, 53.885233878657885], [-0.407289137608494, 53.884683793142344], [-0.408090426756021, 53.88213347718267], [-0.406996788549491, 53.88104659358312], [-0.407663340146915, 53.88080105874342], [-0.413936035837884, 53.88264682523745], [-0.399426174198801, 53.87774855373667], [-0.40008958913054, 53.8664673246858], [-0.393189791918416, 53.8541969274774], [-0.396290094021198, 53.84842526106799], [-0.399701229623468, 53.845559602782785], [-0.400056894671738, 53.8440457759492], [-0.399717560080817, 53.84337606496602], [-0.394697798018142, 53.83977996650964], [-0.383879356457536, 53.838005016510905], [-0.380550279884335, 53.831603105970174], [-0.381721392192155, 53.827279027141174], [-0.369164237488969, 53.82428374100099], [-0.36401755132789, 53.818531706743926], [-0.354529735069508, 53.814524043280244], [-0.355087359718749, 53.8069548045115], [-0.365664354129076, 53.80334109047153], [-0.365336622214527, 53.79861106810445], [-0.359646235782089, 53.792021684001185], [-0.356431246538025, 53.78995423988239], [-0.348096717712958, 53.7869470004775], [-0.351951459679119, 53.78356082420944], [-0.34762034695608, 53.78102921735357], [-0.34839879127537, 53.77542890758067], [-0.346978158828706, 53.77497068973496], [-0.342206455106167, 53.77521582609225], [-0.340661085809492, 53.77122843916024], [-0.337779996476421, 53.77033276826778], [-0.332399954274657, 53.770548391547656], [-0.328338462389243, 53.76599006477961], [-0.333500206842651, 53.76395487950191], [-0.336530066527464, 53.75999948273943], [-0.334127207734034, 53.75696912827035], [-0.33005718053489, 53.75628595323862], [-0.328910123589396, 53.75388694534721], [-0.333189988677261, 53.75175227345648], [-0.328641558921536, 53.745177173345944], [-0.33262884513615, 53.73826970472715], [-0.396181814207397, 53.72219169738584], [-0.45653220133738065, 53.7155603205351], [-0.48674250592589, 53.71645974590057], [-0.542547285487661, 53.708423258015394], [-0.568295267779963, 53.71501606548225], [-0.583245875987851, 53.72654852540453], [-0.601662076244928, 53.72988397388474], [-0.61664400917909, 53.73115538273822], [-0.625541373989446, 53.73137013196251], [-0.627477230318293, 53.7312763311774], [-0.628452956570638, 53.7308731308226], [-0.627873018294076, 53.73196941944152], [-0.630212188327769, 53.73397281889529], [-0.628769014080139, 53.73094325960973], [-0.637243075239483, 53.72887272441945], [-0.618389933989289, 53.73056608841753], [-0.67056851627504, 53.72208746847557], [-0.6827894617096184, 53.71207610329145], [-0.7059385542155282, 53.70452264825504], [-0.742593410238212, 53.706961102748664], [-0.779047151989225, 53.69744600637358], [-0.794088658018549, 53.70520368639379], [-0.809667125056742, 53.70717696190306], [-0.824963849805204, 53.70354194075001], [-0.851688263404566, 53.68643227148205], [-0.85908649038145, 53.69148985315699], [-0.863765654268482, 53.70056070918394], [-0.841773621240713, 53.70947271788323], [-0.841732249805896, 53.72350085738838], [-0.84884052234041, 53.73087438075718], [-0.858246645189446, 53.73209425585328], [-0.872274815151941, 53.723990792992126], [-0.887154373390495, 53.72826014154812], [-0.909611335656236, 53.72792452692571], [-0.911195468608061, 53.73337339433926], [-0.935866924533437, 53.73248308155056], [-0.952696239495114, 53.73651434053876], [-0.961061853178725, 53.73669498498384], [-0.962546402871866, 53.74671743373479], [-0.980027779269171, 53.752778242834204], [-0.987593569672099, 53.760879847031255], [-0.986178740820458, 53.76520749397294], [-0.997743792869626, 53.7655680568665], [-1.00093335997404, 53.76956667162092], [-1.025850316062004, 53.760537018947915], [-1.033276550275831, 53.765511041484494], [-1.02839720798474, 53.77065612379405], [-1.021571394652253, 53.77083882801497], [-1.0213303063027, 53.77357022342265], [-1.024044088138585, 53.77609200816051], [-1.026775094564007, 53.777486753804716], [-1.044741608031183, 53.77959064510369], [-1.06582507810347, 53.786498867400375], [-1.064542526519886, 53.78752612199414], [-1.049373362425668, 53.78885489417937], [-1.046264085404025, 53.7900840714232], [-1.047541665408817, 53.803848167321085], [-1.042135216978591, 53.81007626600318], [-1.083857684103239, 53.82255067287599], [-1.075289472510538, 53.83284842989812], [-1.07623484728993, 53.83608339635973], [-1.078696779274008, 53.83621376326317], [-1.083599498204864, 53.83487159887767], [-1.088467137326506, 53.831911095604276], [-1.098714998700149, 53.83669832763653], [-1.104799168439046, 53.83757258849793], [-1.118135577329624, 53.8369297922974], [-1.127737075284537, 53.83376600279275], [-1.133468859624698, 53.843255038846216], [-1.12706794153884, 53.84351245819905], [-1.124151870369078, 53.844941899088035], [-1.123555598123663, 53.84976781672916], [-1.119590243769994, 53.8527093782191], [-1.117856183785205, 53.8562299081708], [-1.127059123563465, 53.86454294469291], [-1.119318854657906, 53.866652585080736], [-1.106350621903303, 53.87505236979187], [-1.100430513045052, 53.87634108563744], [-1.099714859387182, 53.880344474659346], [-1.095606716643522, 53.88299117762397], [-1.093004612192526, 53.8901908254166], [-1.097273328675627, 53.89326907603561], [-1.099017447203721, 53.893752280046144], [-1.093613133452964, 53.889423316208436], [-1.100227555342932, 53.880339316333504], [-1.100627097334277, 53.876749738407284], [-1.105331838845218, 53.87582403888021], [-1.127168947611616, 53.86511090513134], [-1.128196480971064, 53.86330185540642], [-1.118366827364202, 53.8560215280588], [-1.124102723293365, 53.849844613432296], [-1.126545173213311, 53.844018266731275], [-1.129329974187378, 53.84407538973542], [-1.129386101480597, 53.84473999747477], [-1.13045280780618, 53.845269058339795], [-1.132466011428727, 53.84567009876634], [-1.133963886382559, 53.84548859096058], [-1.141319280044693, 53.839453732232386], [-1.142954498978862, 53.83989773741104], [-1.141517118052573, 53.843228383158305], [-1.142465809687964, 53.844777537377645], [-1.144681270759391, 53.846521783249436], [-1.143389600287748, 53.849036447075086], [-1.144481420898654, 53.85006167876192], [-1.157798693517423, 53.85174947282444], [-1.166144275377808, 53.84701344441199], [-1.171265303907647, 53.855552610930125], [-1.173006355124707, 53.85615245060957], [-1.177520904831372, 53.85627335205065], [-1.180195425251792, 53.855326299689054], [-1.182387508478597, 53.853853712601975], [-1.183629236874979, 53.849884032076304], [-1.192132041606181, 53.85433943023582], [-1.200125815575024, 53.8553627985112], [-1.206094104328978, 53.85474269552561], [-1.191859650075132, 53.85403831495304], [-1.183174834480021, 53.849642735435395], [-1.179633264527296, 53.85538627879246], [-1.172940540031544, 53.85594437634986], [-1.166230532459051, 53.84680283284926], [-1.157766906043012, 53.85128725160074], [-1.144362922208517, 53.84976063982392], [-1.145003385624732, 53.84652766772831], [-1.141908204743726, 53.84327971203134], [-1.143210749620844, 53.839705401259096], [-1.141481204250082, 53.8391888422638], [-1.137737343074427, 53.83974441770903], [-1.134528155058078, 53.84495334869887], [-1.129921791589605, 53.844781636437006], [-1.133574339540634, 53.84389034578841], [-1.13445520097961, 53.842668936004564], [-1.128669919692983, 53.833330557969774], [-1.126516068303417, 53.83270550796842], [-1.117975983036752, 53.83649718498008], [-1.104109189591132, 53.83707757824177], [-1.088695087233406, 53.83135014238913], [-1.076626674199524, 53.835609130758556], [-1.084687862065242, 53.824470598997955], [-1.083585051679088, 53.82133068295414], [-1.043202745130437, 53.81021510434666], [-1.048396642131628, 53.80357540725996], [-1.047093890698008, 53.79004033883556], [-1.066449172681313, 53.78785737543399], [-1.068139389090601, 53.786108808572], [-1.037586925013975, 53.77730432517725], [-1.024718167009534, 53.77588178460164], [-1.021784524629148, 53.771655802427404], [-1.029681883545807, 53.77080675928768], [-1.034056093234851, 53.7647254664123], [-1.024540916797018, 53.75950258060247], [-1.001483289764878, 53.768578936328865], [-0.999549525771802, 53.765615525602094], [-0.986991750043148, 53.764203169676264], [-0.988742241310197, 53.76092727736061], [-0.982063001609856, 53.753222512271606], [-0.963902708159935, 53.74650535409007], [-0.961621833667554, 53.735686858189126], [-0.936325325067282, 53.731319555330955], [-0.911798915529788, 53.7323730601083], [-0.912469950370534, 53.7283361120012], [-0.905892137496673, 53.725221024898765], [-0.903645539540067, 53.71975882896204], [-0.906548424512359, 53.71709957493595], [-0.912406216745261, 53.71888227232849], [-0.923947997113134, 53.71880759240236], [-0.935264832656838, 53.71641343871176], [-0.944160569019575, 53.71268910752709], [-0.949712295726917, 53.71304977009332], [-0.954193878513785, 53.714835443364926], [-0.957829755379099, 53.71498845679204], [-0.959252563068056, 53.71363816928344], [-0.959362932056562, 53.70990350830889], [-0.9616474139984, 53.70763662902743], [-0.958081258590278, 53.7050547321298], [-0.962916050373075, 53.703545249580806], [-0.962778347848318, 53.70095085768475], [-0.969596091333941, 53.70226089779797], [-0.966029372228816, 53.70458246000871], [-0.966250638278192, 53.70593985224402], [-0.967990249111281, 53.70697324229185], [-0.980922219700418, 53.705147786266856], [-0.982904186934148, 53.70424780914869], [-0.983722310782766, 53.702546921513694], [-0.982714185437467, 53.69912272565636], [-0.980288092269253, 53.69710036217965], [-1.001050721739218, 53.699070263096196], [-1.003139679184678, 53.6986130716252], [-1.006888406638454, 53.69552787709892], [-1.011007198550332, 53.69704774719255], [-1.021357938570933, 53.69822934393224], [-1.034048220233635, 53.69661551245862], [-1.038871471784411, 53.69405393429383], [-1.040983429225802, 53.69622089569991], [-1.045572770194235, 53.69868980528712], [-1.048007398965089, 53.69866514001442], [-1.053475270965927, 53.69697998268655], [-1.053909977659592, 53.701573822718736], [-1.060842731548124, 53.706622344056996], [-1.062382056714286, 53.70702808807046], [-1.063678522997288, 53.70670115877355], [-1.069010199884627, 53.70434278440586], [-1.071014231482094, 53.70826831383929], [-1.072621588145946, 53.7091679157634], [-1.075431898578319, 53.70924086990376], [-1.080596240974486, 53.70828737174441], [-1.080926908895285, 53.71105028049174], [-1.084377403090495, 53.71493090198664], [-1.084336938047051, 53.71742129843992], [-1.091139990551854, 53.714927565644665], [-1.093781043037553, 53.7130249304315], [-1.094961198040074, 53.71620943230643], [-1.103857368684767, 53.71464490376998], [-1.098855907927784, 53.71782166913364], [-1.098357923380441, 53.719354046983796], [-1.104469483157642, 53.718785951984025], [-1.108277993412315, 53.722996643949116], [-1.109377001808569, 53.72334279023692], [-1.112460950752447, 53.722632208497004], [-1.114997954155309, 53.71995624280662], [-1.116456702302646, 53.72006050046734], [-1.116700953924471, 53.72287023569584], [-1.120865609309147, 53.726647237057996], [-1.117396298233152, 53.72005751953237], [-1.114773075685118, 53.71933797084579], [-1.109132942153486, 53.7229868390183], [-1.104860773765652, 53.71862797770653], [-1.0988806602358, 53.71907485931341], [-1.104898583393868, 53.714704816879596], [-1.101703365578567, 53.71432946915153], [-1.095763984025184, 53.71594138343832], [-1.094087064553916, 53.71274411545195], [-1.084761717378399, 53.716912203662986], [-1.084748770984457, 53.71457601950837], [-1.081386148652665, 53.710973799015996], [-1.081315093221842, 53.708253352754916], [-1.079795797893376, 53.70782372615262], [-1.072314901624006, 53.70878444369453], [-1.068933736392747, 53.70396198434104], [-1.061454325204278, 53.70650490412836], [-1.054210382108123, 53.70134967905354], [-1.053938463784533, 53.696790389431584], [-1.04596627664542, 53.6985032956743], [-1.039019548046294, 53.693670413539884], [-1.022119333221366, 53.69785623585044], [-1.006827554414881, 53.69508875401936], [-1.000945015441171, 53.698672099339895], [-0.980575136168259, 53.69669113514758], [-0.979619373231052, 53.697444320496885], [-0.982319430922653, 53.70399655717813], [-0.974722792231926, 53.705911964415925], [-0.967948376534602, 53.70651806274256], [-0.96667138887264, 53.7045323031732], [-0.970412229999801, 53.70215107436385], [-0.962529768293062, 53.7005262574473], [-0.957268376967885, 53.70496766699862], [-0.960885105160447, 53.7077702479687], [-0.958550878263351, 53.7100240799196], [-0.958202274353053, 53.71438408645064], [-0.95428835881211, 53.714446163992726], [-0.949281350249485, 53.712648718163614], [-0.944212104711721, 53.71232371047222], [-0.923614882241634, 53.71843783828617], [-0.905438198938535, 53.71667057092874], [-0.902993377001423, 53.71954701634327], [-0.905137900401852, 53.727065817317815], [-0.866075432955118, 53.721702239197356], [-0.85758694744679, 53.72433257474474], [-0.857627556637048, 53.73016027349929], [-0.854216136398852, 53.730693094529194], [-0.846980058106716, 53.72529794658411], [-0.844038358658782, 53.71329856436821], [-0.847179810651313, 53.708570248361596], [-0.864077355802181, 53.70377979460882], [-0.866381294053198, 53.69662869778344], [-0.869594302389591, 53.69706082521315], [-0.885912472927323, 53.69466810046961], [-0.94610597779992, 53.67982246204592], [-0.991608193074992, 53.67396708958415], [-0.992556597888847, 53.65559254757213], [-0.989238645877123, 53.645136926662296], [-0.984560845344001, 53.63765746869017], [-0.983259065564662, 53.62077656893246], [-0.995616396700722, 53.61214482365322], [-1.028695462476979, 53.60431365005366], [-1.033152991527294, 53.601763710209006], [-1.040135905644501, 53.6021120294419], [-1.052192509450043, 53.601629281072164], [-1.071592158515918, 53.5946425534413], [-1.075640592358099, 53.595861265228514], [-1.087173686618161, 53.59474800639494], [-1.091180959209207, 53.592131374510956], [-1.091063623448593, 53.59076869419674], [-1.088327774865975, 53.58823108103563], [-1.086337978458459, 53.587118400689555], [-1.085357380291487, 53.58516935658967], [-1.082970284582489, 53.583441465324626], [-1.081347979544626, 53.57187234855192], [-1.082763420033843, 53.56717405998538], [-1.088327137883605, 53.56543953961903], [-1.091445829302843, 53.563573835030425], [-1.092942191359176, 53.55354217539424], [-1.09119064908547, 53.563432552126244], [-1.082719085466628, 53.566709000699944], [-1.080948521860551, 53.57162840297384], [-1.082651934801817, 53.583493864981115], [-1.086059623268049, 53.58720885256397], [-1.090352949897472, 53.59016285979176], [-1.091061123502064, 53.591518321610216], [-1.087287797693653, 53.59436145739426], [-1.071988048286951, 53.594296852925936], [-1.052059088537834, 53.60137829904459], [-1.03311654964988, 53.60150544535999], [-0.995833047835525, 53.61180688949238], [-0.982811805529735, 53.620828511268456], [-0.984154057268124, 53.63796952472692], [-0.991918639978197, 53.65569415192363], [-0.991007762821698, 53.67356385635438], [-0.946076130624957, 53.6793188524493], [-0.868539577400992, 53.69651517587615], [-0.856423589624326, 53.68575126842215], [-0.848099175040857, 53.685056697818844], [-0.825089736909329, 53.700162531075144], [-0.811880529923432, 53.70432526110852], [-0.775037797590415, 53.694682403976735], [-0.74625181625281, 53.70330235438252], [-0.719643325974488, 53.703440726321524], [-0.7126352234404273, 53.7023375522358], [-0.7190647315662657, 53.70023962980007], [-0.698491373220381, 53.69763349988293], [-0.699891622022879, 53.69613676758931], [-0.705585352969372, 53.696769230317614], [-0.709972819121617, 53.69584395867314], [-0.699719628438062, 53.695672907202415], [-0.701441666613423, 53.68637285824304], [-0.689537144803621, 53.677130342220586], [-0.689740288423533, 53.67302378194715], [-0.698846849687205, 53.65402084235105], [-0.714563805130901, 53.64197565379612], [-0.714653015875687, 53.6275953201279], [-0.700830643251504, 53.61305754788807], [-0.708529891421851, 53.608141264195446], [-0.725127640738788, 53.60923336623962], [-0.733187618769502, 53.60481819675992], [-0.739752827413477, 53.59263386104109], [-0.731610918882469, 53.58409555607819], [-0.746327460358866, 53.57275471774568], [-0.748484432323666, 53.56783069552115], [-0.747153520711553, 53.55624978194851], [-0.738846024374009, 53.54619912331319], [-0.743500696974229, 53.537224982479685], [-0.738573145588659, 53.526186750072675], [-0.743448561885279, 53.511204881385424], [-0.752892049442237, 53.500817137901045], [-0.768331628348987, 53.49941942625638], [-0.769259250502133, 53.49440590117816], [-0.776241153883062, 53.48871383022321], [-0.77207423662897, 53.47940520271595], [-0.784518370951047, 53.476968725500484], [-0.785104377939838, 53.4633086495466], [-0.797951486757312, 53.455314271302605]], [[-1.4763193302424273, 55.07793383216042], [-1.478803165260989, 55.07982670373491], [-1.478444934339897, 55.080221790559214], [-1.4763193302424273, 55.07793383216042]], [[-1.644396825959175, 55.5830316291182], [-1.645701761618977, 55.58221953268772], [-1.648250291901587, 55.58406884978136], [-1.644396825959175, 55.5830316291182]], [[-2.073722189178815, 55.76124049818886], [-2.070488939002039, 55.76081952044771], [-2.067023484497791, 55.76114043514001], [-2.064212737506711, 55.76028028027886], [-2.071409526261713, 55.76059528198072], [-2.073722189178815, 55.76124049818886]], [[-2.0310496630232167, 55.80418490605875], [-1.999977500490552, 55.785931435181176], [-2.00140291290732, 55.78253057539049], [-1.994721111566842, 55.779693927305544], [-1.997449102933288, 55.77715665511235], [-1.993131096291686, 55.77367749486588], [-1.991589531976993, 55.766352834092764], [-1.984101222577211, 55.764715918962935], [-1.991369723363272, 55.76579932593203], [-1.992794210938883, 55.767592807411916], [-2.004195964247413, 55.76548685477481], [-2.016559100411376, 55.774653207620034], [-2.034043213760955, 55.77131431772971], [-2.038857901842913, 55.76910886282135], [-2.036047231923261, 55.77003698567977], [-2.036309459915498, 55.765825600575965], [-2.04048119618293, 55.76064265732186], [-2.065054182804087, 55.76319368827082], [-2.045260039360426, 55.759193475555364], [-2.085679477538468, 55.762912725427945], [-2.079934803450951, 55.79372635873059], [-2.0310496630232167, 55.80418490605875]], [[0.006713663102726143, 53.52032399106571], [-0.017425139988612, 53.5150410561222], [-0.019542902214618, 53.5179493754691], [-0.028633497988025, 53.51731211489212], [-0.039595286066207, 53.5130909207582], [-0.046608604126266, 53.520073148198705], [-0.065040799496053, 53.518714275691934], [-0.075258086369206, 53.48931062956872], [-0.095484817438775, 53.48596413932771], [-0.089800382326852, 53.47765755339635], [-0.107817440610825, 53.46983806573184], [-0.082206627777914, 53.45112621456674], [-0.120341475014388, 53.43354042318149], [-0.122783657063313, 53.4373213206473], [-0.131877014569473, 53.435914937356415], [-0.134245645966049, 53.44071390907071], [-0.144497873056208, 53.4408790098303]], [[-0.144497873056208, 53.4408790098303], [-0.14922514650944, 53.4466752758046], [-0.158504788388749, 53.46155931036009]], [[-0.158504788388749, 53.46155931036009], [-0.153677006233345, 53.46565338408434], [-0.181801694005974, 53.468625195876804], [-0.182500751149041, 53.47610095324769], [-0.188561670305698, 53.4845138742213], [-0.210601359696154, 53.486264505948505], [-0.205262243340297, 53.497021527011164], [-0.207504583257127, 53.50290656138492], [-0.204082141639922, 53.5117433108777], [-0.213619655383245, 53.52633526511618], [-0.210585114807549, 53.531682774001396], [-0.219878105830997, 53.5325829083694], [-0.187524889178469, 53.563589406689424], [-0.191687809098735, 53.56844212195546], [-0.195180921346886, 53.57159625978094], [-0.204635473249963, 53.5715920310243], [-0.222554684334548, 53.56799415040857], [-0.23466454754003, 53.58622805506232], [-0.239159751608833, 53.58813988550769], [-0.251391478424381, 53.58463085258462], [-0.248471699488264, 53.59364149123992], [-0.254469235547533, 53.59246614499125], [-0.259355946380247, 53.59694752934728], [-0.269807821496106, 53.59859589199063], [-0.283034344273424, 53.60447494811104], [-0.281189815329746, 53.606240965794136], [-0.287073627702005, 53.61177829473947], [-0.298232498788554, 53.61253978224148], [-0.300925406488234, 53.61636621157295], [-0.308550363429908, 53.614306853787824], [-0.300738741428196, 53.59526179535607], [-0.304573506824512, 53.593839244144675], [-0.303419655378434, 53.59076825289041], [-0.310863682559264, 53.59013288544484], [-0.335935269481227, 53.558605060208436], [-0.34865533427705, 53.55949152777541], [-0.345851860717772, 53.5579371954006], [-0.347930830889007, 53.55603765112778], [-0.356320382652309, 53.55603190961742], [-0.419665644726339, 53.56375168870921], [-0.428997266846698, 53.57450357621214], [-0.439403663044455, 53.57027192762015], [-0.450772734272545, 53.55794527054304], [-0.456905376093917, 53.55926956107229], [-0.465668620785227, 53.556002316851114], [-0.467015375548007, 53.54893965175733], [-0.490905900611017, 53.54585271933042], [-0.49975778333241, 53.53889853379729], [-0.50122628523431, 53.53744003441817], [-0.48136398340962, 53.538224108773775], [-0.430661615999084, 53.546316075706784], [-0.421859282079491, 53.534426937511455], [-0.414396981259124, 53.53582044036312], [-0.408142067773084, 53.53208764704428], [-0.405071447908281, 53.517595399856575], [-0.444033611542017, 53.50937029718186], [-0.475835653824867, 53.50895744197166], [-0.488380841164, 53.50483869925683], [-0.48068374735652, 53.496223724988816], [-0.487769104240857, 53.487792613136335], [-0.486627339412598, 53.48044826185468], [-0.471746680732491, 53.47485089517146], [-0.551790586958653, 53.45949795671425]], [[-0.551790586958653, 53.45949795671425], [-0.613399935357861, 53.45692883404348], [-0.629750113413206, 53.45819706478914]], [[-0.629750113413206, 53.45819706478914], [-0.626646957295125, 53.46203937643653], [-0.63480421688099, 53.46953006736581], [-0.631991626159357, 53.48133218229327], [-0.634055881738113, 53.48537754755359], [-0.630131739210654, 53.485972691903065], [-0.631291444424735, 53.48829075854695], [-0.625723946408272, 53.495559341884814], [-0.628190689045643, 53.5068016487379], [-0.624488527728617, 53.512817803280115], [-0.675703988608796, 53.51250434378226], [-0.687352047915229, 53.516367736820136], [-0.701575495023821, 53.51416160563442], [-0.738576456422062, 53.519826169294824]], [[-0.738576456422062, 53.519826169294824], [-0.736907924667711, 53.527140898659496], [-0.741800541608366, 53.53644753487763], [-0.73692307959727, 53.54539320090902], [-0.745125635175663, 53.55708248149922], [-0.746122732180257, 53.566605935269266], [-0.744047628355245, 53.572479998235885], [-0.73017117585154, 53.58162989388173], [-0.730294961391831, 53.586923887918175], [-0.737107501626881, 53.59298080492164], [-0.729358832482322, 53.605339423140514], [-0.705754511352417, 53.60686362146881], [-0.699227257209102, 53.61043425932642], [-0.698527130972581, 53.61585146583284], [-0.710302072977411, 53.62562578142559], [-0.711637804054005, 53.640847550497185], [-0.695030350785234, 53.65305346756091], [-0.685107394342286, 53.67221884195604], [-0.685226292941682, 53.679777968631], [-0.694936170778482, 53.69230400187847], [-0.691390499605442, 53.69675612669553], [-0.5699566330852043, 53.6887780190603], [-0.548705327058631, 53.67960475806245], [-0.523507934560635, 53.67697403122914], [-0.503397105145561, 53.68083689412649], [-0.49148964822105096, 53.68843406317144], [-0.395155885021826, 53.700053897483365], [-0.393529590667052, 53.696854411658606], [-0.3912660687608474, 53.70077686512926], [-0.297966918080224, 53.71226690515662], [-0.20773167233321566, 53.631356143667126], [0.006713663102726143, 53.52032399106571]], [[-0.5553835954228665, 53.687657821789436], [-0.521046496873689, 53.685018404738905], [-0.535825575136513, 53.68125206576545], [-0.5343154033033, 53.683364014207484], [-0.543567907301936, 53.68285752759988], [-0.5553835954228665, 53.687657821789436]], [[-0.864305359380456, 53.72350027632852], [-0.861732167003668, 53.726240750915075], [-0.859305883537982, 53.725276577824566], [-0.860697870450238, 53.72374017839917], [-0.864305359380456, 53.72350027632852]], [[-1.223182516435012, 54.62576524940428], [-1.223790361449388, 54.626297563076164], [-1.222828682474068, 54.62596249380343], [-1.223182516435012, 54.62576524940428]], [[-1.15127928801273, 54.63457269862881], [-1.149394960059329, 54.63467094622042], [-1.150956081057477, 54.631943519180346], [-1.15127928801273, 54.63457269862881]], [[-1.30072266892211, 50.766797765912656], [-1.292198273786884, 50.758013513028665], [-1.294937754016426, 50.753361057285545], [-1.290094715103192, 50.738489129042506], [-1.282943194515892, 50.72989235300851], [-1.291996127730819, 50.70710321785477], [-1.29090890299743, 50.70331784003562], [-1.29353409099627, 50.70220245122017], [-1.289935350068045, 50.70130289959661], [-1.289506806257591, 50.70051433005104], [-1.290316526695318, 50.698748562651176], [-1.290002859658823, 50.6976738066865], [-1.289435694103097, 50.70063079159137], [-1.289889693889761, 50.701415925007325], [-1.291613016364905, 50.701979477791525], [-1.290356272441035, 50.70334142319878], [-1.291095927177112, 50.70678929648559], [-1.275617895106846, 50.73172927947423], [-1.280794068091158, 50.73320554256297], [-1.280492775039942, 50.736502256528], [-1.28639273762407, 50.74056186768789], [-1.291158150747251, 50.753192493030404], [-1.288392202880275, 50.76293276700103], [-1.29184686168148, 50.764671423029306], [-1.288277616866657, 50.7630094200441], [-1.277324634991244, 50.76630896566762], [-1.248175988441303, 50.75217610460556], [-1.238435666951184, 50.743103956805925], [-1.241716481482734, 50.74223863128539], [-1.242419652465271, 50.73862270132265], [-1.238038945268927, 50.74283337690612], [-1.239239588038584, 50.74386909758065], [-1.213846398367411, 50.73806402497036], [-1.223587600818657, 50.73138826024224], [-1.227185157289308, 50.72682758991058], [-1.225471414796113, 50.72463999706367], [-1.217028074757736, 50.734821044952554], [-1.210777003238389, 50.73502082860827], [-1.159522632192534, 50.733339929786304], [-1.109602016990991, 50.721506293698496], [-1.101404504918764, 50.707391142618015], [-1.097780445565547, 50.706063650558846], [-1.096938883859022, 50.695461704550596], [-1.10394069645488, 50.696334986843134], [-1.10284113279433, 50.69979510052682], [-1.108272751035375, 50.69352641143263], [-1.098319155130219, 50.69052356055536], [-1.093631753970382, 50.69581192825803], [-1.082358694857062, 50.69442788148059], [-1.070694941909305, 50.6878408125071], [-1.069847110759851, 50.683892433138325], [-1.094717272651875, 50.671995355534705], [-1.097938884163899, 50.66523509882006], [-1.133565203716528, 50.66189558400745], [-1.159114500867302, 50.65056448106114], [-1.168544018380425, 50.64036034473186], [-1.174651742022217, 50.62316778532006], [-1.172307438692719, 50.61537670646032], [-1.181270815699468, 50.59937307991556], [-1.2822571274355274, 50.578614980442204], [-1.3676650569277633, 50.61436453715699], [-1.389304186107264, 50.626809372786596], [-1.470063824937849, 50.65722602070148], [-1.485133953492071, 50.66699165391658], [-1.510833575842754, 50.670060932961235], [-1.5687827814008195, 50.661200157939675], [-1.5228844494275506, 50.69560756800132], [-1.5026280749873044, 50.702464358475964], [-1.5033907323925, 50.69685317647059], [-1.502171685252571, 50.69952420112041], [-1.499847047355822, 50.69789288016262], [-1.503442339471288, 50.695313828561076], [-1.508079743210347, 50.69607268989586], [-1.503839491108776, 50.69511408966971], [-1.507234054977062, 50.69259880295026], [-1.504965734535654, 50.69168633068682], [-1.507273851105943, 50.691232063903136], [-1.503244212225722, 50.68672127880751], [-1.508676888557578, 50.68471642467914], [-1.507799509036042, 50.682795453897775], [-1.502328035467022, 50.6863486692585], [-1.505600708805951, 50.69364404783766], [-1.500247423889568, 50.69365539766133], [-1.502724758031728, 50.694619223779746], [-1.49778077347992, 50.69687413132632], [-1.501333640728502, 50.70097476904258], [-1.497444878035713, 50.700217975198946], [-1.496748533829744, 50.70270237085979], [-1.500947789513177, 50.70170964057689], [-1.5014448001029232, 50.70286489747568], [-1.470127686904237, 50.70965010421814], [-1.429345894880119, 50.72601249610992], [-1.425563921332261, 50.72676281352802], [-1.412066725338712, 50.7245705788478], [-1.421180508634814, 50.72467999018867], [-1.411970629654672, 50.720811130991066], [-1.418271353225213, 50.71889309851269], [-1.413328099044069, 50.719647075420795], [-1.412472458142864, 50.718971038997424], [-1.417264647938983, 50.713139884263164], [-1.427971056567779, 50.71069289310823], [-1.425297320234557, 50.710329031376304], [-1.429474132915777, 50.70844845686423], [-1.425942982086046, 50.70894640817243], [-1.427311686183474, 50.706571864648964], [-1.42660695504865, 50.70548655665081], [-1.43388467415954, 50.70464800720238], [-1.435468879935542, 50.70374112337451], [-1.425810200514617, 50.70486124010618], [-1.424522374108277, 50.709652540599905], [-1.417178203260308, 50.71223207368589], [-1.413538995937703, 50.71546113545023], [-1.414368274603076, 50.70994914694103], [-1.413045984333742, 50.70355400790115], [-1.412909704731785, 50.71152002220574], [-1.406958712097279, 50.708569075796746], [-1.412488059275424, 50.711715736837206], [-1.41208638293134, 50.7143890696136], [-1.402452842763896, 50.70930146139523], [-1.399733071615975, 50.710787495956254], [-1.409358973863011, 50.71513069083823], [-1.409911127449502, 50.716502177769385], [-1.40845231161574, 50.720769952302916], [-1.407827306644466, 50.721466412997756], [-1.406388242223628, 50.72200857527545], [-1.403438123245767, 50.724517783624975], [-1.400725905254993, 50.72301197984149], [-1.403513235322198, 50.72440396283467], [-1.406224719306107, 50.72194477468599], [-1.407845403289782, 50.721267765072575], [-1.407145390345739, 50.717689580882144], [-1.407902410198417, 50.717751863714035], [-1.409700628426218, 50.716686371260465], [-1.409296733152142, 50.71591364065793], [-1.40504101182757, 50.71719506514177], [-1.403952024260379, 50.72085946225748], [-1.399903848857321, 50.71660219970346], [-1.397418951998424, 50.71917661889135], [-1.39227280422356, 50.71554291181869], [-1.379531120990163, 50.71634902673387], [-1.37878377885232, 50.71416247957183], [-1.377891086451833, 50.71451206913405], [-1.377823503668325, 50.712017997867896], [-1.377467647165095, 50.71119325405418], [-1.376683008226994, 50.71065761586518], [-1.376706107445985, 50.71339872046427], [-1.379329270105669, 50.717476541249404], [-1.371270629332716, 50.71918248331745], [-1.369934587187566, 50.719834444632305], [-1.389163274453171, 50.71666783640552], [-1.395220037871962, 50.719755160039874], [-1.389677488171659, 50.72004732202176], [-1.392782113217765, 50.72272000185921], [-1.389787495273977, 50.72183117915001], [-1.386071035953947, 50.72263721053789], [-1.400092156833586, 50.72415708865201], [-1.395992619313989, 50.72633286336699], [-1.401165204901113, 50.72722554341136], [-1.407817429063298, 50.72382337464419], [-1.409926515034555, 50.72555078184711], [-1.354234501264729, 50.73871164167773], [-1.34732711363978, 50.74341686320021], [-1.342543418271427, 50.75265164234084], [-1.3111931477151244, 50.767265154378805], [-1.30072266892211, 50.766797765912656]], [[-1.083698177919405, 50.70510584146182], [-1.083479806372662, 50.70497461348666], [-1.083660420188701, 50.70486005788871], [-1.083698177919405, 50.70510584146182]], [[-1.390761005810998, 50.778078560085085], [-1.384698097534135, 50.780202295354435], [-1.377304007129062, 50.781163063195436], [-1.38693673872148, 50.77734810464202], [-1.390761005810998, 50.778078560085085]], [[-0.96487798722191, 50.830094374260874], [-0.9550887192483527, 50.813509113061066], [-0.957489059743979, 50.80714589991099], [-0.961224720169911, 50.81136180451446], [-0.971068016520612, 50.81065314421611], [-0.961739143728661, 50.80928272192452], [-0.96640638129602, 50.806300787332596], [-0.973384961445522, 50.80907371352021], [-0.968986526063558, 50.80275166576084], [-0.958623191777849, 50.804711771241685], [-0.952760913762759, 50.8010783858688], [-0.957079788878426, 50.799135029430694], [-0.955500412180375, 50.79372429375748], [-0.96275118726531, 50.789468796650866], [-0.967877410325695, 50.7901599596557], [-0.967354661664969, 50.787163414215776], [-0.957568375370006, 50.789798532634556], [-0.951210896156909, 50.78422801769507], [-0.961438836805646, 50.78223585933249], [-0.942183999188103, 50.78494780922935], [-0.943222072626359, 50.78672340886292], [-0.936310568454479, 50.780767013158076], [-0.9488671442787334, 50.777457768715465], [-1.0222167307962773, 50.78691883678596], [-1.0127484399717932, 50.794048371195544], [-1.005879708743673, 50.793298391948014], [-0.994911809164891, 50.798146892100284], [-0.9859336396209794, 50.81423966499199], [-0.96487798722191, 50.830094374260874]], [[-0.938950959283551, 50.78589238276193], [-0.9388335103671355, 50.785969067586706], [-0.9387524102886351, 50.785831665485865], [-0.938950959283551, 50.78589238276193]], [[-0.527909113682794, 50.870681714297376], [-0.525919421871069, 50.867121445396904], [-0.531685960978558, 50.86441795738043], [-0.539428711670468, 50.86593423684472], [-0.537312029162373, 50.86641040600385], [-0.53610171066865, 50.86753017971552], [-0.535709416733375, 50.87247591754548], [-0.536868657625852, 50.87380975228462], [-0.527909113682794, 50.870681714297376]], [[0.005363865776746, 50.889139165539504], [0.00026853287734, 50.88955217268168], [0.009576833593031, 50.89521738423026], [0.01055708975529, 50.89324710262854], [0.015975093499274, 50.88880526008795], [0.01144217198342, 50.8866926595232], [0.009170677184999, 50.88848911956288], [0.005363865776746, 50.889139165539504]], [[-0.543712597783991, 50.89659994521968], [-0.544321701154082, 50.896357540505896], [-0.544140904424444, 50.89691105671519], [-0.543712597783991, 50.89659994521968]], [[-0.324931045862695, 51.44478991884576], [-0.328055762613236, 51.4439847348286], [-0.321031555546168, 51.44599936474727], [-0.324931045862695, 51.44478991884576]], [[-0.653671420500331, 52.26827531022237], [-0.639924101247851, 52.272428005473344], [-0.631428291949026, 52.27003358853795], [-0.626993845791345, 52.27486326658039], [-0.610632768895558, 52.27948386954644], [-0.586344699011816, 52.27290016895513]], [[-0.586344699011816, 52.27290016895513], [-0.588127363960519, 52.270764531493796], [-0.56571003153708, 52.25345465676514], [-0.554755380638128, 52.25816631161609], [-0.540921311191979, 52.25651264167129], [-0.537620834066595, 52.26175405994164], [-0.539342551856644, 52.266081154105784], [-0.531207739926052, 52.27038853523559], [-0.534020389282641, 52.28117673451053], [-0.5420562883681, 52.28971785669331], [-0.514068066195483, 52.31468224586522], [-0.519846560761762, 52.31767776799416], [-0.487493733211197, 52.321059481771734], [-0.476278684536567, 52.31804901032893], [-0.465383158369785, 52.32293845444669], [-0.466673799525117, 52.338912444464675], [-0.48324729777422, 52.34092993821506], [-0.477355548200305, 52.348394000120905], [-0.498716313440484, 52.360080376193146], [-0.499503310565554, 52.36697743325675], [-0.488535365984484, 52.3740079162462], [-0.495962731287019, 52.37949990830643], [-0.469905130778683, 52.37988024126094], [-0.46830720605148, 52.38287780726605], [-0.45684862107252, 52.38231336905998], [-0.454954518475772, 52.385686327799796]], [[-0.454954518475772, 52.385686327799796], [-0.446238646601216, 52.38319754608214], [-0.439271994175423, 52.386297562621], [-0.432936719887153, 52.39631328827303]], [[-0.432936719887153, 52.39631328827303], [-0.41595343563466, 52.40378857328639], [-0.420296366306947, 52.40504969954489], [-0.417090027210162, 52.411582752557216], [-0.400963946067196, 52.415447648116256], [-0.37947607713274, 52.42794291682539], [-0.362425665306295, 52.433514385904076], [-0.371882237236779, 52.43704264598823], [-0.361896902267446, 52.448209997791906], [-0.363499294095411, 52.45059322800567], [-0.35057778988776, 52.46290933450375], [-0.34160811303727, 52.46692513969137], [-0.349735651971993, 52.47287030372546], [-0.347531207877709, 52.478069575867636], [-0.350112246364757, 52.482562406804774], [-0.359468946587035, 52.49005783992919], [-0.359211777910259, 52.49732343557547], [-0.352192450587829, 52.50330727085399], [-0.354362139642246, 52.50647710133832], [-0.377943182062766, 52.51064001856954], [-0.390765283032064, 52.519421947925316], [-0.413618457961394, 52.525661699975785], [-0.401299021941808, 52.538666579472064], [-0.403818914471459, 52.54374886720428], [-0.402075604477735, 52.54830344833708], [-0.415353710559537, 52.55153520951489], [-0.419608238734669, 52.558943800914456], [-0.407305044408066, 52.564036717332755], [-0.415709153634954, 52.57008601122581], [-0.415394729298412, 52.57872460425575], [-0.425040794751294, 52.58239470469932], [-0.478827861878268, 52.57362708147158], [-0.481467417344845, 52.576286260085446], [-0.478847128835872, 52.57742048131621], [-0.491737444926664, 52.58127154626045], [-0.497663562152618, 52.58683293650021], [-0.490718828894793, 52.5905161770041], [-0.485451583445043, 52.60216189356472], [-0.481036081741069, 52.60276885470549], [-0.479648792756449, 52.61443162949918], [-0.47374114806667, 52.61441498800863], [-0.474802735383963, 52.61689209822427], [-0.470973130067097, 52.617935102241006], [-0.473515132273543, 52.62821619909412], [-0.486119095745252, 52.6344034319934], [-0.488835274560456, 52.63281259238562], [-0.494784645177582, 52.64029563384946], [-0.484331290463204, 52.646110512558614], [-0.475255954194415, 52.64503932526022], [-0.475842764879769, 52.64869610930986], [-0.45304776186556, 52.649226955218296], [-0.452706072976744, 52.6542589832295], [-0.432101614391707, 52.648266550887946], [-0.405693310459545, 52.648027477446696], [-0.393189704725791, 52.65406300149157], [-0.35015980619264, 52.66162540144995], [-0.336256425390489, 52.66861995628278], [-0.33504952523877, 52.674847037326074], [-0.289515386776493, 52.67032542994295], [-0.279096475712947, 52.66598489746982], [-0.260257670275483, 52.65142439342059], [-0.224512430706581, 52.665444027664165], [-0.206051889438245, 52.66805386526418], [-0.192882358624931, 52.65241916411369], [-0.180034830949274, 52.66054180493625], [-0.141077494341614, 52.6514882622587], [-0.139517322440769, 52.654842586627176], [-0.102211988438563, 52.672187038369984], [-0.08785336368328, 52.66676121356704], [-0.074627014365586, 52.672054968462895], [-0.065461662078366, 52.67197670615315], [-0.063801377234823, 52.67520525415795], [-0.032119595355957, 52.665341691702935], [-0.031287492273161, 52.661513853545586], [0.021483727003558, 52.66486822899651], [0.048982096148247, 52.68197722355396], [0.049322810489765, 52.6886850694722], [0.044555776338636, 52.6924627624524], [0.044134685923281, 52.7143625246054], [0.063172039260927, 52.7271103301662], [0.088997365357349, 52.723610126595055], [0.098774908204148, 52.73032018473302], [0.11367110174725, 52.72997012727353], [0.132960828877745, 52.73928483348786]], [[0.132960828877745, 52.73928483348786], [0.17016615026299, 52.739874778115244], [0.166967910164322, 52.724290260204455], [0.155748853774436, 52.70769280228925], [0.152029062682528, 52.67622873553103], [0.159156995624259, 52.66679573209386], [0.15096437135612, 52.66292739982472], [0.123469978575414, 52.638547944564735], [0.104660669763235, 52.632198607663916], [0.093125141513262, 52.62687245773485], [0.065441218473931, 52.61159493126093], [0.061423479289299, 52.60668644772196], [-0.124409058201616, 52.576661315124134], [0.061954826705616, 52.605610860920606], [0.064911198249121, 52.6108767779123], [0.096075463977865, 52.62794506923025], [0.122806255334354, 52.63796643203419], [0.13040325624429, 52.6420451925374], [0.151791268059328, 52.663172229176325], [0.158195873350964, 52.6649385382265], [0.159475607126258, 52.666628984691094], [0.159485687363979, 52.667433524208064], [0.152868164303729, 52.676204525936804], [0.156972258949293, 52.708215403301715], [0.170157816017251, 52.724588869051146], [0.172042332669717, 52.737863269363864]], [[0.172042332669717, 52.737863269363864], [0.186308480988884, 52.73532896757623], [0.233148444701012, 52.76024502517588], [0.272193489527302, 52.77278543597976], [0.245069485794683, 52.78450339977902]], [[0.245069485794683, 52.78450339977902], [0.251983068114623, 52.792542760409724], [0.36375821739784087, 52.780699759358754], [0.370626884024231, 52.78533843426686], [0.392221575276922, 52.747990980951805], [0.35700559492493, 52.72023068850859], [0.353074180480326, 52.714044352844454], [0.354232232579563, 52.70610151303454], [0.349393338676972, 52.70247231210672], [0.351351377181017, 52.70329218352981], [0.350203515059013, 52.700498759944], [0.354660477274316, 52.70561642944937], [0.361632819042423, 52.698297011173274], [0.370569512017705, 52.693162391351805], [0.371890741177886, 52.68750714789159], [0.359739827899703, 52.666220969936546], [0.365785569656937, 52.65400388216221], [0.365061143853322, 52.646390666809204], [0.367712540536892, 52.64098765376154], [0.362255737376532, 52.62163127286857], [0.364179198794597, 52.61082707999573], [0.358445446337006, 52.602425283968984], [0.340979517368731, 52.59072298262735], [0.340287214878161, 52.583107188544815], [0.260073543427334, 52.51146631159206], [0.140765757732404, 52.421801157141864], [0.12354887837347, 52.41521063393684], [0.11527970362631, 52.41086760169206], [0.109451864926421, 52.40653796381629], [0.099820547471899, 52.39852080180796], [0.09323633456282, 52.39087511271838], [0.048994676591823, 52.356352210525564], [0.046629830647287, 52.355324101928645], [0.043490147521842, 52.35296781513847], [0.037497453688037, 52.35382929855725], [0.027538210887269, 52.353373927283506], [0.030226873760938, 52.35270013337781], [0.028158233413839, 52.352580096348376], [0.009009935506407, 52.34149878862698], [0.008532185464039, 52.33532968954421], [0.009554332797328, 52.34146076516634], [0.026518744455364, 52.351118357372606], [0.04460442326742, 52.35232540700436], [0.093466262105694, 52.39076315661247], [0.115508973208269, 52.410804138264226], [0.141138086187681, 52.421775520130815], [0.261159843516916, 52.51201475374722], [0.342193566107481, 52.58381040015627], [0.341785753742808, 52.59061353491093], [0.359840195595401, 52.60298559008966], [0.364889117968595, 52.61010344213661], [0.363372817431918, 52.621880524251964], [0.368765815640257, 52.64001795088652], [0.366732546577863, 52.6547006752012], [0.36106124618366, 52.666590288469756], [0.373380047614313, 52.68762928821138], [0.372151100550125, 52.693128035436445], [0.355509943930378, 52.70728818243493], [0.354563470738473, 52.71393115589212], [0.358576242126365, 52.7198910261134], [0.373469145103823, 52.730313610795484], [0.376757623054775, 52.7296659442956], [0.396641689400947, 52.7503663376646], [0.393845154723808, 52.750117107714274], [0.392251170596799, 52.753465556539865], [0.394995870372993, 52.75367073790622], [0.392145746425488, 52.75377233890616], [0.389690708967227, 52.76109068660186], [0.393650612814848, 52.76045961661352], [0.388891800705171, 52.76182338757937], [0.374592101762931, 52.7842820253832], [0.380247803749077, 52.78229032114251], [0.374915262165551, 52.785232254960555], [0.379901498095134, 52.787519578622685], [0.380965386795877, 52.785383387317495], [0.381423377095783, 52.78874424567703], [0.37304077382421036, 52.78696862694546], [0.4301381682921921, 52.8255286947786], [0.4390057568071039, 52.840907819907436], [0.444913143341975, 52.844787774614254], [0.446450987941427, 52.842635863914836], [0.451411521808388, 52.84140864572949], [0.449455446896997, 52.842350903410164], [0.451759562306783, 52.84302536917139], [0.453238369804024, 52.84407288717386], [0.449243535439443, 52.84251712519588], [0.446380241799464, 52.84349062858925], [0.449107005175846, 52.84341549329451], [0.444825070047602, 52.84512318264498], [0.44423349803124934, 52.8499743306383], [0.4944437457210942, 52.93705433899384], [0.5525262027536524, 52.96657583305081], [0.5720649812967009, 52.96664143026236], [0.572063062985196, 52.9639997358307], [0.574080733586178, 52.96600074913323], [0.575582229819676, 52.96397745397964], [0.583504329312245, 52.966315053126024], [0.5751006115824844, 52.966651621732694], [0.7349589257597033, 52.96718831135376], [0.730783148670983, 52.96461530118794], [0.729948580749227, 52.96342504367525], [0.729331277998001, 52.96161656633691], [0.731453395503677, 52.96072074466254], [0.732751873166603, 52.96411774183198], [0.734224182749405, 52.96248147125632], [0.746690187294394, 52.964920297366334], [0.7491034643617253, 52.96723579857456], [0.8505036405652743, 52.96757622767531], [0.850978584349228, 52.95775303351508], [0.869900101169829, 52.95487032838495], [0.873920017104258, 52.956907016846266], [0.870217692245692, 52.957866118035895], [0.875390570569428, 52.958624022529094], [0.875368470256769, 52.96031063309184], [0.880313260393081, 52.958596495158204], [0.886720223689447, 52.95878625655194], [0.891484832036038, 52.96165402814933], [0.897557480603766, 52.959420725196644], [0.907866972061865, 52.96234850057115], [0.907591142573616, 52.95846243400022], [0.908412515161528, 52.96193408959421], [0.913593174339019, 52.96323331531309], [0.918598134846278, 52.96227414389887], [0.916198971924842, 52.96172158760909], [0.917197496263945, 52.960074835469705], [0.914677876815649, 52.95976620590788], [0.913733884311879, 52.95881638800518], [0.914794569420088, 52.958446850647206], [0.91879964590393, 52.959054421103076], [0.916726018634101, 52.96165379351505], [0.923260925383494, 52.96013256297053], [0.9199746195223906, 52.96256228712782], [0.936996304883265, 52.96048124992579], [0.9343687059853, 52.95821759881162], [0.9326648025571, 52.95955455804049], [0.929587221728514, 52.95978250536056], [0.932775085806865, 52.95746650186409], [0.927145871155403, 52.95926806221385], [0.92899382800497, 52.95717403638112], [0.933276081288845, 52.957410077947195], [0.9377071305341875, 52.96039434580364], [0.945991301841902, 52.95887228831404], [0.9601277640672166, 52.95765324399815], [0.958197821908743, 52.95710401332206], [1.35219717368404, 52.909719622274416], [1.602216740766506, 52.79144028015452], [1.658622098265816, 52.755587123631585], [1.699316596127396, 52.71917177413057], [1.7443547391350493, 52.62433040131623], [1.737456938018169, 52.587061124012884], [1.737954617513998, 52.582432870496596], [1.744863828128841, 52.57999165899471], [1.745488862755577, 52.57961565120356], [1.745778815396944, 52.5787402561353], [1.738801930442001, 52.57995048168993], [1.73910576778903, 52.57476435584355], [1.745620805638684, 52.57645610404321], [1.735236915998206, 52.57300398592647], [1.726682423244054, 52.5925244831049], [1.72567785996166, 52.604034370096585], [1.719977761292905, 52.61071693343462], [1.723164360236867, 52.61217099261935], [1.72376214503216, 52.614041967309866], [1.722264101674078, 52.61959748704617], [1.725380763943327, 52.62100241931835], [1.726661522262444, 52.623133415436854], [1.725190403355064, 52.62731732350485], [1.721366332795275, 52.630396918410625], [1.716767932992483, 52.63143101406838], [1.710084021113741, 52.63102375284984], [1.706048756277507, 52.62978839668741], [1.70283495679306, 52.6259745262739], [1.698233592958204, 52.62595743094117], [1.692840702293952, 52.62152870512073], [1.688049551729844, 52.6235706260596], [1.688815897503556, 52.62631794991204], [1.687704285299188, 52.627757579131305], [1.679149356088147, 52.62964919350171], [1.653027355933211, 52.63207482980463], [1.638960832404798, 52.630413398650916], [1.633641590247067, 52.63279488077327], [1.622281668152531, 52.63350293745499], [1.616237580786746, 52.63236740557445], [1.617385305195168, 52.628918930334635], [1.6136382005617, 52.6274674978695], [1.611364040158741, 52.62523432033376], [1.604278065596102, 52.624315270036924], [1.598020963246715, 52.62848301421314], [1.593425276774409, 52.62904090282886], [1.59381712820378, 52.63207000686565], [1.591750254008916, 52.634411029225674], [1.592864104995221, 52.63663568983152], [1.589806370572282, 52.63863440817396], [1.583345668662295, 52.63668595075522], [1.57477542279432, 52.6396227270179], [1.56830539975473, 52.63798945115393], [1.56658730614993, 52.64189168904148], [1.570137927185812, 52.646396007218264], [1.569948270463029, 52.64804139605002], [1.568294171388895, 52.64913912402751], [1.558886673997494, 52.6502965833402], [1.557572510480228, 52.651321858889915], [1.557158027674038, 52.65361077475483], [1.560480114972551, 52.65839658688334], [1.562370342633774, 52.66517357412627], [1.562016206678145, 52.66754701582351], [1.560093582319462, 52.67033732694625], [1.553342048857854, 52.67386709954442], [1.550881896041476, 52.679779961671855], [1.554515157513905, 52.68036443464748], [1.549563370205693, 52.682515077485675], [1.550012167522773, 52.68707697901877], [1.554089323600803, 52.687234390379835], [1.550138252495885, 52.687463549582205], [1.545450423052928, 52.69565562867919], [1.555412912775972, 52.70105295273394], [1.570545378322015, 52.7010617980679], [1.576581871993682, 52.70417421370406], [1.579684898473203, 52.708704436420824], [1.585324534472587, 52.711326549062825], [1.612105596887414, 52.71533103742761], [1.619392485466175, 52.717366158401575], [1.632833566545522, 52.7260300318042], [1.613186164939981, 52.71578827229695], [1.611285402719713, 52.71857690760832], [1.607144431117231, 52.72073495849882], [1.612276620551881, 52.71571529385889], [1.597237747925534, 52.71446048852635], [1.580171461358, 52.710070346707376], [1.570599261825135, 52.701649280355035], [1.558892226356589, 52.70201518282988], [1.5545753667482, 52.701095189148184], [1.549304898243173, 52.69891298152752], [1.548927924542253, 52.700068372112845], [1.545203619498717, 52.70204890166197], [1.545275416506547, 52.703463322741264], [1.538365922930127, 52.70742234326288], [1.534827479487166, 52.70768719293494], [1.539029971402415, 52.703536811762795], [1.548778207023559, 52.69997479002285], [1.544596456445687, 52.69480064743707], [1.549501442825723, 52.686328691634074], [1.545675765716113, 52.68003581918653], [1.535647332938648, 52.683778691588785], [1.526378065153882, 52.682365110201644], [1.522915802064595, 52.68590214478359], [1.513481070071777, 52.68941047692791], [1.514532883757859, 52.690471144040096], [1.514892996531268, 52.69710440621717], [1.504747152809119, 52.70546290797312], [1.495584403062662, 52.70573999213328], [1.496861905179755, 52.71039718333311], [1.503880290165177, 52.71197329230214], [1.508070757142032, 52.71556113297096], [1.506538707056673, 52.72581025617552], [1.50771194473082, 52.71572283030857], [1.496582466113616, 52.710533137971225], [1.494793306380336, 52.70653053381693], [1.495598929222857, 52.70540318955701], [1.498067313555081, 52.70431218857528], [1.504618276790299, 52.70527696003574], [1.509541646661547, 52.69856635498212], [1.51452407929489, 52.69715581485783], [1.513940245227243, 52.68998594062673], [1.508919981270438, 52.692002894828214], [1.505659663215563, 52.689057648813304], [1.501528190652619, 52.69049573271863], [1.494436434785842, 52.68738370462673], [1.489609461783798, 52.68897410947022], [1.489742618812182, 52.69307147197025], [1.481158804408351, 52.69460127137878], [1.474033603966193, 52.68943748604654], [1.472166540458306, 52.693325486040415], [1.467780002498861, 52.69473837031084], [1.468855640594312, 52.69765958501007], [1.461076724168752, 52.70595206472897], [1.440887156844318, 52.7013634619816], [1.441786462914137, 52.69505415715218], [1.438684412116258, 52.693689944180356], [1.438484620690459, 52.69126289823647], [1.43391944878132, 52.68965863913781], [1.429669167248959, 52.69159228364184], [1.423660527975846, 52.690774109772136], [1.416459928627331, 52.69400130504032], [1.42332110473479, 52.69874532026431], [1.423936292303511, 52.70177916472938], [1.415585547500781, 52.69421539016182], [1.418610070228978, 52.691644016974635], [1.425919861759029, 52.69013857579716], [1.429418436963422, 52.69128296845514], [1.434100880632195, 52.68937579531721], [1.439428369714092, 52.69114195745346], [1.442717153822236, 52.69536797798984], [1.441758669787822, 52.70130036000678], [1.461030950810663, 52.70539311325271], [1.468169863155811, 52.697599636483055], [1.467173824808724, 52.694598713655054], [1.473532972927077, 52.689209326055185], [1.483894609585317, 52.69313482938752], [1.488800008244042, 52.69287170601057], [1.489401993960234, 52.68847024237667], [1.495056633377924, 52.686921094956205], [1.501805899897381, 52.69019251674303], [1.504707591697553, 52.6886847005606], [1.511444181968738, 52.68997994991933], [1.518564566048873, 52.686915645629], [1.513589957401962, 52.68164799958471], [1.509569665500482, 52.683647907820976], [1.511584639298592, 52.68756358140041], [1.509571555984056, 52.686069080534466], [1.509329168152504, 52.6833249503155], [1.512697991019386, 52.67990261974054], [1.511185365310607, 52.67975321010596], [1.509620845831335, 52.67873469076647], [1.507270751214329, 52.675724741927105], [1.51643356348802, 52.681766847866335], [1.518872701798301, 52.68668073353889], [1.52711227781273, 52.681743337195336], [1.535212669013365, 52.68341841461905], [1.542991661407567, 52.67945601808666], [1.54608382693708, 52.67970252602353], [1.549814532175356, 52.681125132523725], [1.553144571995502, 52.67320297303388], [1.561715520720272, 52.66643358725857], [1.556531905610149, 52.65411441011999], [1.556849545633411, 52.651306717641795], [1.559360818652668, 52.649688714329], [1.56754484288406, 52.64883611400903], [1.569662894150885, 52.64715327329703], [1.566228331613493, 52.643003378741376], [1.567436990199504, 52.637928364441365], [1.571500502493239, 52.637266155500825], [1.574642067420656, 52.63927507298203], [1.583802696885438, 52.63634560045294], [1.590109831138619, 52.63811610748926], [1.592517376658521, 52.629054947818574], [1.599757658482992, 52.62502761976869], [1.606200828495582, 52.62382856672037], [1.611152128882191, 52.62477936054091], [1.617791732855766, 52.62875628534234], [1.616939397346079, 52.632040138127614], [1.62234993450589, 52.63327420021813], [1.624533313062737, 52.6316287889361], [1.643165276630242, 52.629901763947494], [1.653068028255562, 52.631800135644816], [1.6791624056479, 52.629259331762455], [1.687324200500603, 52.62745640488328], [1.688045019870743, 52.62302476819436], [1.692406740891061, 52.62127238931595], [1.703022523801454, 52.625727588689216], [1.710069425397993, 52.630641925979866], [1.720201465604127, 52.63037957323072], [1.724873244661371, 52.62683799456336], [1.725380131405345, 52.6216212820962], [1.721822921776135, 52.6199540742523], [1.72248498503799, 52.61193152621502], [1.715286471961293, 52.61301949357354], [1.716040702081555, 52.61679246872827], [1.706006905963734, 52.619524981005895], [1.694904567177477, 52.61795995943192], [1.681735246181102, 52.608280291130995], [1.657899140078781, 52.603857684448585], [1.644526228365534, 52.58835636492429], [1.640907452020407, 52.58836615165749], [1.638637884050093, 52.58740882414578], [1.636065421190289, 52.581813276938135], [1.62962414974381, 52.58098842735893], [1.627264699591247, 52.57986364139212], [1.61981232708166, 52.5735934236108], [1.613067698746616, 52.57523335682353], [1.607120210120476, 52.57416467941075], [1.606762208745362, 52.572484624955315], [1.608112812724946, 52.56939250326514], [1.601170722359935, 52.5674346392368], [1.596880415953528, 52.5643973458578], [1.591899513815426, 52.55828677711147], [1.584032658930302, 52.558293423362024], [1.578995435195369, 52.556712741041714], [1.573690519480891, 52.55880249297298], [1.568645272275516, 52.55929932885828], [1.561222765175441, 52.557397714204455], [1.554795889287428, 52.55980457604739], [1.541823976732348, 52.55549153713484], [1.539725901259861, 52.5565212582928], [1.538445997972865, 52.56061957130175], [1.536369612072441, 52.56217922296452], [1.533091326271765, 52.56234019150349], [1.528446499563914, 52.559508917925534], [1.522381711687454, 52.56268390965854], [1.524851467467641, 52.56997302582289], [1.522951037886548, 52.57290873034033], [1.518413456578896, 52.57580592304083], [1.514780064969006, 52.57656062159621], [1.497769090558791, 52.571294196565916], [1.491690446402774, 52.57874197935464], [1.488155117048559, 52.580775552226456], [1.488271197881309, 52.58483748742062], [1.484660545569883, 52.587753671665595], [1.468978516336231, 52.587017447308355], [1.466279585521879, 52.59162238634703], [1.462480977182829, 52.594184470191685], [1.454515375118628, 52.59453518379749], [1.45364434620615, 52.60135110332587], [1.433464544190836, 52.61242543564623], [1.437656385662518, 52.61755263473822], [1.434673567156777, 52.62003163281802], [1.43279923897692, 52.620138181881316], [1.429395962544123, 52.6182887709787], [1.422070993624338, 52.62230433016078], [1.413680152681024, 52.6211724225516], [1.408000270004594, 52.618009256699295], [1.407050115794622, 52.613940795936585], [1.40332317251398, 52.6146578097235], [1.400727396284961, 52.61317741097632], [1.398939963343307, 52.60851234228535], [1.387624454193066, 52.604589909672065], [1.381371207802932, 52.606371491540855], [1.376608897823159, 52.6206539036069], [1.370101554985555, 52.623798384625495], [1.363553616778693, 52.624172609043875], [1.350452929631601, 52.621265959337634], [1.347810827507053, 52.623842770281804], [1.345307337526251, 52.62399813092431], [1.347345202274171, 52.62442168744907], [1.345359683119058, 52.62516853830303], [1.345070818318759, 52.623997604862694], [1.34183178976068, 52.62582670147477], [1.331897109178442, 52.626217446469404], [1.321916107513115, 52.621104459409004], [1.310830378898269, 52.620154179048775], [1.303314367873444, 52.625682129162044], [1.305535648315661, 52.62740626289828], [1.307727422612376, 52.63026348234047], [1.309117332938592, 52.632932627590385], [1.308672831529758, 52.63438673893206], [1.302438407103101, 52.63539727540177], [1.292160968878976, 52.631691261748614], [1.288140952899524, 52.63323480818903], [1.292071291827839, 52.63152107819327], [1.30838142850063, 52.63426628228475], [1.302847574964462, 52.62611697013519], [1.304109514389402, 52.62280086785767], [1.310602252188193, 52.61999056171256], [1.322927512327529, 52.621073350077616], [1.320805485628981, 52.61990438256912], [1.320224188337993, 52.61919398374791], [1.320290374602604, 52.616243998593234], [1.315199028829718, 52.61554849452225], [1.312324620954757, 52.61297910730027], [1.320154306933874, 52.616027467950325], [1.324376960067575, 52.622355618484576], [1.333345124070769, 52.62599856082164], [1.350643701045252, 52.62088100185509], [1.369505510132389, 52.62354282295495], [1.375993912067523, 52.62024783915697], [1.3811382438441, 52.605649622295545], [1.387523973266395, 52.60401537225826], [1.399264089438873, 52.60777630724942], [1.401755297337707, 52.61320902899968], [1.40776372447193, 52.61352180528995], [1.409103936561373, 52.6182922769167], [1.414753049054684, 52.62096337067804], [1.421812303802883, 52.621943979506455], [1.428975001189831, 52.617781120293394], [1.43407104038294, 52.619716348559145], [1.436548571738929, 52.617501139327366], [1.432547634250092, 52.6119807501312], [1.453499432515188, 52.60052340171933], [1.453634820141445, 52.59434410843469], [1.462852800014582, 52.59322563580978], [1.468737712606802, 52.58639938176691], [1.484980184992369, 52.58670270540001], [1.487569803045647, 52.57991316118579], [1.497827584680506, 52.57076811984284], [1.518370168248544, 52.575210883989456], [1.523795988605892, 52.570322004412496], [1.521778095092108, 52.562370919629146], [1.528832492237116, 52.55904140670847], [1.536015432631278, 52.56188670645363], [1.537973179784349, 52.560227179956506], [1.539861585172567, 52.554212819012186], [1.541039026791316, 52.55344273362524], [1.537906093444009, 52.55299956850084], [1.536400408969078, 52.55187443368829], [1.533134784154889, 52.55310084410804], [1.53065153621214, 52.552477938379326], [1.519060518934648, 52.54191429084131], [1.51744716917332, 52.54252982255368], [1.516518026070071, 52.542551158122805], [1.512426100283969, 52.54094947932904], [1.506704401312066, 52.541528533922154], [1.498533731693628, 52.53910558342674], [1.486960980103465, 52.53898601629141], [1.480690461744637, 52.5377020087793], [1.498650802409617, 52.53898248969857], [1.506754651101249, 52.541382260801335], [1.511251512129362, 52.54079728817218], [1.514554081023495, 52.54086735932511], [1.519265005098452, 52.5418155510254], [1.530828945580954, 52.55244566497911], [1.536286751941927, 52.55174561125231], [1.540327587665857, 52.552524153697746], [1.541245736156282, 52.55348063297175], [1.540589415386502, 52.555224486520245], [1.545319754694543, 52.55539938725929], [1.554199279032566, 52.55927111985133], [1.561224885275705, 52.55698748177747], [1.574296665586606, 52.55825346949378], [1.62695510709711, 52.52842704002454], [1.628184308158265, 52.523019579990276], [1.63088852033584, 52.52049812240443], [1.639209025913533, 52.516894448037135], [1.646273685568928, 52.51515935453822], [1.644808058991887, 52.5086097102111], [1.65396538721989, 52.50131203072442], [1.658842616163597, 52.500710507615054], [1.671828154871247, 52.50368619720806], [1.675572902775408, 52.49773041242077], [1.682038961482409, 52.495234586821184], [1.681985335023674, 52.490717299501945], [1.676948994163105, 52.487331988477905], [1.675772865320972, 52.4842564164098], [1.669058512799408, 52.481934844253544], [1.671057762683773, 52.477056979387704], [1.662776876947096, 52.47474598084548], [1.65901680836018, 52.46875687306667], [1.653696062524776, 52.46840793104235], [1.64869750848923, 52.4736030461153], [1.643487388917056, 52.47270963666844], [1.642849628479791, 52.46879052756729], [1.635734939647023, 52.466689062466706], [1.633521882943422, 52.46287144742378], [1.607203165452033, 52.466734263861895], [1.604084074218203, 52.47181423408285], [1.587598497252666, 52.47876588556606], [1.58521193104899, 52.47865574011585], [1.583107413147952, 52.477087052457655], [1.580034380009901, 52.48014748595408], [1.582961270638618, 52.47702853087511], [1.575880108382772, 52.476754629089285], [1.56766820500336, 52.47466608162779], [1.565260090663812, 52.4719738689497], [1.565715849902339, 52.46868706021248], [1.560546776319537, 52.465209140914666], [1.562320435188933, 52.46149942818429], [1.557444557515749, 52.45777243962012], [1.554531373585984, 52.459242559860485], [1.54919355933805, 52.45892901834528], [1.54793771779539, 52.46118116769593], [1.544094883603101, 52.463164629754566], [1.541336283554015, 52.46191167740072], [1.535959674347971, 52.46667962867486], [1.529907206530786, 52.468412123755414], [1.525100922311287, 52.46812657459611], [1.522216537641657, 52.465758027257166], [1.519316496800236, 52.46621411795916], [1.517445846343032, 52.47076696966354], [1.516048336587077, 52.47160096984689], [1.518844033900237, 52.46629114069809], [1.523275046054603, 52.46518321366543], [1.521163646568193, 52.46190565094674], [1.5160814615799, 52.46407801920743], [1.508775802997515, 52.4626330625737], [1.508033522937831, 52.461798831387256], [1.498187613440982, 52.46635494477286], [1.495122844485312, 52.466037286137336], [1.496442067902689, 52.46733302104281], [1.496204597599685, 52.46773758537308], [1.481219897621302, 52.4723802927239], [1.479612410007063, 52.47121612090921], [1.508072816359125, 52.46164476640525], [1.52181417067624, 52.46171806576249], [1.524146653062228, 52.46722501815525], [1.529385859119011, 52.46830175619022], [1.540969694855173, 52.46172927615061], [1.547569990945701, 52.46113104381249], [1.548844362002017, 52.45881629224016], [1.559327672652652, 52.457297473821924], [1.562935737477175, 52.4613873348785], [1.56209222901876, 52.46499886461871], [1.56646447584614, 52.46396122691225], [1.562107203840897, 52.46556686524588], [1.566158494133815, 52.46847847944228], [1.568875710606171, 52.47469798676566], [1.582647342273144, 52.47660988673505], [1.586556897901765, 52.47845661859619], [1.603920604869194, 52.47131015970615], [1.606878955946184, 52.46638978973546], [1.616832230633078, 52.46331158918014], [1.634762601615532, 52.46273792705964], [1.636182974647166, 52.46653224459516], [1.642715640620008, 52.46820280810658], [1.64654422251007, 52.471754537973396], [1.653927844880734, 52.46779272786591], [1.658642826572695, 52.46808397034204], [1.66376861205103, 52.474768305194715], [1.67085429880128, 52.476011836808134], [1.671788693015826, 52.47780241390753], [1.671322382492345, 52.481911309351105], [1.676180691707323, 52.48412948124539], [1.681468969557224, 52.48933470878209], [1.681218365423966, 52.47431498735222], [1.691075511868045, 52.470074958971836], [1.706354770064546, 52.4712444650517], [1.706974843786113, 52.4745360376818], [1.716795302935084, 52.4728746744679], [1.721780548109801, 52.476788824833115], [1.739092759312057, 52.470890264893], [1.749122083933888, 52.47270425462969], [1.735166364366267, 52.44948602078096], [1.729983911035277, 52.434634579572325], [1.729136612559903, 52.421318273321475], [1.7320904924076146, 52.41430436519572], [1.7198444435978302, 52.38699407544865], [1.691951627695425, 52.3490642398024], [1.675497491633992, 52.31339506584015], [1.659612346272629, 52.32486350094927], [1.65178047806538, 52.32491632668034], [1.644971305712765, 52.32906661163019], [1.640623836103909, 52.329688344432576], [1.638731137856618, 52.33118677294342], [1.637452889449955, 52.331729894377894], [1.636267923214501, 52.33140660147026], [1.635255106414605, 52.3322680454467], [1.63444574498199, 52.332496255030975], [1.633207960609232, 52.33131468070722], [1.625953849134226, 52.334600520463596], [1.631102644211847, 52.33144154436626], [1.612147111350612, 52.3270718598744], [1.61011190392018, 52.32056517242488], [1.615115215514441, 52.32016192550328], [1.610557877430193, 52.31975188156624], [1.605740789814301, 52.32357892182821], [1.608261455065412, 52.323419101773425], [1.606162254376658, 52.32821540088634], [1.601878272619582, 52.32980339937517], [1.596188956149376, 52.32685307136074], [1.597565116417551, 52.32369715577264], [1.598350547668954, 52.32404107600491], [1.598310501686044, 52.32510279116757], [1.598651250020038, 52.325628472374504], [1.599039203448912, 52.325832507978035], [1.599547418808223, 52.325871864116635], [1.601247875271629, 52.32526413157173], [1.598764808203736, 52.32558095502377], [1.59845631551309, 52.32396949902159], [1.59740105115695, 52.32352045199911], [1.595361452659483, 52.323313686496846], [1.593436981995887, 52.321974544922334], [1.591659785405653, 52.32248647328807], [1.586303807937551, 52.31977108187472], [1.584563525746925, 52.320957308739764], [1.581270740248636, 52.321261472429995], [1.579852075240978, 52.32379603776283], [1.575901692067985, 52.32715837330037], [1.573511595175802, 52.328576374329614], [1.568829885063624, 52.33034427624059], [1.562557599190426, 52.331746254175194], [1.557630983045115, 52.332521807168725], [1.573396185282048, 52.32851060635439], [1.580476701206492, 52.32120731697555], [1.587443879898938, 52.31904114964316], [1.59887173242396, 52.323897467662135], [1.608001746818886, 52.315489233347584], [1.608621112148983, 52.31777833615006], [1.617204691078789, 52.316431632988476], [1.628619117961683, 52.32282990292937], [1.630094201833592, 52.322325794992274], [1.628795309800107, 52.32157601973388], [1.629199610432372, 52.320902482284616], [1.632268008975853, 52.32175069031787], [1.629025537640515, 52.32141153838758], [1.631312059239855, 52.32167487365263], [1.631128143708755, 52.32227870033519], [1.62866978391183, 52.32294618564856], [1.631404035854827, 52.324337206286074], [1.629807254512972, 52.32618709065014], [1.637239155063362, 52.327535929061256], [1.638052634780288, 52.330040160639314], [1.651587678727007, 52.32412714367186], [1.658481417917724, 52.32366627102557], [1.668381634949636, 52.31572585264745], [1.66602013034107, 52.312994658270185], [1.672872480860802, 52.31389778421168], [1.651756910675491, 52.30124539342746], [1.634080809404911, 52.27864578798756], [1.630119766797896, 52.26713478358465], [1.622255967265573, 52.186205435601316], [1.6045894400276, 52.15713068491162], [1.583422820916896, 52.09141071824054], [1.575884967594773, 52.08376757648176], [1.486251673949592, 52.05621013791559], [1.462081516697153, 52.040989457846656], [1.468111109327686, 52.04872364297894], [1.487997514087629, 52.059270572215446], [1.517420560596047, 52.06700397916202], [1.537524735394277, 52.07484499372686], [1.56250035453973, 52.085867036662975], [1.567716504818204, 52.09106911388567], [1.578023490073126, 52.0909830466408], [1.581351497845967, 52.09153040007666], [1.567700587938812, 52.091399716886094], [1.561816191625211, 52.08614948407223], [1.542090611209058, 52.079172719518176], [1.539474819705401, 52.08802487667219], [1.554805874934545, 52.08983422997964], [1.568770225297424, 52.09809991085709], [1.570800079498812, 52.10355851455715], [1.568715695557698, 52.109791229377436], [1.586842997715172, 52.11974562026843], [1.599116259225329, 52.143592573064886], [1.575415232583796, 52.144169490740886], [1.571235873393005, 52.14813701170215], [1.579034674381747, 52.15132108730796], [1.579888701217121, 52.15483637596867], [1.572087411198011, 52.15967667903072], [1.5555474704957, 52.15868203557482], [1.553452366679281, 52.1610748960837], [1.557390726152783, 52.16259128782555], [1.551694003445128, 52.16655711387808], [1.53103730685041, 52.16305027477345], [1.530064583173412, 52.16445292360089], [1.528949825716593, 52.16506016795924], [1.530428068018363, 52.16302175926913], [1.511198928297333, 52.15507390325056], [1.513043337894872, 52.15886416183988], [1.509114655994144, 52.15987977854517], [1.50911830504622, 52.16419799801043], [1.494717098731958, 52.165204340482916], [1.501518541773838, 52.164199220988074], [1.502276379013996, 52.16334559211134], [1.504922872464362, 52.16361408178902], [1.507116930348188, 52.16281663047415], [1.509830086760998, 52.158154906191506], [1.509236768602161, 52.15762301605174], [1.505038367620348, 52.16350180614157], [1.502600274791935, 52.16320553521797], [1.499202463388287, 52.16385516318929], [1.502377650271724, 52.16217776141418], [1.499205347199168, 52.15943963623681], [1.503422875893025, 52.16094322064309], [1.50385603279025, 52.15369149312248], [1.508896160688174, 52.15223728380582], [1.507626904194716, 52.15604649785642], [1.508196736162649, 52.15715476913095], [1.510754005896348, 52.15103960670043], [1.523376760390594, 52.15119977115123], [1.525028570420871, 52.15718488313746], [1.539841430161275, 52.15736860229215], [1.553235942954979, 52.1501969034051], [1.567523458559698, 52.15608486196039], [1.572905701769489, 52.15277177834389], [1.568501713144883, 52.153837111626125], [1.568192591996519, 52.14851347412701], [1.573383924542134, 52.14272089676546], [1.582923915225499, 52.13972639358434], [1.595465262429721, 52.141665830071865], [1.588562504557472, 52.13524083228479], [1.589108650591047, 52.131255674136675], [1.581703761373353, 52.119670847517476], [1.566240197180094, 52.1118486770703], [1.565489469584051, 52.10014219404037], [1.552626641125775, 52.09204884729123], [1.537451105090933, 52.09033079057228], [1.537871154577344, 52.08101127727373], [1.524956351403911, 52.081988701252904], [1.510798401435056, 52.069636516262264], [1.490600116353057, 52.073434692126625], [1.491180700672268, 52.080421606343194], [1.498245561252979, 52.0856123174754], [1.49817092720291, 52.09133604490783], [1.494217953713232, 52.0949199438877], [1.496121264002112, 52.097389171722746], [1.495706931689976, 52.09873806517841], [1.49211324882547, 52.10250009510195], [1.493600543161919, 52.0997045283307], [1.486267596678609, 52.09903494750073], [1.489990399252177, 52.10215646227021], [1.486890773719407, 52.101910066881146], [1.487930086800674, 52.10356669924647], [1.487056212480365, 52.10522600230803], [1.487285574122521, 52.103318644395614], [1.484608552184042, 52.10407157456577], [1.486879243482686, 52.10236104086695], [1.483171745402488, 52.10359148422531], [1.486733810016544, 52.10569966426143], [1.486344942053577, 52.11373977145396], [1.485636200340753, 52.11398110882762], [1.483614839529609, 52.113539907803805], [1.486219028452259, 52.11369945392193], [1.483128517461368, 52.11219431819873], [1.485764202054068, 52.111597351031804], [1.48318094231401, 52.1088962370973], [1.485483405484008, 52.10579242755045], [1.482544102745759, 52.103465247571684], [1.485911182821603, 52.0982107969213], [1.493074759261232, 52.09768732804049], [1.496519712637973, 52.08675013506521], [1.489903991873297, 52.08091637868981], [1.48936891063885, 52.07351974509314], [1.501287084229026, 52.07066810674708], [1.49529214439588, 52.06433230556806], [1.484042666642994, 52.060932066491866], [1.478446727088171, 52.05851518028743], [1.462278953435737, 52.04821803148979], [1.457820156832445, 52.04477372078038], [1.4577368449304, 52.04333612766266], [1.453156740321063, 52.044188350878976], [1.451801245131639, 52.04431626093895], [1.450985095514325, 52.044060478404525], [1.457568471445492, 52.04302628686255], [1.462193393946469, 52.04532068057566], [1.454009315093268, 52.03285623104573], [1.444062206578468, 52.02595563405747], [1.431223992330218, 52.00490643327169], [1.394431925069735, 51.98725590949621], [1.392424902825441, 51.99614012284207], [1.395057029649022, 51.99520520965387], [1.395558299100535, 51.99851512281596], [1.392087193419587, 51.99624157572751], [1.394435218059348, 51.998424300420204], [1.391899052130415, 51.99627759616857], [1.388502952783214, 51.999348135921785], [1.390193590120887, 51.99973744743852], [1.394576205862456, 51.99866938319925], [1.395600653008631, 51.998651540559685], [1.395490356061557, 51.999041476518116], [1.367129473627892, 52.00727324098173], [1.363801612116175, 52.011170358887405], [1.365952543598577, 52.01533623854309], [1.362988773144876, 52.02246090386926], [1.345226183195172, 52.03073193508131], [1.344816603357426, 52.033643360568846], [1.352631594587264, 52.03816107413252], [1.35161447409032, 52.04559509623339], [1.341008523319216, 52.053120838958954], [1.344651745991381, 52.057554138234984], [1.341696299700915, 52.0611377413781], [1.343673232147149, 52.064120804624025], [1.329358979917715, 52.06878702604428], [1.32887429507158, 52.07290214943132], [1.318957812484428, 52.08072645349566], [1.319344005658845, 52.086969275825126], [1.331939078988848, 52.09408781427221], [1.331620691412298, 52.09841499255075], [1.343325108760036, 52.10168195374908], [1.336574811199887, 52.10174471681085], [1.344083593326541, 52.10198060288737], [1.348654647694199, 52.10271509600006], [1.351115903532051, 52.10515089610772], [1.351283874205058, 52.10783721770597], [1.353309984235365, 52.10916107879518], [1.353276034161917, 52.110751324536956], [1.352469741379882, 52.11141468607228], [1.354567820646719, 52.11204032814417], [1.352271332147075, 52.112487956806675], [1.351947122315609, 52.111224485786], [1.353089818373241, 52.109224910055], [1.35120990625728, 52.1081559217091], [1.348068862805111, 52.10351244860828], [1.330925547024002, 52.10090268310684], [1.322633038723964, 52.09214804010041], [1.324290705180049, 52.09154363508055], [1.324984857135692, 52.09035389327279], [1.321083669583383, 52.09049633394272], [1.324755611701021, 52.090040166088755], [1.317316468938482, 52.08902133374093], [1.317349390838819, 52.08427143365018], [1.312181075391471, 52.080566467133046], [1.313726647902889, 52.07766642396228], [1.30408652440227, 52.07810009042724], [1.310474335483577, 52.07861233907234], [1.307533814462242, 52.07943339538571], [1.296667991916569, 52.07851396954131], [1.303810964028225, 52.07814380557592], [1.295320942526609, 52.07790409360778], [1.294599469785771, 52.07552283783393], [1.31739404066511, 52.07608000478002], [1.318998718554401, 52.072901197939544], [1.3231299404787, 52.07039578343865], [1.324194616549303, 52.068206191839955], [1.32407584449111, 52.067040316814094], [1.322972698697055, 52.070361556832346], [1.321557889072336, 52.071335972489514], [1.323344814306029, 52.06886788116145], [1.320096685900453, 52.065809746210164], [1.326110329294351, 52.0622923350323], [1.324355406517687, 52.06459675426575], [1.324073308712731, 52.06677054950964], [1.326988735686635, 52.061036183491], [1.33377355753468, 52.058601985558234], [1.331562188784739, 52.05496611537155], [1.33505020796541, 52.04873594529189], [1.347359366578489, 52.042257836293274], [1.344862735529596, 52.04189346274819], [1.342867280852791, 52.040876233668314], [1.34707384911981, 52.041853115568664], [1.34611539072914, 52.038494887230684], [1.341283684180273, 52.040725098384726], [1.344524109928534, 52.03808319047699], [1.343117724683728, 52.037081593507125], [1.338003557125168, 52.04485393810815], [1.337239138782694, 52.03330888099782], [1.337960945675588, 52.03205618913144], [1.338204828086541, 52.03651320551319], [1.341044605686607, 52.03892854260923], [1.342923934746841, 52.03686852931318], [1.339006690658195, 52.033114854690346], [1.343291541917772, 52.02720176420508], [1.33766766786731, 52.02416925731029], [1.344403078347682, 52.02644701705961], [1.356345711150045, 52.02214055827701], [1.359330191196035, 52.01469616939407], [1.356084533565988, 52.01252398083587], [1.358813758054692, 52.015837004380224], [1.355744650528357, 52.0161017607754], [1.354234571309715, 52.01368931352132], [1.356152568630123, 52.01220633997371], [1.358745491060227, 52.012709777999525], [1.36154534549971, 52.00617727210542], [1.38181364369596, 51.99736838697528], [1.378121163559897, 51.996380732037906], [1.378314037916695, 51.99588499247312], [1.38284397850692, 51.99661655897491], [1.387964003668472, 51.9902108138994], [1.383782212466863, 51.98952888243696], [1.391434763987641, 51.98931033163563], [1.388867977170562, 51.97944176510681], [1.371852978729222, 51.966074642129975], [1.344891494474418, 51.95690908697623], [1.3219123556191874, 51.93502555066809], [1.316402448988142, 51.94832825908558], [1.319655187058493, 51.95052920373912], [1.313364867462006, 51.9498287057524], [1.316049172886537, 51.95093580498656], [1.3016620331486974, 51.957604769115356], [1.2807674142720067, 51.98090238152014], [1.283313880153781, 51.98980734841491], [1.280285621170799, 51.99310183093472], [1.264126214025238, 51.995799752563855], [1.257868345374373, 51.99979209509414], [1.258339181203137, 52.002963017143806], [1.255276527544561, 51.99925764822339], [1.25685935941601, 51.996534432636395], [1.229975877803809, 52.00633430366171], [1.21541989029727, 52.00650083045753], [1.200357838301914, 52.0148270372879], [1.188301332791593, 52.014985136247866], [1.173663526529934, 52.02428574446443], [1.169689673039914, 52.03032972192056], [1.159898048263675, 52.03185571734095], [1.157981798275771, 52.03700220857174], [1.163634742726243, 52.04499448464034], [1.160441275015426, 52.04891166826511], [1.157620595133386, 52.051028063913485], [1.154936835643522, 52.051986798138515], [1.141735773918884, 52.051799274294616], [1.141129488527704, 52.053386662077095], [1.134372419032595, 52.05747548661991], [1.141551677238972, 52.05156673111559], [1.155652539125051, 52.051606088521375], [1.159875840781377, 52.047968988328094], [1.157235451663015, 52.039157391345036], [1.153215486271924, 52.038880185935795], [1.15000424946421, 52.03399068761781], [1.161859006721492, 52.02679071814031], [1.1642032712366017, 52.02178979180344], [1.1603176281300556, 52.0229814118964], [1.2050947298555068, 51.955254745496376], [1.187304993539162, 51.95574480245668], [1.177841163817981, 51.96481233325585], [1.163018337344142, 51.96728220115728], [1.163512412934433, 51.97051216426431], [1.159897481878768, 51.96522817690052], [1.139089045049222, 51.960638824417586], [1.130283402725497, 51.95352806080245], [1.11851087560625, 51.956220513253506], [1.099771184113441, 51.953704580595755], [1.086101808796389, 51.95892065246506], [1.069419059104077, 51.95524416411707], [1.073099934843732, 51.95474697299368], [1.068951881318278, 51.95454225803028], [1.066020706811568, 51.948983141109814], [1.057957552821577, 51.95544101687507], [1.063608610016014, 51.94844429124742], [1.053387887588793, 51.95241727482862], [1.061846735557627, 51.945933204293624], [1.075547247645984, 51.94701483373086], [1.119408221756116, 51.94002736363764], [1.136279679668664, 51.94046556078361], [1.150336923250211, 51.94588206179646], [1.170594450832852, 51.94798565760195], [1.175661836019875, 51.94346884532637], [1.188261900691369, 51.94061775947046], [1.205846212113454, 51.942770603456324], [1.212848259547752, 51.9402141082757], [1.2176084625425008, 51.94266525748194], [1.217256254180305, 51.939809400623425], [1.2212677283621274, 51.93955133149863], [1.2566404468699646, 51.909450203925125], [1.2537552976324, 51.90259440543334], [1.246699926027246, 51.89609858745917], [1.243443903606772, 51.90018011202047], [1.244353604156436, 51.89696745595124], [1.239954525829821, 51.89656618518517], [1.231048479262245, 51.90334917493891], [1.238535108478107, 51.90191281434192], [1.240044235301088, 51.90261775742946], [1.229726294653566, 51.90453764715256], [1.212986284942527, 51.89850065928192], [1.21208629623864, 51.89650334162303], [1.230694269637254, 51.892644932996575], [1.225562343861736, 51.889515554574686], [1.212485989309521, 51.89037184193029], [1.212229049724417, 51.886363852638], [1.198985501284166, 51.884775029297984], [1.202518033638945, 51.87814451998556], [1.210895934702126, 51.88036871768772], [1.207186764292384, 51.880485253477374], [1.206213892856965, 51.8808643980362], [1.206258575903099, 51.8817976898139], [1.211176232817175, 51.88054905825607], [1.209755845411859, 51.8784822998231], [1.197080907224398, 51.87731663729496], [1.199661329750429, 51.875673325343], [1.192309127090562, 51.871745788069155], [1.18648792874292, 51.87256120087779], [1.178183267091898, 51.87141889379412], [1.207749868079017, 51.870864969400714], [1.224393879927035, 51.88056866056364], [1.221742207948937, 51.87206529757216], [1.215544214131326, 51.87215496415019], [1.212726967353005, 51.86993664011366], [1.228464147373059, 51.87259590821788], [1.230119164384986, 51.86797687760435], [1.2252523627441, 51.86493822598015], [1.232246301360975, 51.86295623176577], [1.227997210113093, 51.85847694729533], [1.232397728479326, 51.85810145252221], [1.23237730915955, 51.855061949764305], [1.237122665708468, 51.861959487235445], [1.243108605444283, 51.85920592076805], [1.249263781793563, 51.86229458670593], [1.249705472305431, 51.85840759855284], [1.252355333510231, 51.858936034862], [1.24996399062178, 51.85611138332119], [1.253761166039294, 51.85804624975308], [1.25250128165134, 51.863734989479546], [1.271429098829699, 51.86229136675916], [1.270463636900307, 51.86077839180622], [1.267064747447352, 51.862106065266694], [1.266316245982827, 51.8621007660232], [1.266206601446918, 51.86193112099587], [1.269489163319248, 51.86070206202186], [1.271395310051568, 51.860585187995326], [1.267300236329778, 51.86024485390893], [1.267631335782254, 51.859081680148776], [1.268975270298735, 51.858583806687044], [1.268706549532563, 51.857703513981754], [1.265422223377497, 51.855878156196546], [1.26911571461446, 51.853171578699076], [1.2325953380740895, 51.817476393109935], [1.2081016117425514, 51.80525614856609], [1.0503758344612866, 51.770408629408955], [1.0359617710556452, 51.78311274349645], [1.036290965350587, 51.78551761898322], [1.04041222854988, 51.782627410742954], [1.041149585330428, 51.78386657472784], [1.037063086731067, 51.785484177678235], [1.037121040422166, 51.790596643971895], [1.017719712225015, 51.80127505705238], [1.020751698720438, 51.80314161829472], [1.029739188294053, 51.80037659922801], [1.041239774712093, 51.80289549735673], [1.045983037213595, 51.80131560518363], [1.048580570455057, 51.80270346629527], [1.04936414389988, 51.80139520977525], [1.054771184392588, 51.79844053592447], [1.065532040815855, 51.79637223597326], [1.063554948135361, 51.798767646341986], [1.055662170514283, 51.79846682399476], [1.049147500375901, 51.80312858061564], [1.0444014055378, 51.803117628177006], [1.062151300181543, 51.81037144563898], [1.067765677864568, 51.82107717074133], [1.063257266840187, 51.82057598725579], [1.059942183660314, 51.824339109389236], [1.063594623840605, 51.81853362928124], [1.058469422185035, 51.81894958185898], [1.048888786957618, 51.82320983596608], [1.046179585650028, 51.822831298342955], [1.044796206558577, 51.81942877518026], [1.048853051320965, 51.82293915627061], [1.064461185705502, 51.81614203756138], [1.06019986778045, 51.811593298897655], [1.039642556352459, 51.80559004921224], [1.010571757830839, 51.80561988223783], [0.98482514382737, 51.826677464801655], [0.983625285735906, 51.83399561741802], [0.98933234669998, 51.837593842901896], [1.010663283390607, 51.831664751955984], [1.013959056306347, 51.83404101162628], [1.019578126446973, 51.833815837167094], [1.020867028613414, 51.83472348261482], [1.012930570979454, 51.83437856932758], [1.010468658916619, 51.832358671474495], [0.985464372207366, 51.83873003878829], [0.979565760111231, 51.847788982774766], [0.961521119113571, 51.85406486342522], [0.950527961608607, 51.85539175863983], [0.952037774068796, 51.859794957456], [0.951030066569267, 51.863460021899165], [0.935533401868597, 51.87679796909803], [0.927816287800112, 51.880533927949436], [0.92697024596028, 51.88162522839668], [0.926718233126763, 51.88496994807963], [0.926048767003956, 51.885850018234], [0.923475276741387, 51.88706519625522], [0.918764766003649, 51.8870428070123], [0.914826550808005, 51.89127126530477], [0.918361203527774, 51.887005164108416], [0.925825449128656, 51.88581327569577], [0.926651077495202, 51.880760792667814], [0.946683965450172, 51.86624016779068], [0.950525069588379, 51.8624914806813], [0.949061159863353, 51.856148053761736], [0.955329047748494, 51.85265847012899], [0.953017773836397, 51.85213826419022], [0.951029510437196, 51.85102798754374], [0.950723756227821, 51.850394417189655], [0.95196494145316, 51.849411719598926], [0.946327788355765, 51.8491043621985], [0.945122068435076, 51.84676380805198], [0.93764046859958, 51.84787377889228], [0.930508852524702, 51.845011008964164], [0.927656685145571, 51.84569906447188], [0.917216958795918, 51.845485534299485], [0.915491771546566, 51.84611203541596], [0.912840488441302, 51.84532875498104], [0.930516513980089, 51.844905589522966], [0.937767071385673, 51.847766279731225], [0.945484565143311, 51.84662252170735], [0.951726696905748, 51.84825661139959], [0.952967032525682, 51.84930199728609], [0.951466089820487, 51.85099724469201], [0.956379320164151, 51.85213113271074], [0.954746764886001, 51.85392321823716], [0.96090947258861, 51.852801359861516], [0.976534143972661, 51.84575045172964], [0.978391111004449, 51.838139632483276], [0.974051317329107, 51.83139803398027], [0.9783894856194558, 51.82291998937026], [0.9713862149814829, 51.820308039530715], [0.96634262309426, 51.82227076098942], [0.964026585582973, 51.82899179685989], [0.960406160542696, 51.83166517003804], [0.952524707786668, 51.83327546924226], [0.962910030825252, 51.828258193211596], [0.964136620956229, 51.82198286420609], [0.949209434410647, 51.82464282460049], [0.943510059209651, 51.822154124619296], [0.951184091009265, 51.82336650611625], [0.9677232870288707, 51.81894190867947], [0.937667858437443, 51.80798405737244], [0.927447083139083, 51.80754478415157], [0.925304240939021, 51.80927010303508], [0.919213446783362, 51.810954095566316], [0.917046546500662, 51.81020385297994], [0.916146762924661, 51.81139088262335], [0.916817662084251, 51.81002967135096], [0.925228290239159, 51.80829977385122], [0.919863331255458, 51.80790075880027], [0.923229644278687, 51.80615771891054], [0.9342382154066037, 51.8064532684466], [0.9051008716994141, 51.79558616303898], [0.911475024674276, 51.79960533926231], [0.908279256483257, 51.80192299423032], [0.905087988733297, 51.80181308330156], [0.906201975806174, 51.80255537377183], [0.905994928325675, 51.80368919981948], [0.904176796082899, 51.80408943466616], [0.904813561037206, 51.80162919283794], [0.908985772552168, 51.801158121641706], [0.908170468393368, 51.79856652379569], [0.8739678731654692, 51.783974755351196], [0.871199469461112, 51.78426296173572], [0.872088245222877, 51.78578994838042], [0.871208210262932, 51.78636365992368], [0.869340882580198, 51.7863939894785], [0.86780306391619, 51.78841732575021], [0.866256228588698, 51.78867722190605], [0.867281088427283, 51.788830291501974], [0.867201169936868, 51.790816245143034], [0.868965628378627, 51.791538558986545], [0.867910622430804, 51.79246546411955], [0.86584815389322, 51.78878251273358], [0.8719777994493969, 51.78323253461004], [0.862936032264168, 51.78472992508576], [0.858549278175079, 51.787202054855165], [0.856168024099464, 51.78740745428746], [0.859566322742252, 51.785742836005106], [0.851520032388464, 51.78627834952668], [0.841575494743645, 51.78229584334639], [0.837439073961348, 51.7841981201071], [0.840242753334663, 51.78524740304721], [0.83989100284702, 51.78726419331589], [0.837453146565613, 51.78832495937059], [0.83217632571664, 51.788030459677294], [0.833291068285645, 51.78980500650978], [0.829780966022434, 51.78896325359771], [0.828184726162238, 51.78774259972516], [0.839623104398482, 51.787108765890984], [0.834885999613525, 51.78436677132374], [0.841925803815046, 51.78141048198124], [0.844198692422329, 51.7824365541353], [0.844581738376422, 51.77999807093397], [0.857902654634567, 51.78404032616127], [0.866784802898706, 51.78129574718478], [0.8431227112781484, 51.77247069963106], [0.83669630240618, 51.77386352731118], [0.83419179008026, 51.77075281454483], [0.839328158132061, 51.77320367387917], [0.8395260837241904, 51.77112929627138], [0.7316841975506511, 51.730908432071104], [0.712861798998607, 51.73749322859503], [0.71174177288179, 51.73516639669814], [0.714577067659323, 51.734113426366335], [0.70786031356777, 51.724878418653695], [0.705347224085925, 51.723849915651], [0.702147664096733, 51.72791578863435], [0.686443089460789, 51.733212535452736], [0.690238198014486, 51.73451064958942], [0.690541495368974, 51.73556852156781], [0.685192211121625, 51.73305136457217], [0.677228602924375, 51.734611841863305], [0.664155245258116, 51.73934102827956], [0.665044106794673, 51.74127602292541], [0.663821152506013, 51.74360964370094], [0.662049564328069, 51.74275047310979], [0.664124835446274, 51.73889835045947], [0.67695362834438, 51.734248460131866], [0.68659872717462, 51.73193099957901], [0.691687714124382, 51.726755691582945], [0.697380766948659, 51.72675997506206], [0.699289975940211, 51.726161215242996], [0.697040512633391, 51.72646919702819], [0.697315861169259, 51.722824151939996], [0.7037221888701463, 51.720479681297064], [0.6998067188004935, 51.71901936197644], [0.7508112967370743, 51.69543674881278], [0.746913053165972, 51.69460851238575], [0.745560969685827, 51.69264174470945], [0.748254299183278, 51.690950914164105], [0.738239348272458, 51.69373279236261], [0.74203773405055, 51.691429028848525], [0.73757769330742, 51.689291929475175], [0.73780578574247, 51.687198289839124], [0.7725191821206351, 51.69537424412268], [0.773955289759485, 51.69144460551071], [0.776426236434586, 51.69086548650474], [0.773413523107815, 51.688927504240304], [0.776889591328424, 51.68879226363309], [0.773372575620675, 51.68752366168518], [0.778105222348158, 51.68515616728665], [0.776046476091393, 51.68766463045528], [0.777586162429753, 51.68924976905374], [0.777588155272843, 51.689778529001835], [0.77588041270123, 51.69154659409405], [0.779754545566723, 51.69277969439826], [0.778896755415143, 51.69354107626027], [0.777768304812885, 51.69281409658152], [0.777793515054424, 51.693697616929406], [0.773965221451553, 51.693499403960004], [0.7742873661215619, 51.69585419529527], [0.852389873370754, 51.71558942305103], [0.9321365469307228, 51.73870035801443], [0.9466571611888632, 51.725579693989104], [0.946973178574809, 51.71650159113524], [0.942363635221046, 51.70358393608321], [0.939259002339237, 51.702583332904744], [0.940787846600851, 51.693641999520594], [0.947055092610368, 51.68891231366908], [0.9482226225872086, 51.6806093214085], [0.942337224995711, 51.670346694298196], [0.942197347250132, 51.66058098719646], [0.938568432951983, 51.660594560892385], [0.938333715161241, 51.6603638932929], [0.937641898740487, 51.66122663350391], [0.935625224499924, 51.66108191076108], [0.938266715460484, 51.66024505136906], [0.94181952631194, 51.66028464690884], [0.936496247685298, 51.660015040072864], [0.93998349632249, 51.65739052840084], [0.936287672503572, 51.657908490865964], [0.93902772708257, 51.656520490895026], [0.936635541896303, 51.65599848068877], [0.936025947796707, 51.65531488451921], [0.935232660102806, 51.65547953349681], [0.934732232670704, 51.655075627841946], [0.939599643079928, 51.65447713780842], [0.937604220227678, 51.65472225822665], [0.934208934877908, 51.6538250556951], [0.939414179404618, 51.65433696830774], [0.935540286385863, 51.65041993543203], [0.937098507201435, 51.63621728392188], [0.934555964127557, 51.63276874466409], [0.904301498517025, 51.62241670637853], [0.833242561167089, 51.62248574482515], [0.804348799391343, 51.626110960592655], [0.802954013832098, 51.62936222416122], [0.802878889244428, 51.6258708438719], [0.789785834930641, 51.626954533496125], [0.761888272082054, 51.64414660374283], [0.745439509517809, 51.64329052036087], [0.746210591058569, 51.645643196553365], [0.740977223329228, 51.641207578149455], [0.731041565323788, 51.64340341553579], [0.716904673283211, 51.64299855557207], [0.709008741930239, 51.63668682328083], [0.69588808649639, 51.63924273377473], [0.664374205933455, 51.636749942630544], [0.660245541973399, 51.63769798650066], [0.659889855109249, 51.643053563985625], [0.664806986438718, 51.64087622558773], [0.666622178573055, 51.64257164435034], [0.650352786071381, 51.648436058249075], [0.650443191406475, 51.64572338291512], [0.658429934106949, 51.64344908275579], [0.657846838520355, 51.63785574524669], [0.62834923345554, 51.64153197046638], [0.629667173285929, 51.63777916297247], [0.631169758904677, 51.63747119722653], [0.631241077502456, 51.638777240307626], [0.632705172001491, 51.63895125621994], [0.636498519910738, 51.63816640952837], [0.631901183549246, 51.63737293584935], [0.636460058920786, 51.63580918325063], [0.637678068336083, 51.63849244593239], [0.646672240768655, 51.63662706682807], [0.642583006020043, 51.63264158973908], [0.626882939355979, 51.63344554707505], [0.607730947682503, 51.62981124700876], [0.603090987246998, 51.63796421450393], [0.597622392277213, 51.63825085755119], [0.59554432904743, 51.63704135052085], [0.594584614508891, 51.637648046074084], [0.596512090540763, 51.63892834060628], [0.59734082012074, 51.64073298434494], [0.599681499971914, 51.642360203212995], [0.600578432356889, 51.64363538715654], [0.600954554494919, 51.64578634457413], [0.600522478008774, 51.64743092958625], [0.600265918412175, 51.64335270918584], [0.598086846105664, 51.642101444902934], [0.599910911814851, 51.64556035786685], [0.599123783097059, 51.64696367428634], [0.596021443803803, 51.64916193877765], [0.599727804074923, 51.64556889860846], [0.594313733745172, 51.63746067765653], [0.595513384934372, 51.63675246976592], [0.60265851613451, 51.63785780637474], [0.606452345827177, 51.62973982317654], [0.597482889369062, 51.632320118202024], [0.586940908178534, 51.63115811279581], [0.585953721240106, 51.623559769522444], [0.578576750285388, 51.62509630032363], [0.576052218670982, 51.624275784014785], [0.575342230984925, 51.62521049002458], [0.566275574099075, 51.62262838755158], [0.564422890394825, 51.62118497654525], [0.562377854555002, 51.61791740291424], [0.560762826878847, 51.61717560540324], [0.551608289671859, 51.61774555814882], [0.556524787972699, 51.61667086141065], [0.560591861881754, 51.61701298157067], [0.562584303535284, 51.61783822677423], [0.562872130431592, 51.6182798385066], [0.563549412001202, 51.61245801165166], [0.564485661922834, 51.61197439633505], [0.56296464177169, 51.61840910405049], [0.566399707989896, 51.6224205937614], [0.57059150692489, 51.622120204176746], [0.578093742637047, 51.624784037978074], [0.586527771342806, 51.62262800251868], [0.588110673981306, 51.630358877883104], [0.59575707114553, 51.631352831263875], [0.606359539067797, 51.62857546111013], [0.637169499600369, 51.631672449766164], [0.647762343236864, 51.62986098545674], [0.648211369181235, 51.62558794819617], [0.648990105205361, 51.630174142073116], [0.6468742536653, 51.63339566578218], [0.651568580260822, 51.63590318625426], [0.657776523262397, 51.63269959680801], [0.657692734870775, 51.63047562046991], [0.658477069546665, 51.62987685748421], [0.657555631088523, 51.629885129419236], [0.657447750615992, 51.628830858087554], [0.655397008517572, 51.62850585822761], [0.657764398904551, 51.62856286993516], [0.658742585967267, 51.62982048570158], [0.658050431768274, 51.63276263811412], [0.655164011944476, 51.63409066705318], [0.656942595396701, 51.635219554674656], [0.669450255658878, 51.63325843243715], [0.721947334030401, 51.63577226840816], [0.737627275714018, 51.630494336645604], [0.751631328410262, 51.63148616714119], [0.76406504443977, 51.636872562673815], [0.775238140179562, 51.632410603395236], [0.784388822373287, 51.624291078688444], [0.779413554595549, 51.61882575647657], [0.785053948289066, 51.623614259810225], [0.865716769828108, 51.615564183417845], [0.863611491998745, 51.60961670597322], [0.866107753956184, 51.599211905187126], [0.859817983637363, 51.59564374325433], [0.821140269937861, 51.59873337844204], [0.816572447829079, 51.60435634712454], [0.798862710273744, 51.61473715501861], [0.785322795797004, 51.6134746753341], [0.775788026296365, 51.61064997491187], [0.798116322291587, 51.61375934610545], [0.800314670141168, 51.609601233456054], [0.815914669958012, 51.60280540407168], [0.819080282537459, 51.59760471897993], [0.796360438968627, 51.58632620846645], [0.783957442295255, 51.58791000915914], [0.764613249742574, 51.58321951649242], [0.754231937620549, 51.5881080741205], [0.751080698526015, 51.586396769796046], [0.759732993626891, 51.5847302449903], [0.760334871127582, 51.58158539585195], [0.721805281324432, 51.5798344282337], [0.725562533583486, 51.57713002951628], [0.717179010347746, 51.57485397571164], [0.714298920182576, 51.57363276668132], [0.71362983643325, 51.572649957958305], [0.747697502668974, 51.579426811211945], [0.759708832188159, 51.5789020019188], [0.75795283847858, 51.57664992030895], [0.761012493074634, 51.576357590467744], [0.764604014981368, 51.580546823511774], [0.805849296058443, 51.58612569944328], [0.806748765524675, 51.579710498861175], [0.797245523155831, 51.57777540093816], [0.794869657229362, 51.577117932266134], [0.793444254921044, 51.576329855840854], [0.794706601544936, 51.572320939860646], [0.801140471087209, 51.56886583764766], [0.796533024773139, 51.56725438715276], [0.787085655079871, 51.56757370775081], [0.785697578012085, 51.566681210444514], [0.794853242844052, 51.56553792021548], [0.804726538629186, 51.569120109565084], [0.798481506314525, 51.57146285684843], [0.801852948344035, 51.572072204278605], [0.806991537529166, 51.569645136221965], [0.803743610487501, 51.567218932082675], [0.808190297794756, 51.567131434321915], [0.809883521565077, 51.56980519736751], [0.79563850654662, 51.57459396436309], [0.808032071960509, 51.57872734020977], [0.814351831988778, 51.57644074197761], [0.812886192450919, 51.57393063598144], [0.82098147041629, 51.56437004595399], [0.817685307255413, 51.56207939380133], [0.824637128783521, 51.56356164664871], [0.829040144511352, 51.562057879590725], [0.829576801375595, 51.558547232966006], [0.840292366643946, 51.56013461526381], [0.8506785069770644, 51.5556536969596], [0.7890047778147782, 51.52439617893417], [0.643996837290899, 51.541073816656514], [0.608442411052574, 51.53494778314597], [0.54755541653778, 51.54768543588444], [0.545006268383532, 51.54762658576954], [0.54414711251983, 51.547016567117446], [0.543163595764053, 51.54402062097535], [0.542840487575747, 51.53496766567514], [0.538246311279831, 51.533777541821166], [0.53518833099206, 51.53116724677238], [0.527012695156355, 51.53293735006415], [0.509105189589553, 51.53076686052358], [0.506461788064967, 51.544799050036715], [0.496498395053917, 51.54870242382385], [0.502936348994063, 51.552490801253256], [0.503018824681982, 51.55312575347606], [0.495932317908618, 51.548823287201884], [0.499898485733613, 51.54526020185606], [0.492935839270415, 51.54886722602171], [0.504702433543569, 51.558666576271584], [0.50354501222777, 51.55897548067209], [0.49460542072142, 51.5529119978841], [0.49155826150435, 51.55425112892714], [0.491622896367782, 51.555485429327256], [0.490374814004739, 51.556011043245846], [0.489156947312434, 51.55508271774447], [0.494189071099166, 51.55258000340079], [0.491830827283815, 51.54886553031478], [0.493726788135965, 51.5463430903105], [0.505049517814503, 51.54311418034966], [0.507106443675553, 51.537505162501574], [0.506267908061274, 51.53851595595598], [0.503809706760578, 51.539105359444235], [0.496213933432759, 51.53821147773761], [0.506190783171996, 51.53824061026385], [0.501943174394308, 51.53431396606722], [0.502281751063391, 51.53073368798376], [0.503683386541351, 51.5358848421939], [0.507443761058939, 51.53663550093853], [0.506839738866989, 51.531261386381736], [0.517652615744025, 51.52710683425613], [0.519627911608637, 51.517969392886336], [0.5292474882540684, 51.51431620499254], [0.467255261686957, 51.503746765114094], [0.460865399398877, 51.50697568439804], [0.455566387998942, 51.506842151879006], [0.459452235288417, 51.50650529770581], [0.446155271372512, 51.50007986157528], [0.444036450062659, 51.50143977777709], [0.440172127855276, 51.50168844635587], [0.435700505699818, 51.500115884366785], [0.436353617357718, 51.501554703748326], [0.431738696544536, 51.50294284569305], [0.431252842992535, 51.506348781769645], [0.423347770183412, 51.51451102772239], [0.423922725082515, 51.511467529610314], [0.432872335050036, 51.50166386722425], [0.43590590324078, 51.49996859934954], [0.44360085629736, 51.50113587562024], [0.445021886317929, 51.4994991626888], [0.43989812809638285, 51.48639656979054], [0.38688344072599257, 51.45286413636039], [0.381629763063841, 51.45261195701966], [0.378301280532507, 51.45661678691491], [0.378729053822463, 51.4521348598615], [0.358992184870128, 51.45112904713863], [0.358994335012775, 51.45365519961515], [0.356028794331139, 51.45124531048504], [0.340815515228438, 51.452327169107775], [0.335149475975874, 51.45674343038603], [0.333791318462326, 51.46395154965663], [0.322899728265047, 51.47327885808602], [0.297777926666265, 51.47218220649361], [0.281374051885029, 51.461398809000485], [0.24701372468023, 51.47273550105131], [0.22849278804031, 51.48636182973922], [0.210525392852171, 51.49024251723605], [0.187656399020659, 51.48785842329807], [0.178550737238397, 51.50528180708755], [0.164850972541969, 51.51169385650907], [0.126317990050487, 51.519445630441325], [0.109047177887384, 51.51424939335019], [0.099345727712374, 51.51481014788202], [0.095568337263082, 51.51698290573625], [0.095669512460401, 51.52056742937964], [0.092030953285476, 51.526663839095015], [0.076339512154612, 51.529921073487436], [0.07042736315909, 51.53911542469532], [0.069497531654856, 51.538868357860316], [0.069417314359753, 51.5503543742273], [0.067746715326341, 51.554738085729156], [0.066247508370342, 51.55667007530383], [0.06912576697383, 51.53881106404861], [0.0751618058446, 51.53157409785998], [0.073165686002032, 51.5293701853992], [0.092049353801695, 51.525617671886174], [0.090781104991314, 51.52399010572308], [0.096762723898069, 51.51515040687701], [0.083369829733274, 51.51154469861196], [0.070854556163044, 51.49950109764982], [0.02441487696214, 51.4983066425228], [0.017791072774503, 51.50057545662122], [0.009913219266262, 51.509137793536446], [0.006544092670487, 51.51002552286118], [0.008199114693924, 51.51259605752408], [0.007143324692232, 51.514379401916436], [0.004686293144878, 51.513764067364974], [0.002676969499883, 51.510865911083485], [0.004469615368407, 51.514704791177564], [0.003581759610553, 51.5155895760583], [-0.008515460232001, 51.520010462688425], [-0.006359158490986, 51.525917072671845], [-0.002086497063647, 51.527027808726004], [0.000670250629814, 51.5282838561899], [0.001112939284203, 51.531046950925926], [-0.002324451603273, 51.527157759927654], [-0.007951591195904, 51.5272165916217], [-0.00919668608168, 51.51985837451078], [-0.00602988803016, 51.51645747994198], [0.002743539547048, 51.515473509524284], [0.002488047931397, 51.51043657671389], [0.006738155839893, 51.513852168268585], [0.005599471795797, 51.50991128844659], [0.009062250515304, 51.507744116237944], [-0.00574917280702, 51.50509767633939], [-0.008984107495211, 51.501230944469036], [-0.003253645462413, 51.4898305898091], [-0.00983896642681, 51.486339175640346], [-0.025698966250646, 51.49060543759464], [-0.027885024637026, 51.49489394982534], [-0.025796090543241, 51.50319500258582], [-0.02991323389341, 51.50886308157906], [-0.045045471232483, 51.50948318445756], [-0.060393237081759, 51.502830786700045], [-0.081531029683164, 51.508389682786124], [-0.108472254309927, 51.510810125892505], [-0.121374777233887, 51.507408822761555], [-0.125376513316914, 51.49164417410779], [-0.132663665970732, 51.48569766669508], [-0.149125378843907, 51.48622752049959], [-0.175762610890533, 51.48162171660892], [-0.183880908863717, 51.477418734193016], [-0.179424129343521, 51.477594231011146], [-0.181173760130867, 51.472309500775815], [-0.190521144794295, 51.465225069792375], [-0.216687801001688, 51.469569164561534], [-0.22267108269921, 51.47491883202673], [-0.225021038970724, 51.4842697248822], [-0.233138018977502, 51.490316493925654], [-0.240558722829867, 51.49010614222139], [-0.247698525562838, 51.48730307458038], [-0.253532926388386, 51.47400850443553], [-0.258811393849935, 51.4714837036261], [-0.269148828941928, 51.47355934285498], [-0.281588186417266, 51.486247131791494], [-0.287196298938647, 51.48783719341913], [-0.292754498865413, 51.48745601777241], [-0.304270659154826, 51.48239583939818], [-0.300108339913608, 51.48271145524531], [-0.306981069886683, 51.47625365462791], [-0.322142084016483, 51.47050603782601], [-0.321734550831787, 51.46540692549368], [-0.313971817890059, 51.4597436542565], [-0.305915082505178, 51.456164528559924], [-0.304301827024729, 51.45161263677632], [-0.327130727167426, 51.445632443163106], [-0.331385788135234, 51.44157006842522], [-0.331859218724706, 51.43912097400207], [-0.32598816524531, 51.431069103353], [-0.318566802992466, 51.42910324139585], [-0.326959590879306, 51.433382342492095], [-0.330014510594918, 51.441687228883204], [-0.305876022047194, 51.44851142830462], [-0.302570623939876, 51.45234473136091], [-0.308040007251526, 51.458879464431725], [-0.319791910996267, 51.46471635307776], [-0.318649998377041, 51.47012867478371], [-0.30685234477549, 51.4749460924319], [-0.290565851836049, 51.48624434404304], [-0.280594276453799, 51.483914304602976], [-0.267848400119361, 51.471244359529635], [-0.260238150139388, 51.470314273211294], [-0.251503887429194, 51.473635653985845], [-0.248543943284819, 51.48373404742733], [-0.241047093808439, 51.48834646106008], [-0.233230654337536, 51.48859135101425], [-0.228034688948737, 51.485109294152956], [-0.223686098885385, 51.47162497501116], [-0.212801436054289, 51.465561394319], [-0.195540459134923, 51.462874428722515], [-0.195170225934756, 51.459998325457704], [-0.194134206551157, 51.45984118984583], [-0.194839274054681, 51.462877115871365], [-0.182214520411348, 51.466484108669604], [-0.172021242369757, 51.48013814856405], [-0.128455623598177, 51.48504875771879], [-0.124206372823354, 51.48782881089663], [-0.118350280583698, 51.50572548456026], [-0.111457469305837, 51.50835473557233], [-0.08106399465017, 51.505889289744374], [-0.070860191530127, 51.50251603096568], [-0.073540393282861, 51.5004630180248], [-0.056173712125417, 51.50098308621385], [-0.044413024929315, 51.5069205370542], [-0.035649114333846, 51.50687658036399], [-0.032354280052378, 51.50431688260732], [-0.033249707474907, 51.49423046285249], [-0.028851595434854, 51.48824933075361], [-0.016521720304069, 51.48163860246143], [-0.022699247672404, 51.47596875903842], [-0.021154058831901, 51.47523764860842], [-0.01502553101123, 51.48176618100656], [-0.017957030963552, 51.483180861412215], [-0.007266518632473, 51.483791926317465], [0.001962841910588, 51.488460184705794], [-0.002267078145422, 51.50013920757729], [0.000825317829994, 51.50452346119352], [0.021576858814755, 51.494014803061276], [0.058028252898883, 51.49405877601484], [0.076207358083591, 51.49589116668041], [0.092024725969323, 51.50900750803664], [0.128592604302682, 51.513293740755756], [0.166699754660998, 51.50333587261143], [0.177834148905483, 51.483028617030016], [0.190414659154942, 51.47904868451686], [0.200817015247732, 51.47865692908665], [0.211656958725558, 51.482728204134766], [0.217615823469412, 51.480448325206126], [0.215962058292094, 51.47708383897837], [0.211824156950194, 51.475795040624355], [0.208107796057687, 51.470797553609025], [0.211016059423417, 51.46828674065323], [0.210248114168936, 51.46255739171861], [0.204418191716663, 51.459973753015284], [0.202578198831048, 51.45832485531082], [0.198573531509987, 51.45847829378543], [0.197283192200866, 51.45753843444265], [0.203514102917496, 51.45806085512674], [0.210352057723379, 51.46208598321548], [0.21150421128147, 51.45551463998061], [0.214649607247237, 51.4530505145795], [0.211295227047348, 51.45920121266093], [0.211884030734712, 51.469323434077936], [0.209219153830746, 51.47088093249319], [0.220136107346715, 51.47952650408306], [0.274264602732004, 51.453775006143786], [0.291337204018029, 51.45474559635609], [0.307276176353154, 51.46479212235428], [0.31101543963866, 51.46374180042714], [0.30885195452131, 51.46474761238111], [0.311552744258612, 51.46688061424671], [0.328453464617744, 51.45084401541549], [0.325134426383881, 51.45033524615396], [0.382192336127751, 51.44329068224678], [0.414428674002161, 51.443868443744485], [0.440214508836068, 51.447420026086334], [0.447472319736968, 51.452930008861685], [0.459604714559071, 51.454739983945764], [0.4558073957279813, 51.46171828808008], [0.46008444401715026, 51.46543142431605], [0.467588923931754, 51.464201371146906], [0.46085571301751316, 51.466101004521676], [0.47888594473023005, 51.48175402085187], [0.54697755761575, 51.48704446561024], [0.553607400141115, 51.48494053671172], [0.553911968801638, 51.48142105669766], [0.559925840244609, 51.484693903185494], [0.5735472852095189, 51.484247238147034], [0.58246172271944, 51.47964614695594], [0.5849019945587708, 51.48301954728814], [0.610472263172509, 51.479409693870814], [0.615209427355308, 51.47508070015901], [0.6309284016727832, 51.47804309236146], [0.6702685784031818, 51.473789564254844], [0.671299793825972, 51.46909223770203], [0.674631292907841, 51.46689013794948], [0.683475799006944, 51.46537757934984], [0.690572398182412, 51.45929967950748], [0.687048335338215, 51.464425121475436], [0.674873092910639, 51.46787302520424], [0.671207500896912, 51.472194457045475], [0.6977323453350444, 51.4708201341641], [0.7215697546941322, 51.442549913844196], [0.6716810196533176, 51.44129864010713], [0.668877247864833, 51.444708828214736], [0.672066115740696, 51.44792966084387], [0.66348600704212, 51.443622763825694], [0.662192573064467, 51.44771101226887], [0.658559266787415, 51.44913984582337], [0.648754095981611, 51.444410867899144], [0.63578602573813, 51.4462205418439], [0.628667148328526, 51.442357598125525], [0.62887343703467, 51.437680746801156], [0.619474718209255, 51.43691453820399], [0.6151209304784176, 51.43024274031652], [0.5639355219157492, 51.411198391860985], [0.532356632605817, 51.41265316454599], [0.522883045046629, 51.399797147295985], [0.51440817267126, 51.40049289729166], [0.51765187704452, 51.39716935031972], [0.521408710137697, 51.39813898652886], [0.519167831790362, 51.38708197935229], [0.508681558887321, 51.396475935705396], [0.503646726788093, 51.39723659832468], [0.498243681749474, 51.392299386512384], [0.493522456505651, 51.39361411759446], [0.496081786949054, 51.39227623887608], [0.491924495292317, 51.39169563910097], [0.489757793788378, 51.38194509630253], [0.481322700708732, 51.38154488362183], [0.449850377999954, 51.36664869940576], [0.448191271439939, 51.35943643994148], [0.451598534316783, 51.35666442191291], [0.449485780721519, 51.35599454158013], [0.455893751336443, 51.35191849121476], [0.447932340738377, 51.34744184205463], [0.457133226697135, 51.33562590463033], [0.450966055949437, 51.333783808765986], [0.450318924684658, 51.32991391156991], [0.455062163443168, 51.3285186031896], [0.459111000689021, 51.33056957300157], [0.455162934087606, 51.327073914677804], [0.455880477713471, 51.325189112280555], [0.459867432375508, 51.32574037030785], [0.454558378922248, 51.315699885817345], [0.458106125162291, 51.31639980901674], [0.457508626053112, 51.31292731438427], [0.462396720585515, 51.30443900263114], [0.463623273939245, 51.303310587173776], [0.46910110102296, 51.301519659806125], [0.475480098225808, 51.302193461778245], [0.478827518714139, 51.303156879166], [0.482406659547045, 51.30056819361258], [0.485807440464892, 51.29941230685249], [0.492588601634917, 51.30086268061993], [0.498701088580331, 51.29651970877052], [0.50204966017148, 51.29557670929291], [0.506126421449031, 51.29568103863978], [0.493091224497439, 51.30105701587628], [0.485666062098083, 51.2997426871424], [0.479842343701839, 51.30348432996395], [0.463438385608303, 51.30395753539501], [0.46027079020027, 51.314450385085244], [0.458262535312695, 51.313232552661276], [0.45911179528179, 51.31617810759989], [0.457001040398561, 51.318037322360674], [0.458897452633871, 51.31700012814513], [0.45695023066915, 51.31816070788437], [0.460961321359742, 51.32150660814951], [0.464057251994735, 51.31885583798611], [0.461375882503211, 51.319625420014354], [0.463180784736599, 51.318541500689456], [0.460318412111702, 51.31930859514571], [0.459671874197547, 51.31819709651001], [0.463311215797184, 51.31800364396183], [0.464495307455101, 51.31875397045194], [0.463250685120775, 51.32164103756836], [0.458177835867522, 51.32139239186699], [0.460973655409578, 51.325569624822634], [0.456379279100594, 51.32713565081155], [0.460371661646302, 51.330171682651454], [0.458865309646789, 51.331290642662076], [0.451419959029427, 51.33007436010461], [0.451534910071764, 51.33322415394445], [0.458116051440849, 51.33598930595206], [0.44953661786442, 51.34806391578849], [0.457609611507147, 51.3521513689816], [0.450823427277062, 51.358988375968956], [0.45044733531002, 51.36499399509022], [0.467681284091784, 51.373430457235735], [0.482717644527549, 51.37667501617588], [0.482106659891621, 51.37871512914677], [0.488944760267643, 51.37888118156089], [0.505360981263317, 51.39351080305444], [0.509676236162535, 51.39347777241421], [0.509113213311676, 51.3881818607586], [0.513563007659966, 51.38434513982], [0.52251557655757, 51.38507182859557], [0.52589777910788, 51.39577320753165], [0.537145213158889, 51.41030565095641], [0.548190347528339, 51.40759809374686], [0.554262346237762, 51.3974973619345], [0.561606204425888, 51.39729204175252], [0.560940100808208, 51.39481446375492], [0.575999893338139, 51.39328989638886], [0.577355004201796, 51.39057006937685], [0.611771181515184, 51.37882729648936], [0.625239637962731, 51.38121061149353], [0.622501890585263, 51.376029669968865], [0.628512128497784, 51.373078994547804], [0.6299039886260113, 51.38053571577518], [0.759322681513029, 51.361723360559175], [0.751856802789492, 51.35044344817057], [0.751229145643107, 51.3513540017188], [0.743632516687689, 51.349144363397016], [0.742169783737819, 51.34598218242371], [0.738332337789364, 51.34725739466999], [0.734499546065958, 51.34576854620078], [0.743916370126632, 51.344929424019114], [0.7436574578789, 51.34816703215858], [0.754331425798336, 51.35036996976666], [0.76013832766265, 51.36071390499168], [0.7642658774371326, 51.361094582375586], [0.8117879934375227, 51.354218497164446], [0.809152641153614, 51.35153539408076], [0.813981371039184, 51.349305818188256], [0.811702563621541, 51.34652383667447], [0.816374705817419, 51.34629371005787], [0.815068887635216, 51.3494028934382], [0.811135486066315, 51.35213357294653], [0.8141151784397234, 51.35388177136762], [0.8935738595132168, 51.342384710466085], [0.892451212884716, 51.33501641989949], [0.884773941591184, 51.33296182054719], [0.880084746701296, 51.32872498875453], [0.892094738414626, 51.33405295570433], [0.894491495942332, 51.33638257212324], [0.898816257948377, 51.33396943539826], [0.909707626079008, 51.334888249702395], [0.915333908960387, 51.32924286310891], [0.914920194268138, 51.32702167043211], [0.91116302837088, 51.3268822358733], [0.892855763339883, 51.319780076664365], [0.893517349043578, 51.32071351500951], [0.888164500480016, 51.317168888228245], [0.902358181834534, 51.32226290483073], [0.902395465604474, 51.320262536399326], [0.902925448740239, 51.32240352989785], [0.911096356269224, 51.32648726901111], [0.913968148318094, 51.326270969605886], [0.91597106862788, 51.32774562372781], [0.915670530934533, 51.32972827059525], [0.909907054241433, 51.335475116029635], [0.896307953644136, 51.336133472494], [0.896701337574919, 51.3414600285425], [0.9385728724808483, 51.34673019233307], [0.997732567024168, 51.347558093604974], [1.008299093514752, 51.34996823537714], [1.023834549519283, 51.36210470103727], [1.062878525708436, 51.36610567347673], [1.069368282163564, 51.36934013674985], [1.091089365549009, 51.368165107852555], [1.0986687515969007, 51.37120062990901], [1.2324773891855756, 51.37891126760518], [1.276610597696335, 51.37768743008424], [1.2875845392994396, 51.38208678210599], [1.314828485599528, 51.380333586355235], [1.3333088081241706, 51.384721614036], [1.3853871491312155, 51.38772259533706], [1.426147073769843, 51.33322586139025], [1.424933567113753, 51.329061948494804], [1.422795372787831, 51.327439708374754], [1.424655351891144, 51.32598560565421], [1.422486424879767, 51.32732099647922], [1.424876995393079, 51.32945847640526], [1.423168351225542, 51.3313651174016], [1.418081127974161, 51.32916786465685], [1.421651161098196, 51.32765306771651], [1.414556851076932, 51.32747711136519], [1.415361287413581, 51.32387174352901], [1.422470969746881, 51.32378002672176], [1.4113696642146, 51.323903642553084], [1.409235515367208, 51.32687128592688], [1.376868903372327, 51.32959448834787], [1.36581918024837, 51.32497455079786], [1.361642256551495, 51.31961117668922], [1.363126035806157, 51.31356429022258], [1.358728224087125, 51.31503629553032], [1.362431490117253, 51.31336928613786], [1.358173757957595, 51.31444142935644], [1.360070563513691, 51.31280293486958], [1.352847845227804, 51.308056537828705], [1.348298700943787, 51.301775117818735], [1.345997150084387, 51.30205234088953], [1.346079298034114, 51.3049554152807], [1.345441730933194, 51.307986111968965], [1.343569329868696, 51.31035945151841], [1.33997008993729, 51.31269306129087], [1.335386702028609, 51.313812360404015], [1.33175346166347, 51.31293451492826], [1.330311094823721, 51.31436173541798], [1.325033546757459, 51.316962072995636], [1.290641528913571, 51.32141359866574], [1.284235162306126, 51.32147936063785], [1.276919064532476, 51.320081568639644], [1.2678879171218, 51.3223148213726], [1.263626287758104, 51.32218099587347], [1.250781915024084, 51.32943494012747], [1.245645133586994, 51.328770668540045], [1.242102033716084, 51.33066695191101], [1.235521589768258, 51.33070519316981], [1.234033671387146, 51.332269133054865], [1.231800550477918, 51.332346113871296], [1.230420393232359, 51.331668214697274], [1.23214019800613, 51.32895015842964], [1.230467758716267, 51.32870760039279], [1.227762861747092, 51.32676740070681], [1.229713958984978, 51.325134056095614], [1.227177724039849, 51.32553056642994], [1.224049190420955, 51.32523991813973], [1.220759525411148, 51.32398126423733], [1.215800990555293, 51.3206995938419], [1.214544724990125, 51.321804506051656], [1.212290811653448, 51.3225005388], [1.210853578244561, 51.32389368924184], [1.205623027250109, 51.323841924402885], [1.203300653534261, 51.32337391549251], [1.198783433315741, 51.32125777625715], [1.199012130199071, 51.31973859659795], [1.196044793625472, 51.31913608154499], [1.193815353777758, 51.31694464779865], [1.189891023191692, 51.3166334359044], [1.187807079470998, 51.314463124867615], [1.184010612780886, 51.31520690728378], [1.17785533518933, 51.31390987777705], [1.177689508195344, 51.31171965908944], [1.174512936532215, 51.31235636506408], [1.171340010650488, 51.311778591727894], [1.165701605276171, 51.307951976210724], [1.163910069658625, 51.30327281087521], [1.162464498132477, 51.303180566144526], [1.160359637148635, 51.30243150859021], [1.159035744857509, 51.301583068013585], [1.157085323737106, 51.302182592334205], [1.142365383011045, 51.29994429387407], [1.139942252450508, 51.29761495270844], [1.136882183883132, 51.29886004585522], [1.125593678574296, 51.2958251325182], [1.124883355373509, 51.29630911974571], [1.121685064594115, 51.296599578071394], [1.121484672740203, 51.296161473026345], [1.119319340646904, 51.29748929220621], [1.117259770592417, 51.29705484440144], [1.121973413308439, 51.29566903262551], [1.123748759687635, 51.29542554513366], [1.140421832079263, 51.297495938542205], [1.142696547296874, 51.29987693970985], [1.159284012992993, 51.30141626561208], [1.164173675301661, 51.30318380918327], [1.171887714829704, 51.31175026188076], [1.177741292979755, 51.31151318689288], [1.184169954433135, 51.31495881140147], [1.187921220798315, 51.314246834417084], [1.190002334907479, 51.31645860409559], [1.194305523383315, 51.31685122734589], [1.199247602101537, 51.31961522025596], [1.202912643472197, 51.32301843906212], [1.210872718187208, 51.323653916142995], [1.211961960952079, 51.32247806499932], [1.214540242225288, 51.32161753205572], [1.215330339111619, 51.32014854593582], [1.229908774949144, 51.325005476281554], [1.228067852381537, 51.32685792956173], [1.232379719773222, 51.328823913648876], [1.232615375376271, 51.33225344154015], [1.235231542108264, 51.33058276035978], [1.245782187079375, 51.328556392078404], [1.250517678015796, 51.32929294583421], [1.254744037494383, 51.32480756403176], [1.25025218204942, 51.325824689811185], [1.247952816117161, 51.32558901698791], [1.235539863220779, 51.323872157268454], [1.228567787790894, 51.32138786433035], [1.250308622834999, 51.325729577491664], [1.257350788708306, 51.32326345916954], [1.263328777631259, 51.32203369511196], [1.26825408705012, 51.322054548679446], [1.276846323844977, 51.31990730111485], [1.289930343183066, 51.32128520048186], [1.325334544391764, 51.31669806274531], [1.331655804851743, 51.31275560050265], [1.339476713623026, 51.31263878073868], [1.345001096509572, 51.30814263264438], [1.345731012081561, 51.3023585728149], [1.340106439583018, 51.29367441301013], [1.334397722477013, 51.29333624806506], [1.331147335251536, 51.29068986504246], [1.32810864623883, 51.28693901838144], [1.328198884444018, 51.286144905804896], [1.328986632767809, 51.28521668260174], [1.331358831137675, 51.28398427202039], [1.330575516508857, 51.2826150284386], [1.332208862678486, 51.28082797450993], [1.334100788823806, 51.28072997910713], [1.336419166772675, 51.28184582887579], [1.339880813563765, 51.27980049640007], [1.338515069119744, 51.278392178459555], [1.338698253119035, 51.27771500698846], [1.341967173608629, 51.275845125486384], [1.348388266415275, 51.27382196747328], [1.351940917453346, 51.27512795019809], [1.352289787234426, 51.27749536611917], [1.356067840947702, 51.27752105451516], [1.356914486364193, 51.2784322692917], [1.356533438696442, 51.2796170413286], [1.353560495547726, 51.28064412546114], [1.350968515612921, 51.2808380428677], [1.352576333333992, 51.28445928672618], [1.349784248459973, 51.288171514546306], [1.353012105959683, 51.287052706235364], [1.354891583885715, 51.28857115810198], [1.354585000796302, 51.28958021278755], [1.346988805079115, 51.2929479040336], [1.349501055651633, 51.29669172348375], [1.355283168883583, 51.29596384070922], [1.356105936030958, 51.29723103516269], [1.354411284224045, 51.29919560518028], [1.350169560213708, 51.29942778692363], [1.349119768312385, 51.30128655193645], [1.360154653322979, 51.31171479920513], [1.370617267236515, 51.31178807006857], [1.377343630882535, 51.28742132471303], [1.402539256834692, 51.23873378994559], [1.405002407158524, 51.2221878416021], [1.3905730827948375, 51.15373742021882], [1.3684121395643116, 51.13751396459792], [1.343572372219654, 51.13136857118373], [1.3431631161603703, 51.12390038644593], [1.34262854545213, 51.126893443619366], [1.337620652011924, 51.12716618142469], [1.336917402496042, 51.12455062470731], [1.33346395841041, 51.12627733986937], [1.335807083021962, 51.123921146638466], [1.320031067788846, 51.124382250661455], [1.312882107008594, 51.119224934885], [1.3170035509515823, 51.11740074007984], [1.31121795910478, 51.11933777100263], [1.310079515374446, 51.11678929870804], [1.3129936790805907, 51.116404441061604], [1.2484257079743304, 51.100361782270554], [1.215625872192106, 51.09717437936795], [1.2014952011069686, 51.08870135534889], [1.134792794549582, 51.07212837139712], [1.075564513187698, 51.06348137801853], [1.038931514259513, 51.05029596545781], [0.997312996456391, 51.02507804770408], [0.976970929198179, 51.0026105989449], [0.964104850450485, 50.968080602640164], [0.966250278922241, 50.95176623911581], [0.9746612029724169, 50.93177952045712], [0.7817444706857088, 50.935059686463454], [0.771984079190177, 50.93126459903476], [0.763844933980046, 50.94013372054665], [0.737930820645985, 50.951531550547784], [0.739524297368927, 50.95313111560025], [0.73896013979282, 50.95719367669608], [0.748281031048254, 50.96380584708584], [0.750234710038102, 50.969752813621085], [0.747176643653093, 50.963096981911036], [0.73834614614665, 50.95685100893148], [0.737405119058104, 50.951114847111505], [0.739351277537965, 50.95023808805027], [0.731627965125992, 50.947128039475125], [0.731217664253504, 50.94850748696747], [0.728274454214822, 50.949744690989185], [0.731387870400421, 50.94626210742417], [0.739370816035583, 50.94979511167489], [0.762093115060724, 50.940167990704516], [0.7721943877437277, 50.92980704001873], [0.718455956021938, 50.90748863901933], [0.682497303511857, 50.885860921984644], [0.666517064290448, 50.87200350439899], [0.5839313119550189, 50.85410414358834], [0.522927770397874, 50.84842220681783], [0.480867484477986, 50.83777222160445], [0.412335953945466, 50.83018951195146], [0.363357683543084, 50.81607229560452], [0.349934580574011, 50.80982732853587], [0.24240736966910426, 50.73824972608362], [0.148914705702139, 50.75908928518596], [0.150220332425072, 50.766443800342074], [0.14584183417826, 50.774302313857895], [0.142045882898077, 50.7770279975567], [0.143125058117127, 50.77801456654022], [0.141869211801294, 50.77881112531664], [0.147938035070091, 50.78556450842327], [0.147468764076064, 50.78780270441378], [0.144635440699941, 50.79040728772075], [0.154121653888492, 50.791723644867254], [0.157303508647801, 50.79398611121796], [0.158392906493939, 50.79659489503232], [0.156341076283243, 50.79718502624974], [0.156797555911335, 50.798100269889325], [0.156406781634511, 50.798982608627604], [0.153409074658982, 50.80060830155349], [0.159033181427998, 50.80574412919769], [0.159595733742614, 50.80674012840816], [0.158735177959574, 50.80796389812091], [0.16220899607173, 50.81117061287006], [0.164209868690613, 50.81441173936879], [0.164267480269714, 50.81556640946743], [0.153190092494798, 50.80063034032146], [0.156116083302507, 50.797137031655765], [0.158033907402824, 50.79653495258449], [0.15704120139932, 50.794083612570475], [0.154034780808915, 50.791870946671125], [0.149644728225593, 50.79218306729092], [0.144904888723602, 50.79074592674471], [0.144089150477122, 50.78981836323104], [0.147644182817831, 50.78540801428654], [0.14159762870826, 50.77885928839557], [0.141659018542093, 50.77706748471191], [0.14992930086716, 50.76606600605724], [0.148451161131834, 50.75884421053384], [0.10096508038809998, 50.76790853382414], [0.071307959166564, 50.78146543131942], [0.0582117978754, 50.78231431116172], [0.044606809371958, 50.80841860495231], [0.042089325184728, 50.80986211304716], [0.033923717815932, 50.81049583637044], [0.030959808410369, 50.81432570970144], [0.026660231680468, 50.816038244545155], [0.02850426254232, 50.8219015222407], [0.0271099972975, 50.83432439392119], [0.030487825892648, 50.83613901702171], [0.033221128437445, 50.84144802169917], [0.033956056334208, 50.84508752157671], [0.037797796238281, 50.8453946289584], [0.048946266212169, 50.85388991022214], [0.038450767516302, 50.8472404042137], [0.03084721207363, 50.85596279685593], [0.02742232288762, 50.85742266181758], [0.023680108630569, 50.86101132019165], [0.021197773454163, 50.86223070184363], [0.024138060311254, 50.86679434020898], [0.02413496063151, 50.87003747403552], [0.022955887631082, 50.87175771143362], [-0.00241348900697, 50.88698458170124], [-0.000149338235137, 50.889089895343346], [0.011368916900816, 50.886477160765104], [0.015787127315752, 50.88754762200701], [0.016104475607671, 50.88923291928588], [0.009993414791573, 50.895413452561364], [0.019074716915753, 50.89705812790107], [0.021376235110152, 50.89923789944061], [0.021493325453765, 50.900857384909045], [0.020082488835137, 50.90210674934784], [0.024217480733557, 50.904182748239634], [0.024818764182131, 50.90489631419899], [0.02982752010584, 50.90376696514338], [0.032675047862816, 50.90419226578813], [0.034472000396462, 50.9054776246982], [0.034429417737434, 50.9072734781764], [0.033115999486715, 50.91046118355031], [0.031824044475496, 50.91195680102958], [0.02997527725696, 50.91301513869669], [0.032760055174788, 50.91531849283353], [0.033949255373918, 50.91511971514351], [0.03551337573985, 50.91526331290044], [0.036222301317302, 50.91458903446999], [0.038430353798372, 50.91381032127271], [0.039735163855392, 50.914011463854315], [0.040635298120668, 50.913384173586536], [0.041537803920705, 50.91323439639319], [0.042472167169876, 50.9134563808866], [0.037289087783016, 50.91562624812708], [0.032828870438869, 50.9154935617878], [0.029874303337383, 50.91324532377096], [0.030021805838231, 50.912548455217205], [0.032933341546418, 50.91041489207911], [0.034182823123377, 50.90709877310141], [0.032521471708892, 50.90432354917424], [0.02487535807888, 50.90505362316128], [0.020009897943012, 50.90220424357318], [0.019222192790357, 50.89750794128705], [0.011280645202993, 50.89693814819761], [-0.000798350034453, 50.88917652188771], [-0.002731102927119, 50.88743790580105], [-0.002095094153508, 50.88605281660829], [0.0003168113601, 50.88473800353164], [0.000590286344, 50.88358845260301], [0.005831385905405, 50.879799441711086], [0.023363439858598, 50.870699280031076], [0.020453438558873, 50.86263211052541], [0.037304019569228, 50.84817869138131], [0.037221973323581, 50.845579167474284], [0.03347394204021, 50.84530278834375], [0.026052613389173, 50.83371859904514], [0.026317290205778, 50.81536430186209], [0.034075740393057, 50.80958392989994], [0.043846923931598, 50.80843820350829], [0.04808609406368, 50.79930359087363], [0.046350350835619, 50.79686440738567], [0.048095788215464, 50.79533902254607], [0.051599598059466, 50.79479266765576], [0.052434970809367, 50.786101731163065], [0.057201070339664, 50.78165309526853], [0.052461245493629, 50.78112953552646], [0.05531607734009629, 50.77748060036682], [-0.092096971279142, 50.811751858232626], [-0.09465524048172409, 50.80892784648027], [-0.135801550893586, 50.81917391712253], [-0.228939611034831, 50.82872085811537], [-0.24645124086427211, 50.8261431840592], [-0.245691204044516, 50.8287212300502], [-0.237365784590602, 50.8297387968551], [-0.279222293781471, 50.83213351215783], [-0.287527538627788, 50.840537637575196], [-0.28733796804361, 50.84622041472893], [-0.292026436739585, 50.84798794824765], [-0.290382968554318, 50.85093797543109], [-0.293065937003055, 50.85321296511519], [-0.295383644482212, 50.85405625012563], [-0.292730333572624, 50.85653016730866], [-0.292683286292136, 50.85847830938252], [-0.296329508667621, 50.860600953524646], [-0.301820370646993, 50.8617044336066], [-0.298521165007273, 50.86552165529745], [-0.298142835955179, 50.86798840058268], [-0.301250649767775, 50.87116331760066], [-0.303511481575848, 50.87223132013542], [-0.30267984427891, 50.875445101548536], [-0.304195530413535, 50.87746903644526], [-0.303064768246278, 50.879757556689654], [-0.304317245447461, 50.88085134952536], [-0.306551719474669, 50.881995350308934], [-0.307512962040469, 50.88759858658304], [-0.309509955321121, 50.88867522846252], [-0.303509724020802, 50.895608266841116], [-0.303435434634354, 50.89937533073384], [-0.299513896156144, 50.89884883242055], [-0.293270170854897, 50.898944767704954], [-0.292575610882085, 50.899465208300576], [-0.291865254386988, 50.90123278751336], [-0.291701317678221, 50.904274555998946], [-0.292388573162308, 50.90803750343867], [-0.295481003741609, 50.91056478549234], [-0.299050060778288, 50.91204587693179], [-0.300059804693429, 50.91822180917212], [-0.31025109420881, 50.92779187409489], [-0.309371755148395, 50.92924233303586], [-0.309589993275294, 50.93099556753284], [-0.302894502477946, 50.93497864119462], [-0.299001634993804, 50.93970813502539], [-0.297820479082687, 50.94293745591124], [-0.294520732656002, 50.94352601873712], [-0.293246015551522, 50.944594643398766], [-0.293121622869634, 50.947213459969454], [-0.279232081098672, 50.95043959587413], [-0.274955494683649, 50.95235679237257], [-0.274649376492155, 50.95528044072716], [-0.279544989999193, 50.950485572944906], [-0.29329324480619, 50.947308592188], [-0.293691296516595, 50.94436915809683], [-0.297968897809385, 50.943043938519], [-0.301058439290347, 50.937364795671925], [-0.309215398517058, 50.946857630133465], [-0.313514605086837, 50.94795940505778], [-0.31943208080887, 50.94694661956612], [-0.319582249376392, 50.9492969143001], [-0.32130242763767, 50.948059909136816], [-0.32082710181458, 50.94742356117325], [-0.318599755815949, 50.9466172061636], [-0.309411135804296, 50.94676062044741], [-0.301559877607425, 50.93735230937777], [-0.309445393108439, 50.93148989332448], [-0.309904945668144, 50.93055136388437], [-0.309571047656335, 50.92920114425388], [-0.310447013744035, 50.927648120619345], [-0.300217728045619, 50.91798668180776], [-0.299282794643298, 50.91206096295409], [-0.292618605484992, 50.907931151506986], [-0.293087810386435, 50.8992253991481], [-0.302467383928376, 50.89967691583745], [-0.303820837423587, 50.8993359635377], [-0.309743220615403, 50.8888305924593], [-0.306553165811589, 50.88164104371979], [-0.30338884742773, 50.879875576141934], [-0.304537357169574, 50.87717586816475], [-0.303769904375322, 50.872082187151086], [-0.298710504679338, 50.86824488009745], [-0.302264110054438, 50.86134035280164], [-0.293212551398568, 50.85857598730539], [-0.296125660293049, 50.85424153454542], [-0.291324008937631, 50.85096255127668], [-0.295176176606907, 50.84918696044014], [-0.288679357088515, 50.845625836775596], [-0.289360037394908, 50.8391318890406], [-0.285590740667038, 50.83339100190479], [-0.280268290448005, 50.831338639021766], [-0.286717515413371, 50.82988400427557], [-0.256109608148956, 50.83074442988777], [-0.251225021267429, 50.83020006787033], [-0.2482871520973557, 50.826280203073395], [-0.277901020195319, 50.826938361220556], [-0.47294348702382777, 50.80303630309679], [-0.541939924538162, 50.8014339629307], [-0.5446656853686, 50.807751506924525], [-0.55232908027143, 50.81149804534008], [-0.559441498381066, 50.81233787678273], [-0.562115086772039, 50.81915706017899], [-0.566087360924527, 50.81943256585634], [-0.571161708136788, 50.81648663998567], [-0.572357236333343, 50.823183130547974], [-0.575725816146755, 50.82674776895779], [-0.566541775304656, 50.82916595207009], [-0.566211343646916, 50.83017181418538], [-0.567631329517264, 50.832074194590355], [-0.570622812234455, 50.833394190298876], [-0.57052930616484, 50.83496864001956], [-0.563279129610148, 50.83775647930993], [-0.565350688595635, 50.84393319607354], [-0.560513049440735, 50.85135855600391], [-0.551741252475414, 50.853677255467154], [-0.548942837538518, 50.85146617073436], [-0.546742551402189, 50.85109076197408], [-0.54193348016794, 50.852602773646986], [-0.538780501263968, 50.85580172807144], [-0.539072152608064, 50.858244305568235], [-0.541187505755616, 50.859255506872685], [-0.546369152366645, 50.86031657549941], [-0.544039557969718, 50.866179787049056], [-0.532566609987648, 50.863886767876004], [-0.525402170618655, 50.86721021448508], [-0.526796817181107, 50.87021352699952], [-0.531162107760311, 50.8733117769773], [-0.540408690725323, 50.87446198512911], [-0.541574014544579, 50.87770055142307], [-0.539858169213292, 50.878706992907155], [-0.539106449592275, 50.880701211940455], [-0.540113306801911, 50.881687772594255], [-0.542535718757983, 50.881958163020435], [-0.548655100505794, 50.8802330918518], [-0.555218327295992, 50.88202318867884], [-0.560767952486655, 50.887796884291205], [-0.558864248893595, 50.88991643829709], [-0.54854564075414, 50.89295413525546], [-0.543444464361381, 50.89639874874419], [-0.543437968386045, 50.89811096467145], [-0.545884773287634, 50.89963607463224], [-0.547835266699757, 50.89965674189052], [-0.550403838751864, 50.89905198356936], [-0.555772082359757, 50.904665380395095], [-0.552577981124378, 50.90896670581381], [-0.551317449755039, 50.91323892528873], [-0.542597450796769, 50.91337412865545], [-0.54032695228263, 50.914108365283475], [-0.536023827290095, 50.9167793561645], [-0.544659284097282, 50.92019491917457], [-0.547216297439725, 50.929274566171294], [-0.534347289326107, 50.93310303362298], [-0.529005090519287, 50.93823916056996], [-0.523125090299024, 50.93528631139369], [-0.51215470092119, 50.93565424861908], [-0.511171181773608, 50.93650414441897], [-0.511267725136212, 50.9375368698559], [-0.513586970700938, 50.94193248002169], [-0.506421340823399, 50.943095578845885], [-0.502677448290528, 50.94571856247711], [-0.501704305858232, 50.95176639691251], [-0.500689699892823, 50.95135500484319], [-0.499898083565175, 50.9514437605048], [-0.497244692255663, 50.95297712154188], [-0.494251671851912, 50.95188638673756], [-0.492072321718192, 50.9517431776814], [-0.48900912858388, 50.952909524155686], [-0.485675414673962, 50.951969779665625], [-0.489052744660927, 50.95301442393028], [-0.494310659077017, 50.95199958641493], [-0.496743155775078, 50.95312087164055], [-0.499347568114121, 50.95240254144492], [-0.500781733388508, 50.951502762346074], [-0.504821406801121, 50.95627493478255], [-0.50916599779653, 50.956659620163805], [-0.519821800775958, 50.956400377666725], [-0.527023149651462, 50.95272067579935], [-0.529046319070353, 50.95258341842149], [-0.532228871882594, 50.954148628004205], [-0.534064886142513, 50.954260753623224], [-0.534965142675603, 50.9572801577188], [-0.527441447613187, 50.961423903331095], [-0.526828542680028, 50.96369406596318], [-0.526792588039768, 50.96424578657899], [-0.530526960817628, 50.967255974525045], [-0.5265592364209, 50.974053193948954], [-0.52922716013059, 50.97887553070546], [-0.524817584839093, 50.98051508751822], [-0.523073448450252, 50.98250565942915], [-0.529388808281362, 50.97894501038605], [-0.529839697606519, 50.97783916684364], [-0.526791680415027, 50.97399857119157], [-0.530991453584918, 50.96706939153314], [-0.527738992681975, 50.96147262965685], [-0.535500690806925, 50.95727517889232], [-0.535386469462873, 50.95515592110011], [-0.534330236703958, 50.95401587136324], [-0.532379277461769, 50.953984162092546], [-0.532425318286137, 50.95315558527272], [-0.528612923050268, 50.95246733456414], [-0.528819042993477, 50.951800869399655], [-0.519686423121827, 50.956269168484035], [-0.504923269348162, 50.95607301052439], [-0.502691524506899, 50.94656497464895], [-0.513924993780663, 50.94186755024248], [-0.512604987193739, 50.93577060987698], [-0.529088911636814, 50.93846863989111], [-0.534041841939828, 50.93675391207403], [-0.534445459834558, 50.93332998193014], [-0.54763536931738, 50.9293445258795], [-0.545374699788606, 50.9203855045159], [-0.537164338180824, 50.91647439972545], [-0.542667706744212, 50.91367447558443], [-0.54853508467295, 50.91437975307987], [-0.551488693450786, 50.91349377579944], [-0.552163631106752, 50.91269545709965], [-0.556127653711627, 50.90530827933601], [-0.555459148258324, 50.903287372079085], [-0.550516436168072, 50.898815960012215], [-0.54365361303946, 50.8975344754975], [-0.549081802974949, 50.89290414736837], [-0.559211666161031, 50.89003762324439], [-0.561228150618444, 50.88776570326141], [-0.555440518976302, 50.88178134267305], [-0.54880742523786, 50.87995260574872], [-0.539435780426872, 50.88057764313437], [-0.541897576372106, 50.878081382808915], [-0.541925061370568, 50.876607794490184], [-0.540865062718358, 50.874229365668796], [-0.536355789704106, 50.87275920352609], [-0.536507980144027, 50.86780774637225], [-0.544980614016121, 50.86626166581215], [-0.547072677147109, 50.86021923079921], [-0.539264396828376, 50.85763787583726], [-0.546496733221592, 50.85145911349218], [-0.55215139335863, 50.85396472517217], [-0.561395798254125, 50.85110774277513], [-0.565666367719573, 50.84424644867076], [-0.563653842200901, 50.837809659686855], [-0.568621188316156, 50.836854474468986], [-0.571433082007501, 50.83434479137261], [-0.570580271560072, 50.832555521888054], [-0.567357561384187, 50.83095120693297], [-0.567147281526337, 50.829424294443434], [-0.573554606239037, 50.828758181862845], [-0.576029628983386, 50.82726227592437], [-0.576959758881832, 50.82557664405852], [-0.573183254510714, 50.82309970832385], [-0.573265173636669, 50.816730898081644], [-0.571671141283951, 50.815795007215165], [-0.570573119101199, 50.81553785574374], [-0.572576713515449, 50.81640413471333], [-0.573094290913166, 50.817075045190826], [-0.570251755069759, 50.81592870459515], [-0.562937936027908, 50.81880478960326], [-0.560882998261924, 50.812592206288], [-0.546520228056915, 50.8074014052026], [-0.542032125333409, 50.800249811125504], [-0.56040140015749, 50.79976660051446], [-0.593325667910507, 50.792279478844684], [-0.701434244899227, 50.777860758709885], [-0.728559250194504, 50.77132845984658], [-0.750488938533377, 50.76203630740875], [-0.749711648109343, 50.76419449692019], [-0.756908322985323, 50.76765370695626], [-0.75541432041067, 50.771957987485365], [-0.766834669943552, 50.772730377325495], [-0.760752612164627, 50.76964427174564], [-0.764061177092756, 50.77007237066658], [-0.763310325282656, 50.7678916964679], [-0.781653421196484, 50.76848223406191], [-0.777708029358117, 50.766532621465345], [-0.786873833943047, 50.75991233765822], [-0.772818657484027, 50.761652038190036], [-0.7627159767116943, 50.75230335660238], [-0.7968537365205837, 50.7251290620583], [-0.842877184808899, 50.75357025215011], [-0.9062118099978452, 50.77439551750139], [-0.8632336874149349, 50.8005728802039], [-0.8746747852769301, 50.807690880178754], [-0.868724848228147, 50.80814105765202], [-0.860347557407487, 50.80285626949203], [-0.844745286169315, 50.79930351203354], [-0.835001516068807, 50.80475615162586], [-0.8254247370152, 50.80447669294198], [-0.824817482649432, 50.81007047114962], [-0.814513206649796, 50.81438265996995], [-0.816879818470892, 50.81942472140604], [-0.807807566618543, 50.83055193492678], [-0.811497008686959, 50.83048254276125], [-0.810765041870106, 50.83330334073663], [-0.811476949526983, 50.831439179447806], [-0.812945495430825, 50.83053505929317], [-0.811539493993117, 50.83154952903602], [-0.812031245388141, 50.83393587240868], [-0.817604503255893, 50.82856255287654], [-0.816840740236741, 50.82507275567296], [-0.820131504693774, 50.82480481882606], [-0.817468907764401, 50.824374977724815], [-0.821555308828764, 50.82024631910124], [-0.819763363388497, 50.816879251895166], [-0.844592572386843, 50.80486411528098], [-0.856987341943265, 50.807557248520865], [-0.855869959908239, 50.81030533199088], [-0.848796172836331, 50.81075643847635], [-0.86477334142287, 50.81172053627724], [-0.869955825320617, 50.816475934920405], [-0.863149746061533, 50.823584334944854], [-0.851171945983696, 50.827837549309756], [-0.861262985739013, 50.828074929680064], [-0.859475774695087, 50.839944245313106], [-0.861916496060716, 50.83792941785684], [-0.870911431997846, 50.840483489406935], [-0.868960341025734, 50.83429733122473], [-0.874084931069464, 50.83254649392481], [-0.865779507836718, 50.826967817203986], [-0.871403939302188, 50.824007061684284], [-0.876894780012043, 50.811491611122925], [-0.8923121637719212, 50.81866385333203], [-0.891773255261678, 50.823170780460536], [-0.89705076206889, 50.82888179812877], [-0.892885476716474, 50.832693091178434], [-0.893750484932464, 50.838091580993236], [-0.91322180533447, 50.84008837359718], [-0.917318349662009, 50.83662823141732], [-0.9135616990754654, 50.83188410488312], [-0.9265020781111133, 50.83993487227987], [-0.9319064056792886, 50.84003845721328], [-0.932978289515548, 50.84291905854664], [-0.930067632013742, 50.84175658526422], [-0.932493309430286, 50.846059358315834], [-0.933609828708372, 50.84630699003935], [-0.932198195043431, 50.84343079352565], [-0.951245947648991, 50.84402616040538], [-0.9558564381039577, 50.840497508313085], [-0.9978970115073544, 50.841303301437506], [-1.001204859051657, 50.843678376542755], [-0.996665571445663, 50.84664931681402], [-1.000924625879092, 50.84489179628244], [-1.002819065143022, 50.847909770371544], [-1.000798414284113, 50.85140142632067], [-1.002968627786893, 50.849555827793075], [-1.002764096722261, 50.84302444539682], [-1.013873331884704, 50.84440298273788], [-1.0201760495564185, 50.841730324530324], [-1.104024156859803, 50.843337444102936], [-1.103294028799551, 50.846410113682495], [-1.113188584363907, 50.84701809167267], [-1.115978683011361, 50.845418749011685], [-1.1124442676856707, 50.84349883265835], [-1.160023007852115, 50.845221514366976], [-1.170758289966713, 50.84001322670187], [-1.176733790434893, 50.847969998631704], [-1.166359060362894, 50.85018143073824], [-1.166423155599383, 50.85232662704404], [-1.16914451029162, 50.85515172112442], [-1.17183352447203, 50.85653594694328], [-1.167303268942416, 50.852600000045726], [-1.169372880252583, 50.849574305640274], [-1.179377662507023, 50.84835372097637], [-1.175855901498225, 50.84079394541731], [-1.179514117034774, 50.83732703427471], [-1.16646496252256, 50.837697650714574], [-1.166517865015338, 50.83472685778178], [-1.156892957857495, 50.8383357332131], [-1.150725122599579, 50.83426679936401], [-1.152364705815842, 50.829746394276086], [-1.150085989022231, 50.82715612360636], [-1.156748261871839, 50.82476919592231], [-1.157140597612754, 50.82340245434944], [-1.145792494140972, 50.82598269246881], [-1.142024521746536, 50.817061253031085], [-1.123827947590156, 50.80618245855657], [-1.135822009093066, 50.80508751410304], [-1.136705883057652, 50.801943923358195], [-1.123751261846085, 50.8041369160253], [-1.1231750379842491, 50.80087340230287], [-1.132305929645374, 50.789643458175846], [-1.13623551434753, 50.79035144065859], [-1.1329452024234197, 50.7888572263547], [-1.1352905808650318, 50.78597268124854], [-1.145159514212737, 50.78528233712591], [-1.136173645535857, 50.78488661350379], [-1.141199731785031, 50.77870510682836], [-1.1514836203990715, 50.779416001299225], [-1.161385570127542, 50.78438657686315], [-1.187810522594295, 50.78886932928195], [-1.214112483862637, 50.80936667336818], [-1.238332042474009, 50.818053250779684], [-1.246190123600518, 50.81729670829903], [-1.264389248892318, 50.82683085107799], [-1.306417958403891, 50.84068948699115], [-1.308303618093341, 50.843216797201435], [-1.308014900145151, 50.84526001216476], [-1.303344922955596, 50.848584687326955], [-1.307702330730509, 50.85352505957187], [-1.30506170595424, 50.872911774898526], [-1.305815463620308, 50.86971669221538], [-1.306669405209086, 50.8712603869341], [-1.305762140455186, 50.874457250527946], [-1.296356308062934, 50.87926593490227], [-1.302051788954349, 50.8836516074638], [-1.287751313393923, 50.8917466987265], [-1.287130160524278, 50.8953722934406], [-1.263667614748927, 50.897245535043005], [-1.259341392739309, 50.902574150709206], [-1.256252248817732, 50.90240972699768], [-1.254669760281045, 50.904353726829164], [-1.250561700323545, 50.903072992085846], [-1.251630005998707, 50.89906107151959], [-1.248509375688475, 50.903260325801966], [-1.252504142905116, 50.904508933588794], [-1.255108820236637, 50.904468059603126], [-1.257324276381853, 50.902518163250164], [-1.262044736344425, 50.90375131402496], [-1.262184021366923, 50.90420629499839], [-1.261505659822213, 50.904025768837315], [-1.26029233412334, 50.904308531362986], [-1.258945387995293, 50.90503470000398], [-1.260331906360928, 50.904413987483], [-1.262256962949787, 50.904360535345155], [-1.262443918432521, 50.90413869891612], [-1.265737842535355, 50.90838052613918], [-1.268741834410986, 50.909643052034205], [-1.268059032655189, 50.910284436727494], [-1.268975866401048, 50.91286474863823], [-1.26837582385607, 50.9131262747076], [-1.267685807374392, 50.914039174935], [-1.267593657425083, 50.915561030267874], [-1.270690596200023, 50.911273916380985], [-1.261042267750822, 50.902842123541824], [-1.262839658231108, 50.89979151748096], [-1.287817725017206, 50.89699873428617], [-1.290010501144944, 50.89249784280598], [-1.295120259204052, 50.89355394408886], [-1.292739442858218, 50.89218616929302], [-1.305122264749446, 50.883082700458395], [-1.300220854393969, 50.87947354612376], [-1.31291158721901, 50.876454532104525], [-1.314523544642359, 50.87305311942041], [-1.31662402716567, 50.87568228758375], [-1.316396425430134, 50.873166624945], [-1.309412918121537, 50.86871286265809], [-1.313142581771102, 50.86508567549127], [-1.312451565665037, 50.85477252087841], [-1.317747708788315, 50.854196607165], [-1.310115798110703, 50.8505484046562], [-1.313456126566511, 50.84905554722462], [-1.331918191610317, 50.857115689499324], [-1.368746198272326, 50.88345295483609], [-1.384136487344827, 50.8907345395755], [-1.38222803734052, 50.900122532391904], [-1.384844683067617, 50.9040004093184], [-1.371797195235818, 50.9119702418337], [-1.376757273738559, 50.916331194640755], [-1.385544465823848, 50.91469436071614], [-1.387661766407582, 50.917029135990354], [-1.376916824124924, 50.92185613581407], [-1.380253560280912, 50.93209919781746], [-1.374115938122133, 50.93645928136793], [-1.380845492450971, 50.9324296535075], [-1.380031646698652, 50.921280118159366], [-1.387084034289243, 50.9205107060503], [-1.390947727183792, 50.91639075816022], [-1.377525471577068, 50.91131570013939], [-1.387942565788318, 50.90690055971566], [-1.389988964676969, 50.901583245317184], [-1.387204995362909, 50.89731702664716], [-1.392456741828505, 50.89597128110357], [-1.388401924137133, 50.89419208394199], [-1.392673007468097, 50.88841240645463], [-1.396399557618857, 50.89256919315317], [-1.393279877916084, 50.883065038275], [-1.399498023005166, 50.88834158124053], [-1.399031325365816, 50.89455750778817], [-1.400830664146824, 50.8902944217009], [-1.403550510372254, 50.89563728203478], [-1.439737972535815, 50.908203636355886], [-1.450891032736049, 50.9041317358709], [-1.467150955412128, 50.91145765578234], [-1.478733135876425, 50.92524137620813], [-1.476932354521414, 50.92570453222207], [-1.475647017623437, 50.92828768712232], [-1.479700464706199, 50.934575319721304], [-1.477238362128273, 50.92582279132922], [-1.478949245524384, 50.92729530931198], [-1.482030644427769, 50.92798433426133], [-1.481049497926245, 50.928565385114545], [-1.482603856947388, 50.92877281589017], [-1.481392040441635, 50.929109142551205], [-1.480860388730536, 50.929578897120166], [-1.483277735105266, 50.930239751616305], [-1.483437930678317, 50.93196251069256], [-1.486074094626834, 50.93331849188144], [-1.482225391092917, 50.92787279247353], [-1.479051012192771, 50.92672025707279], [-1.480804359351603, 50.9264258934017], [-1.482739445627587, 50.924885088177916], [-1.48294181601499, 50.92613685043914], [-1.485700142550122, 50.92618676974151], [-1.487119028075374, 50.92991410291133], [-1.487733939469619, 50.92807964651208], [-1.485876936986626, 50.92590070185763], [-1.483106602851864, 50.92590379148659], [-1.483121191696768, 50.924716821088516], [-1.478040014587004, 50.92398743322179], [-1.479017214287009, 50.919168254339084], [-1.473411214185604, 50.9155901954028], [-1.474077924581408, 50.91171474129738], [-1.479047490405705, 50.91645537852808], [-1.478417699831868, 50.91259839427083], [-1.481416800497811, 50.91177545137541], [-1.484989454187309, 50.90962138313817], [-1.49134179484897, 50.91194316941103], [-1.484949504859369, 50.90937300730111], [-1.478249643756369, 50.911984354775775], [-1.465926373128599, 50.90410343388972], [-1.460355810220978, 50.90398611737155], [-1.460861424828182, 50.90195075017723], [-1.442325320833014, 50.901992318273415], [-1.425023833436855, 50.89450581148181], [-1.426868547542542, 50.894687533884856], [-1.427837778988604, 50.89415363647746], [-1.428670648076126, 50.89464510018137], [-1.431154799061407, 50.8944000461915], [-1.425450364969749, 50.8939306044837], [-1.421857862094884, 50.89503513109182], [-1.42361646177155, 50.89402137773106], [-1.407274564253186, 50.87982853204282], [-1.397510532525602, 50.87477782645361], [-1.400777243739276, 50.87195568065003], [-1.37917001665532, 50.86014709585808], [-1.381577546272692, 50.8590232351022], [-1.373381267630111, 50.856985875048125], [-1.376793799186646, 50.85389990793087], [-1.372378703648945, 50.85525838317788], [-1.352716784005897, 50.848153027749994], [-1.360513027902511, 50.84508095119359], [-1.360522676761132, 50.842921916486844], [-1.351708196744787, 50.84651618918233], [-1.354085510300207, 50.84192066415536], [-1.35056051406374, 50.846310172277825], [-1.342150865322153, 50.84434766465191], [-1.334577388128694, 50.837467670152094], [-1.340346421993137, 50.83441324668537], [-1.339256644558806, 50.82650615685666], [-1.32606565672345, 50.82756022698776], [-1.32839954549082, 50.8239226640266], [-1.323469982799647, 50.82767472006853], [-1.319312530303508, 50.824460861237846], [-1.320393270362059, 50.821895262804986], [-1.323340966865245, 50.8245130593875], [-1.327523449258537, 50.82393112892591], [-1.321003537973367, 50.82112904200134], [-1.323929093225221, 50.82114963301795], [-1.325984664754822, 50.81651680724285], [-1.317370198175478, 50.81794067129447], [-1.317371373440646, 50.81718074907779], [-1.314577173947697, 50.8153775527021], [-1.316795632114569, 50.817431009484565], [-1.314729382178213, 50.81846022775369], [-1.318192788289987, 50.81867653955177], [-1.315528645398501, 50.82117710603083], [-1.310241403218547, 50.81706328660092], [-1.313992443465375, 50.81585702837949], [-1.311516422714111, 50.813471064030395], [-1.308320527560969, 50.81698538827257], [-1.310367259282716, 50.81912158071297], [-1.306923128606459, 50.819996852304975], [-1.308593300139109, 50.814855757576666], [-1.327805884276858, 50.80296637784897], [-1.3391707042378072, 50.789707860746624], [-1.3597109055535739, 50.78438048338895], [-1.390029915147817, 50.78586960792907], [-1.400738581676248, 50.78243952533725], [-1.408730834723692, 50.786666398101424], [-1.405067717492664, 50.791388696540544], [-1.409451906812805, 50.795081756365796], [-1.409013447116878, 50.80070983457398], [-1.414086159337393, 50.80266614772766], [-1.412148307835115, 50.80487936273206], [-1.420079725368095, 50.80030943198505], [-1.41725507989266, 50.80493915247312], [-1.419148697255508, 50.80707443631777], [-1.426494107328366, 50.80758107042112], [-1.429151561768307, 50.81113540711579], [-1.435992832522586, 50.80995104954129], [-1.438163712339679, 50.81544879841568], [-1.448663606192878, 50.820147164758815], [-1.451238891073736, 50.819166483879584], [-1.447097089861421, 50.81863617681237], [-1.445617767386157, 50.813611276143725], [-1.439452268683526, 50.81405305527157], [-1.43995082075685, 50.81034508359612], [-1.42037332688678, 50.805712755780235], [-1.422853872507258, 50.799966133678126], [-1.412342920384298, 50.8001124594386], [-1.41313127977826, 50.793358440594446], [-1.409697494098128, 50.79045179773255], [-1.413818140165311, 50.78732961995127], [-1.411724909149783, 50.78750342289881], [-1.41298081313276, 50.78396034455747], [-1.398027393112874, 50.77629165956416], [-1.395280814686763, 50.77767223466234], [-1.392394011503256, 50.77693962052355], [-1.443499662445171, 50.76307330083782], [-1.463776152746776, 50.760894897500194], [-1.464953178440714, 50.7648534939494], [-1.464982215816192, 50.76031500245343], [-1.501541293825976, 50.75405883421817], [-1.519552230067249, 50.75417664793112], [-1.535354354217966, 50.75946986794858], [-1.533489620878999, 50.76150554403438], [-1.534997442459265, 50.763870352820206], [-1.536673561874494, 50.758970634999415], [-1.528561391031243, 50.754571290711716], [-1.531668842597137, 50.748741282661335], [-1.525875379576727, 50.749482248239566], [-1.525933831044822, 50.74453109494502], [-1.530660117905751, 50.74245041027439], [-1.537409524134278, 50.745141000648864], [-1.535285140980785, 50.741825043919235], [-1.541812867270164, 50.73980054537136], [-1.5316569402686844, 50.73978396760994], [-1.5923759605200747, 50.72403567338952], [-1.6922255719135606, 50.73855155681049]], [[-1.684652281361608, 50.74383052846786], [-1.681825669181173, 50.75185959431549], [-1.717976542227452, 50.7521800754326], [-1.744175677225273, 50.747466233371476]], [[-1.80097262558767, 50.79189510871413], [-1.804273343474275, 50.791381829581574], [-1.805974561112118, 50.79203120713166]], [[-1.664110801097167, 51.98491752580283], [-1.665766259872673, 51.98747834156435], [-1.638326965375438, 51.97516181007842]], [[-1.638326965375438, 51.97516181007842], [-1.612355474732305, 51.95539387644732], [-1.591647081085656, 51.97044017432138], [-1.600314523734744, 51.976931545559346], [-1.580586490807321, 51.97298619285729], [-1.549685239853041, 51.98084967471383], [-1.557237397305102, 51.99164744116192], [-1.541755756658222, 51.996421702622634]], [[-1.541755756658222, 51.996421702622634], [-1.525402424339875, 51.99281102586539], [-1.52117795542746, 52.00587463970236], [-1.510960746909365, 52.021437878330495], [-1.49736632696191, 52.05894216652982]], [[-1.49736632696191, 52.05894216652982], [-1.501867987117392, 52.071613815803005], [-1.490677895827148, 52.07712225463791], [-1.49437802296322, 52.082181035883316], [-1.485619896391632, 52.08772006845885], [-1.48474543689521, 52.09129092974993], [-1.487816734666048, 52.0939439693122], [-1.480160355168557, 52.09346452580611], [-1.477116774447969, 52.10135295378214], [-1.467571975678929, 52.09704328957513], [-1.447200949755027, 52.097612193078426], [-1.449234237020181, 52.10830172293414], [-1.453471213283365, 52.11299562774183], [-1.448753206004695, 52.11605386873818], [-1.424975627738548, 52.11826446820577], [-1.403907848187534, 52.11007724760909], [-1.401992485184206, 52.105569561838664], [-1.385414284673823, 52.094133653397805], [-1.374438224228581, 52.09971397007497], [-1.357784522029229, 52.10129855124184], [-1.365197891024646, 52.11128955690767], [-1.370380825946925, 52.11270546199787], [-1.370856288403264, 52.11752161499948], [-1.390620641896018, 52.11677304506185], [-1.393316243881453, 52.11895006786147], [-1.385476546229201, 52.12839013648607], [-1.369614929096934, 52.13471046942068], [-1.348722183829054, 52.1351193621488], [-1.349950449795331, 52.141578697823455], [-1.341054442995843, 52.14484329447804], [-1.343472564298531, 52.15322163046282], [-1.338250344837189, 52.158829579562166], [-1.334019231585362, 52.15906740379253]], [[-1.334019231585362, 52.15906740379253], [-1.331910882769436, 52.168471335172896], [-1.306444591618662, 52.1455403957011]], [[-1.306444591618662, 52.1455403957011], [-1.308447601846545, 52.1434959840658], [-1.276844965296778, 52.11706455314515], [-1.252943287930876, 52.10386291700082], [-1.248034474731225, 52.09684233606399], [-1.271591181924662, 52.09791621719924], [-1.287140821816626, 52.09262757490788], [-1.307978605475412, 52.09226170050709], [-1.321276702289921, 52.086531860337274], [-1.318175553790317, 52.079910306843956], [-1.297524534558033, 52.07804578596667], [-1.30691894754862, 52.070302793167635], [-1.30008266606379, 52.06935256731251], [-1.30219134944354, 52.06500812100331], [-1.307784308475914, 52.064341632246844], [-1.307395776609783, 52.05757918318834], [-1.312880605479414, 52.05115502081369], [-1.297593881294932, 52.0427376690811], [-1.292085325756498, 52.0327779791641], [-1.294329183591468, 52.0280254025826], [-1.285333294509668, 52.0264670353839], [-1.284436809013177, 52.02090078739804], [-1.278180950373215, 52.01426243287371], [-1.278648755021698, 52.01135766968679], [-1.284587324297825, 52.010637729855944], [-1.277082068011755, 52.00532330356612], [-1.28341826989029, 51.99945050278168], [-1.283013617053555, 51.991492951719096], [-1.288875984736651, 51.98971589972399], [-1.282743653339, 51.97921782758203], [-1.280882238115511, 51.98235416905824], [-1.260933053489779, 51.980916269775975], [-1.24163022537492, 51.98628344717108], [-1.229718566284358, 51.98135736524422], [-1.196278275311617, 51.97742161817645], [-1.190774257684791, 51.98150090039387], [-1.176072918195128, 51.982035563760654], [-1.163841546049002, 51.99340205570455], [-1.156668868450263, 51.99222434436228], [-1.134346674527634, 51.9972862030766], [-1.131270708568253, 52.0048744030233], [-1.118103775725386, 52.01541557073859], [-1.136680010889817, 52.02228191084131], [-1.122219423173611, 52.044942747611714], [-1.083292263693556, 52.052349835331874], [-1.076668851891884, 52.058839914496005], [-1.062082069150845, 52.062723900415214], [-1.052976240326574, 52.05964904342871], [-1.040066130573623, 52.065912868413434], [-1.030964496899596, 52.06288578351177], [-1.026422590971196, 52.064405590332974], [-1.029568374966816, 52.07009491929148], [-1.042129629148163, 52.07392524331509], [-1.026335183306608, 52.07567047020483], [-1.012883137195754, 52.07158733242809], [-0.967823400378132, 52.07089933546518], [-0.960780843955872, 52.07863261181949], [-0.951890755185971, 52.081521838878615], [-0.940073683040785, 52.075830131938886], [-0.944408620474802, 52.07002036345391], [-0.939297152634758, 52.06734198053012], [-0.942060786556328, 52.06657825668386], [-0.939334131577862, 52.06214824127876], [-0.933762262304551, 52.06262480401568], [-0.937898131374805, 52.061190339248576], [-0.931890386899674, 52.05401517292885], [-0.930225532329734, 52.04311556720925]], [[-0.930225532329734, 52.04311556720925], [-0.906048730594534, 52.021209936549205], [-0.890064491053673, 52.03156923651918], [-0.883159031985611, 52.0282456364655], [-0.877729110009753, 52.02983312687068], [-0.867751894963948, 52.04620930526515]], [[-0.867751894963948, 52.04620930526515], [-0.859359707078548, 52.04461879425616], [-0.852462659876672, 52.050829399019726], [-0.860420405686368, 52.05451380673971], [-0.862696211778869, 52.06092209853058], [-0.857376184062297, 52.06407865358467], [-0.838786257187367, 52.06411189538601], [-0.83143706313717, 52.071935201975656], [-0.846729909959926, 52.09149646418528], [-0.854796260141835, 52.09234202976813], [-0.857934351997996, 52.097495554766546], [-0.86954777658828, 52.100025140899334], [-0.865287085750368, 52.10292516668143], [-0.86987978271736, 52.10508483433949], [-0.871466814055798, 52.1117407602311], [-0.887032540434206, 52.11419664862074], [-0.88069940918224, 52.120177715830486], [-0.880736963816667, 52.126318862958975], [-0.869000313064971, 52.13061336982672]], [[-0.869000313064971, 52.13061336982672], [-0.846755370305292, 52.129397287381444], [-0.828221717427334, 52.132597905340944]], [[-0.828221717427334, 52.132597905340944], [-0.831983528275346, 52.14367069023521], [-0.814058400116624, 52.14245968933563], [-0.807228514739796, 52.151690137125435], [-0.807604997881089, 52.1569662256714], [-0.801973814894076, 52.158666001008555], [-0.792109239171673, 52.15131691887148], [-0.780330218998673, 52.163344305879605], [-0.783212033006404, 52.16591220921021], [-0.779532256210494, 52.16557748665207], [-0.777896733479863, 52.16875955242389], [-0.765349618171566, 52.17108705247265], [-0.762065630093854, 52.163434600876265], [-0.756828159858965, 52.16743804536342], [-0.749752814059242, 52.16686517705129]], [[-0.749752814059242, 52.16686517705129], [-0.701689032596695, 52.19329563111539]], [[-0.701689032596695, 52.19329563111539], [-0.684671173662638, 52.196323224889134], [-0.668153475725508, 52.195021290665075], [-0.661477766559437, 52.208113068788954], [-0.637348639534557, 52.22730426283131], [-0.642765208775593, 52.23342655041], [-0.653671420500331, 52.26827531022237]], [[0.7470395655354656, 52.96722886948186], [0.742316460131294, 52.965372932852546], [0.736861267118159, 52.96719469805231], [0.7470395655354656, 52.96722886948186]], [[0.916685082335432, 52.96290294702742], [0.9165262396244636, 52.96298387915599], [0.9170440622289732, 52.96292057120022], [0.916685082335432, 52.96290294702742]], [[1.2702103404587497, 51.85421395632958], [1.269722138617404, 51.85604460956939], [1.2716556788210869, 51.85562557951432], [1.2702103404587497, 51.85421395632958]], [[1.27050318510873, 51.8563394717136], [1.273453373520541, 51.86210010582432], [1.267759102980731, 51.877086654170824], [1.290561935256944, 51.87409081271984], [1.27050318510873, 51.8563394717136]], [[1.0293058409796427, 51.78897907644257], [1.030179986097762, 51.789669643632635], [1.0300865152991026, 51.788291014003796], [1.0293058409796427, 51.78897907644257]], [[1.0323975925410207, 51.786254101294304], [1.035558853497297, 51.787463954142204], [1.0346381614776998, 51.78427933244589], [1.0323975925410207, 51.786254101294304]], [[0.840242711582847, 51.77170030633601], [0.8410961449908965, 51.77171486856833], [0.8398052542781899, 51.77123341612072], [0.840242711582847, 51.77170030633601]], [[0.8412511749669467, 51.771772688770064], [0.84245258649028, 51.772239535135874], [0.8424661521347989, 51.772225828393346], [0.8412511749669467, 51.771772688770064]], [[0.751377925312148, 51.69492484740938], [0.750390356219966, 51.69491471212186], [0.7509120360195961, 51.695390170728494], [0.751377925312148, 51.69492484740938]], [[0.529742145640667, 51.51444473831698], [0.5298710274305358, 51.51443133003106], [0.5296141588839349, 51.514383903979194], [0.529742145640667, 51.51444473831698]], [[0.758897121008646, 51.38525256997181], [0.7586770490158925, 51.38361186374078], [0.756557321340583, 51.38584645289233], [0.758897121008646, 51.38525256997181]], [[0.7590146939109104, 51.383255922914856], [0.76362638396322, 51.38289616419691], [0.7629773286750476, 51.37907856524829], [0.7590146939109104, 51.383255922914856]], [[-0.7542647055096673, 50.759030726359555], [-0.753724777533674, 50.76012674657398], [-0.752778870529855, 50.76021347876075], [-0.7542647055096673, 50.759030726359555]], [[-0.7609922717935198, 50.75367545791823], [-0.760735896120853, 50.75395577525735], [-0.7606760754859211, 50.753927156086014], [-0.7609922717935198, 50.75367545791823]], [[-1.1514239284151806, 50.84133689093677], [-1.154392809417751, 50.84277352453824], [-1.154393975203171, 50.84310177924033], [-1.1514239284151806, 50.84133689093677]], [[-1.4028538747391033, 50.77319077430829], [-1.395139504359746, 50.77586843055305], [-1.393270605058416, 50.775726558801225], [-1.4028538747391033, 50.77319077430829]], [[-0.321287140082108, 51.469476747588566], [-0.319723934523869, 51.47067912012167], [-0.321085378597372, 51.46595244400664], [-0.321287140082108, 51.469476747588566]], [[-0.297624191083187, 51.485218482456325], [-0.298676350371252, 51.48411418303784], [-0.299030755977971, 51.484690342481144], [-0.297624191083187, 51.485218482456325]], [[-0.281842511401715, 51.48534440237927], [-0.280740627447335, 51.48496316598461], [-0.280572451218091, 51.48468552212206], [-0.281842511401715, 51.48534440237927]], [[-0.296431330978305, 51.485612103123124], [-0.29481590737018, 51.48598247775892], [-0.29744102838203, 51.484567474633806], [-0.296431330978305, 51.485612103123124]], [[-0.294354614600175, 51.486301278988414], [-0.289910197760019, 51.487174481321496], [-0.294552697846185, 51.48608925904704], [-0.294354614600175, 51.486301278988414]], [[-0.244828290304632, 51.488004747862036], [-0.247218316690204, 51.48682920589417], [-0.24448724925595, 51.4882954854879], [-0.244828290304632, 51.488004747862036]], [[0.05113056978829, 50.79539089994283], [0.047433442310042, 50.79742368491219], [0.048592207991742, 50.798448418520614], [0.05113056978829, 50.79539089994283]], [[0.5653557432051207, 51.40239619415708], [0.5602169697741, 51.403230284075], [0.5608176010097486, 51.40558556086554], [0.5653557432051207, 51.40239619415708]], [[0.661182708455433, 51.44373534664518], [0.656966752718732, 51.44382472165641], [0.655500211833118, 51.44543725679842], [0.660396771647925, 51.447446003915886], [0.661182708455433, 51.44373534664518]], [[0.198676416155069, 51.45837294877429], [0.199272353848479, 51.458401311805225], [0.198863941971623, 51.45817068605389], [0.198676416155069, 51.45837294877429]], [[0.531914863882659, 51.51624777742596], [0.537378657344058, 51.518541691114905], [0.540138550725133, 51.51765005193368], [0.536787409786768, 51.516463530672], [0.531914863882659, 51.51624777742596]], [[0.525240156204261, 51.5170662140276], [0.521702041805806, 51.51872249915833], [0.521334566245168, 51.521386169558006], [0.525240156204261, 51.5170662140276]], [[0.554240062980096, 51.543108088595275], [0.585885996895105, 51.53645100616244], [0.577811963137289, 51.53747685433229], [0.577079910366241, 51.53615831354592], [0.577946878244882, 51.53588294445847], [0.596712942226383, 51.53373584672415], [0.601611865206334, 51.53487916185496], [0.605811424461843, 51.53069386826341], [0.59660721443118, 51.53238466373161], [0.596075586635957, 51.53049250481563], [0.6090390697954978, 51.52904825270541], [0.547159679649016, 51.517623361627045], [0.539836237459226, 51.52055878996644], [0.528734323436295, 51.51828956038477], [0.517966532526166, 51.52986825581854], [0.523836057775228, 51.53246975613822], [0.534469265728639, 51.530422871230456], [0.543081410007501, 51.53450378382974], [0.545903126028338, 51.54738856681554], [0.556490786124181, 51.544433243375885], [0.554240062980096, 51.543108088595275]], [[0.604689370893421, 51.53440253882135], [0.613925268165267, 51.530748006423636], [0.60903272228301, 51.530746344359095], [0.604689370893421, 51.53440253882135]], [[0.645792506730588, 51.53921033192137], [0.6255358766647772, 51.532094084624184], [0.609008122246873, 51.534829050998894], [0.645792506730588, 51.53921033192137]], [[0.600643782501864, 51.535504096126104], [0.596483972016858, 51.53412044286669], [0.585541329031476, 51.53718888633956], [0.594019906137942, 51.536686867845965], [0.600643782501864, 51.535504096126104]], [[0.58143067243649, 51.536209214032006], [0.582532307493115, 51.53592683055626], [0.581517098879871, 51.53592762471956], [0.58143067243649, 51.536209214032006]], [[0.579785814728872, 51.535913544394774], [0.577375744435364, 51.536315498076526], [0.578714734249348, 51.53637959110823], [0.579785814728872, 51.535913544394774]], [[0.578918189114693, 51.536457844164325], [0.579454844774438, 51.53679320420588], [0.580294570330847, 51.53608672144331], [0.578918189114693, 51.536457844164325]], [[0.582155089251726, 51.538077388648546], [0.58368028438607, 51.53806718706297], [0.586293277990309, 51.53753023418447], [0.582155089251726, 51.538077388648546]], [[0.586631452382995, 51.538076761890956], [0.589918392858644, 51.53739537737875], [0.583275016544633, 51.538295554696795], [0.586631452382995, 51.538076761890956]], [[0.738964789509866, 51.63503908492541], [0.737006901383532, 51.6355263764524], [0.736886530504017, 51.63623963764893], [0.738964789509866, 51.63503908492541]], [[0.696614768913985, 51.638213384949964], [0.696164399576764, 51.637760556043446], [0.696059042386305, 51.63876217537237], [0.696614768913985, 51.638213384949964]], [[0.745525545028122, 51.63969106264658], [0.733318101311771, 51.64075755595533], [0.73542301970568, 51.63805001352796], [0.732041626262474, 51.63762965675937], [0.738298561926978, 51.63432074945929], [0.725367901089817, 51.63846382344236], [0.711441347591031, 51.63736724060071], [0.716841740822413, 51.64163210225581], [0.731476488873983, 51.64217376239695], [0.745202108889476, 51.639816436300364], [0.743887185849379, 51.64075646483003], [0.747400730419677, 51.64223284564359], [0.749248616799963, 51.64250436045742], [0.750572235543828, 51.641733162718396], [0.745525545028122, 51.63969106264658]], [[0.657736711974739, 51.643682416898464], [0.658534444181691, 51.64370393138008], [0.65856864885099, 51.64357184110723], [0.657736711974739, 51.643682416898464]], [[0.715196102844392, 51.72523336337725], [0.720134453953184, 51.7305898141232], [0.7247350401935534, 51.72831666439823], [0.722930966326387, 51.72918950616607], [0.715196102844392, 51.72523336337725]], [[0.030542163231148, 52.3526920170436], [0.031999119533177, 52.35292231513423], [0.030474336643617, 52.35233353331771], [0.030542163231148, 52.3526920170436]], [[0.732101323744065, 52.96468929968706], [0.730128787399358, 52.96184188910355], [0.73068790235055, 52.96381361974843], [0.734557842365813, 52.96689337618891], [0.738059895382884, 52.965700407426596], [0.732101323744065, 52.96468929968706]], [[0.851718343279768, 51.36526567827232], [0.855537844719404, 51.36462663050302], [0.85695113400584, 51.36323494208403], [0.851718343279768, 51.36526567827232]], [[0.7587375976070342, 51.443626524480706], [0.7930829087515846, 51.43851734865776], [0.825175061825602, 51.425505446322056], [0.883940915393288, 51.421312236757146], [0.902924205392331, 51.41600625226468], [0.911463171360039, 51.4064232890331], [0.9271988185896426, 51.397375948188575], [0.9476943479215869, 51.37460193131174], [0.8989465714835472, 51.35710771261131], [0.876440061616347, 51.36025883100645], [0.876506510683744, 51.36312400472494], [0.871596291221925, 51.364478522327715], [0.85767026816522, 51.36460788941533], [0.859701378806858, 51.368243180371465], [0.857556824487584, 51.370330023794935], [0.856822184380617, 51.36497126136405], [0.849384593651834, 51.37064790389743], [0.839244864826157, 51.37031228897749], [0.847818534721301, 51.369170502695404], [0.8501234173280953, 51.36394340326595], [0.806253496501887, 51.372175205817875], [0.8061194944869913, 51.370104357209534], [0.7661866696948447, 51.375695319980515], [0.77026715123623, 51.37923882148047], [0.762117300763224, 51.38685853115479], [0.764233917791229, 51.3882296361633], [0.7518693510844471, 51.390788449734266], [0.7350710677131183, 51.40849698004382], [0.743479153338356, 51.416535780543], [0.747129184687972, 51.41583235840632], [0.7436950101373, 51.41694624957998], [0.741189364644177, 51.41511978891542], [0.740269390924696, 51.4161621193607], [0.7378570625788471, 51.41965742537264], [0.7392515029761665, 51.42524342842312], [0.7587375976070342, 51.443626524480706]], [[0.840252800826561, 51.560865877219015], [0.830475347507789, 51.560817145984814], [0.824408282219718, 51.56792555275996], [0.827582397008951, 51.56651531234487], [0.825704705766037, 51.56735022532055], [0.828887960940303, 51.56994824919819], [0.824645961331368, 51.568754475150776], [0.832154775620018, 51.57427728875689], [0.834326883019968, 51.56706302102874], [0.840252800826561, 51.560865877219015]], [[0.837461053574492, 51.58517190403581], [0.8234932810327, 51.56932005807885], [0.82291920524545, 51.56487743826782], [0.818350815701679, 51.567635996724086], [0.819214405544542, 51.573031322998816], [0.815787376995146, 51.573371758208566], [0.81554422797511, 51.57693284822552], [0.809350551474823, 51.579111252085816], [0.808035789006414, 51.585621884378696], [0.818309242783566, 51.59410936976758], [0.830113519374165, 51.5959612207925], [0.836323116800566, 51.59489836510228], [0.834466574278132, 51.58834446730109], [0.837461053574492, 51.58517190403581]], [[0.950206504482189, 51.61008014406521], [0.9398451601705148, 51.60084519595472], [0.8533563387161174, 51.55701087731807], [0.840115911605124, 51.56163184983739], [0.832694702433795, 51.5757644355302], [0.836229153204664, 51.58027576451044], [0.837452000815415, 51.578193779577376], [0.838619278957834, 51.58147347562901], [0.843846680008004, 51.58253944332423], [0.847823582468541, 51.57761864642311], [0.857246545995472, 51.5764675977073], [0.858015429080801, 51.57335498053651], [0.862758630973583, 51.57127143430626], [0.85788448265587, 51.57724800686163], [0.848402994725897, 51.578297110803966], [0.846446017569853, 51.58266707032322], [0.843691171274962, 51.58326182854716], [0.840047779792753, 51.58201810309549], [0.837967173405797, 51.59361384941679], [0.8586263424913, 51.59248984465937], [0.866795393820872, 51.59518109645819], [0.870048781736229, 51.59760727256124], [0.871528906573202, 51.61126603162375], [0.878586101059065, 51.615701518131495], [0.900738350593249, 51.613743884429184], [0.945244718294191, 51.6206324572688], [0.9503346504249262, 51.619937957130105], [0.950206504482189, 51.61008014406521]], [[0.738964204237762, 51.634477883552414], [0.752196790827961, 51.636003013247176], [0.747660372851473, 51.63459927484542], [0.738964204237762, 51.634477883552414]], [[0.761398346040335, 51.64160393673385], [0.758475553659018, 51.63957985460149], [0.753209148557852, 51.6369199966016], [0.749658971101369, 51.63631520223342], [0.759436505434581, 51.64148009327744], [0.751964347965517, 51.64092346872603], [0.750995923384155, 51.642332088210395], [0.761398346040335, 51.64160393673385]], [[0.778758229298801, 51.6933347937611], [0.778924644093177, 51.69316989211945], [0.778555718959236, 51.69288813901285], [0.778758229298801, 51.6933347937611]], [[0.851158801064441, 51.71622729937318], [0.8505208309695809, 51.716546804675815], [0.8515595997640367, 51.71682876532057], [0.851158801064441, 51.71622729937318]], [[0.848097470640381, 51.71585102231213], [0.8481076833827865, 51.71589178629917], [0.8485256259113295, 51.716005231509925], [0.848097470640381, 51.71585102231213]], [[0.871124495049512, 52.9594142356494], [0.868929398867062, 52.957659809745834], [0.857288543594678, 52.95762749236144], [0.862968688317877, 52.96122162774931], [0.871124495049512, 52.9594142356494]], [[0.946182723165085, 52.95903750721534], [0.9461933933152478, 52.95935683229196], [0.9491364063774959, 52.95899702540218], [0.946182723165085, 52.95903750721534]], [[0.874493952440369, 52.96488190858884], [0.873768736336669, 52.96324577572332], [0.872432359348465, 52.96164330509366], [0.872387854140204, 52.96034408209532], [0.86372468113412, 52.963736538194624], [0.867465799266529, 52.96486025056749], [0.864594206582486, 52.96485848374407], [0.8657982449175471, 52.96762757599245], [0.87530415941738, 52.96725965669217], [0.874493952440369, 52.96488190858884]], [[0.883497764231562, 52.964937069567945], [0.90506333906966, 52.9630465654408], [0.897466260892626, 52.95961539241946], [0.891526569601972, 52.96187693659278], [0.886634784516629, 52.95895648333153], [0.875422052708806, 52.96060068164949], [0.871925685351227, 52.959055860365396], [0.871683524783695, 52.96003020838781], [0.873140372232646, 52.96019369047622], [0.875313236780808, 52.96416698569332], [0.879816593974156, 52.96306334042769], [0.885304147652901, 52.96404073403502], [0.875433390924468, 52.96438348876083], [0.875893073623244, 52.96747021739474], [0.880117237322678, 52.967428116595386], [0.880822337214889, 52.96542191197349], [0.883497764231562, 52.964937069567945]], [[0.8865554520979494, 52.966648047685396], [0.881119796437349, 52.96559454209227], [0.8805162964261884, 52.96738638277709], [0.8865554520979494, 52.966648047685396]], [[0.875138633117104, 52.967637743522374], [0.8750525585316374, 52.96765864534341], [0.8755093233667253, 52.96766017883229], [0.875138633117104, 52.967637743522374]], [[0.863629176413998, 52.967110933610066], [0.863458922727965, 52.96753230308546], [0.8646918336836171, 52.96762386145669], [0.863629176413998, 52.967110933610066]], [[0.8631855909597008, 52.967618804573405], [0.860249880134007, 52.96436337892207], [0.859348333357241, 52.96451367445367], [0.857421288781741, 52.96408706104551], [0.860651604071181, 52.96422241619997], [0.863446828600221, 52.96577279607935], [0.863396790340016, 52.961975656008974], [0.854543837605446, 52.957894921042964], [0.852293450445763, 52.95838598759463], [0.857052981204302, 52.96022024905242], [0.853950363596086, 52.96014195197979], [0.853868378641618, 52.96350794216594], [0.8631855909597008, 52.967618804573405]], [[0.861572071287946, 52.96735655456386], [0.8612155630403723, 52.967612190631904], [0.8625368131097089, 52.96761662644247], [0.861572071287946, 52.96735655456386]], [[0.860635733866643, 52.967610243981206], [0.858373004843609, 52.96677262514268], [0.855034641735934, 52.96741853112882], [0.860635733866643, 52.967610243981206]], [[1.349094209184351, 51.296996613271396], [1.346629923213381, 51.29241217075268], [1.354331615031933, 51.28907565904891], [1.349220578545612, 51.288211944138006], [1.352151399073569, 51.28429697139193], [1.350564926558159, 51.280692187834404], [1.35614017096956, 51.27778523352812], [1.352011516210285, 51.27761308138092], [1.347951694370486, 51.2744245692839], [1.339714718336425, 51.27745301473602], [1.340221516263366, 51.27983125924481], [1.336821870754765, 51.28194048925556], [1.330921550093801, 51.282342524031336], [1.331698026917421, 51.28409244753386], [1.32863374038315, 51.287178659911866], [1.334870782694233, 51.293311065316296], [1.340125240737172, 51.293419311993816], [1.345638383916647, 51.301578646461884], [1.355315211477436, 51.29669871642702], [1.349094209184351, 51.296996613271396]], [[1.121728575076779, 51.29599307176375], [1.124909610732789, 51.296209478649224], [1.125347257408687, 51.295787633435715], [1.121728575076779, 51.29599307176375]], [[1.039599838463539, 51.80424386775335], [1.031266334548011, 51.80203527831562], [1.025515056027552, 51.803323952081804], [1.029468061233592, 51.804055834289066], [1.039599838463539, 51.80424386775335]], [[1.26780050946692, 51.85913094883708], [1.269120301163335, 51.85954219736502], [1.269976942442013, 51.85931683855869], [1.26780050946692, 51.85913094883708]], [[1.264581094548711, 51.87223706038718], [1.268118659811788, 51.86487937723651], [1.263305366899314, 51.863954492066945], [1.251385072476624, 51.87093525349644], [1.254439007510208, 51.873606590709464], [1.264581094548711, 51.87223706038718]], [[1.260261190571863, 51.88193142161601], [1.258984975150982, 51.876307563016965], [1.254058411645022, 51.87672465558955], [1.24829205870723, 51.874224545406776], [1.254031257276859, 51.87721379610226], [1.250231543897517, 51.87695734913907], [1.246041469087689, 51.8745511005825], [1.244527672244126, 51.86882574587581], [1.22588091354082, 51.87505481972543], [1.229394357051482, 51.881415332406426], [1.236413252204587, 51.881931985038506], [1.238596786263813, 51.87888933809215], [1.238221048004386, 51.88120223641346], [1.256462697569171, 51.88400912938854], [1.260261190571863, 51.88193142161601]], [[1.255217183361507, 51.87582821540265], [1.259612947128576, 51.87558680541965], [1.263410818985747, 51.87966918822209], [1.263505715237565, 51.87297747058825], [1.255217183361507, 51.87582821540265]], [[1.285079154032806, 51.87626121976646], [1.275229320254318, 51.87683738814977], [1.276919353916741, 51.878853585661304], [1.270457057666679, 51.87685782433507], [1.26646325383746, 51.881278963283314], [1.271606555968642, 51.88207852368043], [1.26320799200656, 51.882985648639256], [1.263358620935346, 51.88608631942402], [1.285079154032806, 51.87626121976646]], [[1.212115735662225, 51.8814956654655], [1.210571255015412, 51.88243908934978], [1.212512122042284, 51.88224393998119], [1.212115735662225, 51.8814956654655]], [[1.205085809152154, 51.883248020428624], [1.206366680016443, 51.883682559807845], [1.20779422912915, 51.88177013896542], [1.205085809152154, 51.883248020428624]], [[1.224749464746494, 51.883829200924865], [1.221315043405567, 51.88332072813923], [1.22248727327442, 51.88243863787523], [1.221871330542263, 51.882076854853636], [1.219075240939721, 51.88153015516708], [1.216499774143861, 51.882158291752404], [1.216319358126769, 51.881097425115314], [1.213611252437431, 51.88070197049244], [1.211969811152847, 51.880957315847496], [1.21640102276262, 51.88230130945551], [1.221155110147183, 51.88210100313251], [1.221107692744908, 51.8833273028184], [1.22230733995434, 51.88396450083223], [1.229897952744885, 51.885356301102824], [1.221023335656264, 51.888486944589104], [1.227162403158247, 51.88867924393976], [1.230094434857887, 51.88540037980198], [1.224749464746494, 51.883829200924865]], [[1.234711678351099, 51.89666196608256], [1.246599293473877, 51.89129842546183], [1.244612077938748, 51.888049673606595], [1.236447715935504, 51.891792391881346], [1.242458235919167, 51.886480223861646], [1.233492068621563, 51.88678921509893], [1.230584716944816, 51.889295798120045], [1.234215766025075, 51.89295736833199], [1.228637452911904, 51.89844339684417], [1.230821600900862, 51.902336355965986], [1.238151909490585, 51.896507017404424], [1.234711678351099, 51.89666196608256]], [[1.227694372215844, 51.89715164452791], [1.228866478643297, 51.895616491365445], [1.21793820116053, 51.89787054743213], [1.227694372215844, 51.89715164452791]], [[1.461248476158483, 52.04653215500581], [1.462906014192893, 52.04676315516836], [1.460570979428516, 52.04529822304433], [1.461248476158483, 52.04653215500581]], [[1.332793117636475, 52.05574347621026], [1.331941479, 52.05504442574484], [1.332188330502603, 52.055968358087675], [1.332793117636475, 52.05574347621026]], [[1.4854692075908, 52.060475172824994], [1.475596876453054, 52.05475772066584], [1.473785052076348, 52.05491195296789], [1.479573139351431, 52.05887135911567], [1.4854692075908, 52.060475172824994]], [[1.511713373966645, 52.06755302925518], [1.499360936756345, 52.066832484283026], [1.502939040461162, 52.06947214233364], [1.513786979609581, 52.06907241474524], [1.526161315384514, 52.08053324846836], [1.538244536748172, 52.078978948373205], [1.511713373966645, 52.06755302925518]], [[1.348757488007052, 52.10330758171687], [1.349188341938624, 52.10336549404224], [1.348234160550721, 52.10300946142764], [1.348757488007052, 52.10330758171687]], [[1.63704791621568, 52.328193007569304], [1.63605577217844, 52.327946573851214], [1.634273495589789, 52.3290736543669], [1.632674740273091, 52.32884135122101], [1.629023069640757, 52.32639920002527], [1.63061843691697, 52.32471040912272], [1.627414045605989, 52.32396073675447], [1.630300412896893, 52.3287111342303], [1.634063837808202, 52.329613490474344], [1.636973336165194, 52.328625287087185], [1.636438422203525, 52.32992442942083], [1.637816663958272, 52.3310998260461], [1.633559511681554, 52.33109622994837], [1.634373547809244, 52.332082028789095], [1.63620873239662, 52.33127622504759], [1.637479849159255, 52.331575245508866], [1.638671326578767, 52.330512205419865], [1.637075112232428, 52.33008019588215], [1.63704791621568, 52.328193007569304]], [[1.516358730283876, 52.46384311408938], [1.516094079420426, 52.46320250810564], [1.514625992614218, 52.463350518891744], [1.516358730283876, 52.46384311408938]], [[1.725427578873146, 52.59267106704555], [1.73245928070591, 52.572423375185366], [1.73863143104074, 52.57195137355434], [1.732138617559439, 52.56985018505123], [1.731770810239062, 52.564688870271034], [1.735679524652073, 52.54390075035796], [1.7482671767737181, 52.51776585117223], [1.749118358164162, 52.47290063751198], [1.721632490068981, 52.47759942791583], [1.70082843501281, 52.47408556177516], [1.692714386079105, 52.47625622572223], [1.69113247297182, 52.47383208633256], [1.682113116263384, 52.47707188656278], [1.683560678673692, 52.495209648705554], [1.676176090951376, 52.49785917728016], [1.671838717430736, 52.50411312013555], [1.654127356195788, 52.501665920719105], [1.645312120902907, 52.50883971753207], [1.64757021505694, 52.513494905823435], [1.65071878339191, 52.51357761197177], [1.628673401302015, 52.52313857075534], [1.629617234336197, 52.52851804232826], [1.620442364923534, 52.533352411799115], [1.622793897516362, 52.5356486343424], [1.62127369167462, 52.53984620099103], [1.618877360214875, 52.54082351705179], [1.610512229172392, 52.54041995693048], [1.605844382141835, 52.543437051642194], [1.609141156252575, 52.549772029356596], [1.614500169505145, 52.55165459077226], [1.62054088360258, 52.55163349463641], [1.624525694362687, 52.5531988024195], [1.634129129193541, 52.561083683368004], [1.634684010250302, 52.564043816717955], [1.633319185056015, 52.57034777960051], [1.636154377327589, 52.573851262347524], [1.644400845565946, 52.573776438602295], [1.650533341783171, 52.57618853738928], [1.649364847913469, 52.5767669825992], [1.650662550812385, 52.57736914246157], [1.648095368157515, 52.58300519804466], [1.652530780831319, 52.58686729867547], [1.650199073152313, 52.593987427244876], [1.683598428570193, 52.600682997377426], [1.713418346854245, 52.61151484896023], [1.724935466628998, 52.603312074578746], [1.725427578873146, 52.59267106704555]], [[1.647283244208656, 52.575773428455754], [1.637666465801538, 52.57499476028485], [1.63457559373865, 52.57330885006166], [1.63282872940094, 52.570735222872315], [1.63384483556625, 52.562214949008876], [1.625094676499434, 52.55417522815144], [1.610069616826663, 52.55087250078061], [1.607322771957583, 52.54841717020307], [1.605776412696588, 52.54543137219294], [1.605739916151563, 52.54252278370513], [1.608731575642402, 52.54056246170015], [1.613048175244655, 52.53995482550212], [1.619112594546442, 52.54054558634088], [1.620526129794029, 52.539814228501626], [1.618163619347929, 52.53394474213795], [1.620481079960099, 52.53258671583676], [1.579170935842207, 52.556131786821815], [1.593116738687707, 52.55826509779765], [1.601742656424502, 52.56715457175343], [1.608598949159274, 52.56923736090672], [1.60770251354409, 52.5738312068611], [1.619078871566709, 52.57314905075501], [1.623797114648905, 52.574221529563], [1.628737179590319, 52.58006490882798], [1.637535082400595, 52.58213956318944], [1.640611756090898, 52.58781130832705], [1.645428595347961, 52.58760987821407], [1.649470799211164, 52.57946208014564], [1.647283244208656, 52.575773428455754]], [[1.48235525972585, 52.69393649668417], [1.482290213313189, 52.69332411864953], [1.481671970511107, 52.69316333039549], [1.48235525972585, 52.69393649668417]], [[1.541810733881442, 52.70382963432064], [1.539644648013674, 52.704544651337386], [1.540497745075855, 52.70483935600437], [1.541810733881442, 52.70382963432064]], [[-6.3109757622635785, 49.911790677855606], [-6.3012037270881205, 49.93351566586387], [-6.2794228057009125, 49.91930161316977], [-6.3109757622635785, 49.911790677855606]], [[-4.849250807455697, 50.52747230893907], [-4.84964938209213, 50.52961327339321], [-4.850974154090035, 50.528484312884835], [-4.854783958152503, 50.53055870047443], [-4.848881035595856, 50.53037509484262], [-4.849250807455697, 50.52747230893907]], [[-4.45303415589048, 50.33721597222188], [-4.450662148749736, 50.33886945401433], [-4.450156861089562, 50.338288317951694], [-4.45303415589048, 50.33721597222188]], [[-4.834383548946906, 50.51717002504012], [-4.83491753846778, 50.51708773715718], [-4.835783399692513, 50.51797514776037], [-4.834383548946906, 50.51717002504012]], [[-1.977826461750398, 50.6657640906254], [-1.980213548661641, 50.665542403855696], [-1.980559912915728, 50.666234882220806], [-1.977826461750398, 50.6657640906254]], [[-1.992698024814171, 50.675686638864654], [-1.994634789898434, 50.6760816200085], [-1.9946488554746162, 50.676108061022575], [-1.992698024814171, 50.675686638864654]], [[-2.072386148905703, 50.68933954082473], [-2.07256641817779, 50.69051569099943], [-2.07128972047701, 50.6897439768642], [-2.072386148905703, 50.68933954082473]], [[-2.074417249792276, 50.69174651249945], [-2.071960159419783, 50.69121570567616], [-2.072385260854859, 50.69057605554088], [-2.074417249792276, 50.69174651249945]], [[-1.999808988309673, 50.73408730759006], [-2.002203577658837, 50.73082924913418], [-2.003766448906181, 50.731227582730355], [-1.999808988309673, 50.73408730759006]], [[-1.77388906445529, 50.73471031896937], [-1.770288271732394, 50.73329233754032], [-1.769698187839917, 50.73110596332532], [-1.77388906445529, 50.73471031896937]], [[-1.738552809401173, 52.09139548511476], [-1.728571829342701, 52.10010729567245], [-1.730682965713196, 52.07338673563195], [-1.712544646654597, 52.06657039391384], [-1.709893998697901, 52.07333656736502], [-1.701743240524777, 52.07279656170111], [-1.705153010792754, 52.05969413849034], [-1.69957307130849, 52.054617417498996], [-1.690191971585337, 52.05472349613719], [-1.688648725583321, 52.05182084679205], [-1.694807879236921, 52.04292721178411], [-1.693992774764953, 52.039515854812564], [-1.668890589914702, 52.03657014383194], [-1.663879065976601, 52.031264952246566], [-1.653562074133098, 52.03539059457147], [-1.645387416917185, 52.0342199811096], [-1.624430735147098, 52.03896959697892], [-1.624239632080835, 52.03620077162613], [-1.617519948770004, 52.033383071442955], [-1.620158402273771, 52.0277004543977], [-1.62841788742353, 52.02719543949967], [-1.638401754109568, 52.02068843560995], [-1.64285052717407, 52.00919208753016], [-1.669900071433375, 51.993079499975366]], [[-1.669900071433375, 51.993079499975366], [-1.664110801097167, 51.98491752580283]], [[-1.664110801097167, 51.98491752580283], [-1.668955054638445, 51.97526262446717], [-1.662540916933894, 51.9639951184024], [-1.652386588224047, 51.96150214779503], [-1.655378952731561, 51.95749385948516], [-1.632503177410141, 51.95564183915355], [-1.615201998431979, 51.93767241943201], [-1.62361128952325, 51.93572876124934], [-1.645542426383624, 51.922285372009675], [-1.641194683400665, 51.92155296925781], [-1.645516878889187, 51.91777278111577], [-1.644901919406466, 51.91370706982889], [-1.634854008941601, 51.91287435095774], [-1.63578163855388, 51.90189125568815], [-1.633063688018558, 51.8992170369959], [-1.644895533619565, 51.89459241571508], [-1.658664458075008, 51.896542800104775], [-1.6689696110582, 51.88149628161156], [-1.667124306115225, 51.876992025179035], [-1.686880144720204, 51.865491958881755], [-1.676397707070966, 51.8503021625851], [-1.686474135682863, 51.834448718983154], [-1.681132752780199, 51.81604597690225], [-1.676872409511808, 51.81701798478853], [-1.683765585212359, 51.80133117834521], [-1.693462566523032, 51.794143327175675], [-1.719500769798488, 51.78320591002421], [-1.700717412075405, 51.77057843318186], [-1.69369155527546, 51.753656216589214], [-1.694878958092312, 51.74856944635533], [-1.687034381322118, 51.73987869639676], [-1.689053971954958, 51.73914050198057], [-1.685521443624607, 51.730629082019206], [-1.695831913165263, 51.72376807707215], [-1.68883257503822, 51.717377754113734], [-1.688013757140663, 51.712040239429705], [-1.664713556537352, 51.69687451978607], [-1.657452019162041, 51.696447183739], [-1.651105619774152, 51.68879768394179], [-1.653405063484098, 51.68717706478111], [-1.648267705883511, 51.68408320599005], [-1.668472387103236, 51.68043398775994], [-1.675221947299306, 51.682531566176294], [-1.675021304634965, 51.68732421325236], [-1.681351620885138, 51.69039316055762], [-1.696531756916304, 51.682112846702566], [-1.694899409151339, 51.67857149390655], [-1.698756089263129, 51.67646851304816], [-1.700202510716933, 51.670738496322606], [-1.690636656140538, 51.663780584594875], [-1.688508605413398, 51.65678516694701], [-1.691951536988813, 51.65216194497596], [-1.686247947436394, 51.652357249849274], [-1.675650030422296, 51.64140139707263], [-1.663183025625018, 51.63985760426538], [-1.659999847626098, 51.63518193200508], [-1.67374974404753, 51.6228479875799], [-1.667023218354667, 51.61626275990301], [-1.674968715801146, 51.61174980375651], [-1.681333454770387, 51.61356006458951], [-1.682510212937882, 51.609454252681964], [-1.690630042100597, 51.6054486712609], [-1.684769689020316, 51.59032584261506], [-1.691123773742786, 51.58352277046236], [-1.684063341974601, 51.5728995852298], [-1.676552939212708, 51.56943813684846], [-1.655057834842339, 51.57650534451036], [-1.647704643971512, 51.5719510005112], [-1.634083643821388, 51.55325572945215], [-1.613763371222755, 51.53650975891667], [-1.602825947234106, 51.51829430758307], [-1.584721932687309, 51.52491141234403], [-1.588078061610025, 51.51350227520233], [-1.58230516646893, 51.49411147729546], [-1.5704634463635, 51.48627397462866], [-1.566844881476682, 51.47693013367679], [-1.561597449955161, 51.4763783512716], [-1.559540380108694, 51.4697384562988], [-1.550955634381817, 51.465484364491445], [-1.548404862039723, 51.46065600253243], [-1.529043359151166, 51.45551223386859], [-1.524006053401171, 51.44748127723102], [-1.524000786292351, 51.44133907992438], [-1.532077564917803, 51.42955654703821], [-1.526638098415557, 51.423930242480566], [-1.539639359446063, 51.426112999305936], [-1.553127408748659, 51.421277317436484], [-1.565132948501122, 51.42204449001536], [-1.570934272436528, 51.41530950552641], [-1.5635055187506, 51.413230195144806], [-1.56228920989376, 51.4082389114934], [-1.553026647551679, 51.41007512652774], [-1.555617009613659, 51.39558589707007], [-1.537731957427455, 51.388324313554634], [-1.538346327559214, 51.38553930965415], [-1.527880834463355, 51.37893546172486], [-1.516975532465181, 51.37878223715822], [-1.513420360102344, 51.372047155067], [-1.495464505709658, 51.36966663734249], [-1.500623606236557, 51.35627034906694], [-1.485726244952069, 51.347725790531314], [-1.498313465465548, 51.32937864750558], [-1.51629584749136, 51.339357828737654], [-1.527521164404937, 51.33846845688996], [-1.527151984001001, 51.33151184146664], [-1.531894334635334, 51.3281301724957], [-1.533575127900842, 51.31622631896836], [-1.528510124677381, 51.313840300098036], [-1.525238358925615, 51.307069751331085], [-1.528035529867173, 51.29981114211014], [-1.519524340684004, 51.2959415467689], [-1.524159802946954, 51.29316399815001], [-1.522820430160964, 51.28706115576089], [-1.534524007255834, 51.28709563199925], [-1.542596332248704, 51.28125396576305], [-1.535928933712733, 51.27730729342667], [-1.540524508426159, 51.26083699755998], [-1.530581873340116, 51.26262020399368], [-1.529832284487428, 51.260517620537], [-1.535966803427753, 51.24862240436615], [-1.545171125162852, 51.2451021815968], [-1.577647414025387, 51.255634621132685], [-1.600197704758711, 51.25352781896826], [-1.600717816947943, 51.25072054489172], [-1.6074374422659, 51.25277362710679], [-1.610404511701745, 51.2429832487096], [-1.619346894803055, 51.241221500976586], [-1.633552273386717, 51.2175200078453], [-1.653507888587026, 51.22047165241897], [-1.689799892977622, 51.214772688908994], [-1.694076963168546, 51.2038740007281], [-1.668847114816965, 51.19077694778341], [-1.66928306300178, 51.181836570611345], [-1.672379472244346, 51.17854879151292], [-1.653997972498595, 51.155974507829576], [-1.662986885899966, 51.127197402625036], [-1.640592885860136, 51.12538813023193], [-1.626261199686793, 51.117343869359416], [-1.630942234214612, 51.11115957364313], [-1.626967689798392, 51.102869749393605], [-1.6373177556659, 51.092146783616144], [-1.627739827048393, 51.078017001207044], [-1.634972079874025, 51.040893116544076], [-1.632387461529522, 51.03278572900676], [-1.619469055016917, 51.03306543820203], [-1.599408687276676, 51.023735539441866], [-1.605663796070633, 51.02002771031146], [-1.605379254113795, 51.01726431211367], [-1.597535321687056, 51.008061875450906], [-1.6050258001865, 51.007011932772286], [-1.609099941486361, 51.0098195405059], [-1.614941636874321, 51.00666281751639], [-1.606089544345039, 51.00190431394825], [-1.617242430462911, 51.00418853522509], [-1.628815862844227, 50.9991011422961], [-1.625223978508558, 50.9903374867446], [-1.618964920729987, 50.987373192077065], [-1.619653123060285, 50.98300336437213], [-1.61442975107009, 50.97950177085242], [-1.602934103329156, 50.97852896846014], [-1.612190775135281, 50.97125381303128], [-1.62340956042156, 50.954644745839836], [-1.634975151598136, 50.95924956723356], [-1.646385918793201, 50.949473074282565], [-1.661669477764524, 50.94528563143459], [-1.689308097821631, 50.95464514438854], [-1.719626335370221, 50.97678805291863], [-1.7544107326629, 50.977899484099375], [-1.754328884129371, 50.980454928563844], [-1.800322608746001, 50.991401521216105], [-1.807592186754369, 50.99205217232763], [-1.815430232950625, 50.98592937452115], [-1.83582108647366, 51.00942861785635], [-1.853687935702328, 51.004476020169776], [-1.873991509019703, 50.984447822335184], [-1.874489597727161, 51.00633730315766], [-1.88674921801429, 50.99953457333113], [-1.927883663739466, 50.99770392434463], [-1.949943506441317, 50.98231705150281], [-1.956828508796276, 50.98983641608925], [-1.955473160365236, 50.97827275789265], [-1.944837175557709, 50.97575490557308], [-1.939227517901074, 50.96966346606552], [-1.929896454411978, 50.967802247534294], [-1.920993736421227, 50.961501968724384], [-1.909191147381657, 50.94533336522365], [-1.896907022449832, 50.93440287441866], [-1.878810319482868, 50.924333009975555], [-1.873652126411398, 50.91723349831562], [-1.863495860927004, 50.91939643755453], [-1.855965543400674, 50.92646527565675], [-1.842021402770432, 50.93162779250908], [-1.826307964945556, 50.92687733917252], [-1.810665286361409, 50.927210917693614], [-1.820414379868128, 50.91211374441513], [-1.816549029644226, 50.903956142852515], [-1.824960365083121, 50.89577875945188], [-1.839877305788053, 50.89789804625322], [-1.848562981881893, 50.88989558644835], [-1.844058924932917, 50.8869176911517], [-1.847984643022477, 50.882347497259396], [-1.845279699262586, 50.87800599951415], [-1.853530484656118, 50.86352172483203], [-1.850951154047143, 50.85873354992065], [-1.829525570335311, 50.85532759325347], [-1.814839595647587, 50.85870984158165], [-1.812797173184374, 50.86458135131961], [-1.808034649853389, 50.86446842218956], [-1.803254087306234, 50.85376930385384], [-1.805504618091395, 50.85199975578537], [-1.799949688062377, 50.848458149080905], [-1.803365526049368, 50.84448568226939], [-1.797002875857279, 50.8411016971013], [-1.800329286934947, 50.84105257428845], [-1.798571947607603, 50.838860806067906], [-1.790621853932284, 50.836323502783515], [-1.796662112923864, 50.833230890982], [-1.794443736381384, 50.83103911053255], [-1.803642008898158, 50.83003338525298], [-1.804852455011375, 50.82372357738885], [-1.801763369986801, 50.82098556195629], [-1.807280822836813, 50.81630967665452], [-1.802880774735304, 50.81352184574301], [-1.812075169097212, 50.80655786751619], [-1.801380744468023, 50.799724717771966], [-1.80480445356922, 50.79569462931402], [-1.800875211147743, 50.7941286956268], [-1.805974561112118, 50.79203120713166]], [[-1.805974561112118, 50.79203120713166], [-1.80097262558767, 50.79189510871413]], [[-1.80097262558767, 50.79189510871413], [-1.800811407481873, 50.78743183760963], [-1.795684084644958, 50.78591221472818], [-1.79753004466493, 50.7838471294691], [-1.787875513766085, 50.77886609094902], [-1.790756597669791, 50.77622384994787], [-1.787873637555772, 50.77426007369659], [-1.790507473887393, 50.771668687718375], [-1.787249672681858, 50.77050182778968], [-1.788284142688183, 50.76688059546496], [-1.783432097908349, 50.764660412387265], [-1.776072093591413, 50.76636412567376], [-1.76888877529608, 50.7697942684408], [-1.770124599879129, 50.77256014796268], [-1.74906604097312, 50.77952113557358], [-1.738966748731146, 50.763281739871495], [-1.744663245877174, 50.75608404630455], [-1.744175677225273, 50.747466233371476]], [[-1.744175677225273, 50.747466233371476], [-1.712711198240094, 50.75250533411781], [-1.681681300341705, 50.750160485834904], [-1.684652281361608, 50.74383052846786]], [[-1.684652281361608, 50.74383052846786], [-1.6922255719135606, 50.73855155681049]], [[-1.6922255719135606, 50.73855155681049], [-1.7693869731020717, 50.73045105505229], [-1.769348302363517, 50.73137776107097], [-1.771595017461221, 50.73672560570584], [-1.774059864431998, 50.737793336874766], [-1.770991663816969, 50.73928013644725], [-1.772632001749218, 50.74089123473421], [-1.771154445427285, 50.739320926895935], [-1.774202098697584, 50.73798155713939], [-1.776853069080775, 50.73927169727318], [-1.778509564911615, 50.738700223974455], [-1.774768898410072, 50.73799253264615], [-1.77409372777539, 50.73459021291476], [-1.769966281935655, 50.7307629690719], [-1.784468575372961, 50.73036528415297], [-1.786839366761304, 50.729652028081624], [-1.794220451815549, 50.73145390907473], [-1.79195782652483, 50.731729570471], [-1.791252694421189, 50.733215703678006], [-1.792962744072139, 50.73713053967333], [-1.796324843851479, 50.739563613954275], [-1.801633511532623, 50.73956912467607], [-1.803639756242736, 50.741035631478766], [-1.806352764716664, 50.74127484900501], [-1.801191458290403, 50.739214970034276], [-1.796309614547118, 50.73915979571373], [-1.793427641372018, 50.73678156052794], [-1.791782485379661, 50.73261684565631], [-1.794500306469971, 50.73194181645877], [-1.794247494128777, 50.73078130420642], [-1.787951146670488, 50.729131590331576], [-1.7810297913694428, 50.72922877722436], [-1.9346475823190739, 50.713101786701756], [-1.9925276337235711, 50.724357237669714], [-1.992336503780923, 50.7296033552383], [-2.005068375581946, 50.729641222630185], [-1.991959581303965, 50.729796653546565], [-1.995967262803931, 50.73749817467508], [-2.007666446421704, 50.73528307099585], [-2.011819546189662, 50.72884575021228], [-2.005531719545175, 50.72961062835932], [-2.0105350828286084, 50.72785899614334], [-2.041477815789671, 50.73387617140851], [-2.049511852989992, 50.72641405867325], [-2.050062725022403, 50.72621325217502], [-2.05145044405329, 50.728134400467795], [-2.053353941180177, 50.72876660548274], [-2.050171847761597, 50.72495874311778], [-2.070864358701305, 50.70992389019032], [-2.071907953274719, 50.707925074877124], [-2.067018436540585, 50.707679275102805], [-2.0785855168787726, 50.69581497442138], [-2.083222936746151, 50.69331246425461], [-2.084717541727131, 50.69461623423648], [-2.086486629636118, 50.69505107514774], [-2.087363352114316, 50.69598566602354], [-2.090883016468, 50.69737503989692], [-2.092438118515488, 50.696890890514005], [-2.093453169624902, 50.69610233479228], [-2.095001090074124, 50.69701655587049], [-2.101527909375037, 50.69550832624737], [-2.093418918446208, 50.695982761857486], [-2.091117676065918, 50.69716532521326], [-2.083858154316895, 50.69305211497972], [-2.07939510637144, 50.69438978844441], [-2.078421518397538, 50.688727739430355], [-2.083691537086956, 50.69090838524809], [-2.090661558361149, 50.68901826913892], [-2.091075261788054, 50.687711298799734], [-2.088047754035574, 50.68497357207932], [-2.092365089729629, 50.68568694141963], [-2.095552667166019, 50.68488669240049], [-2.098723160748031, 50.68005495580372], [-2.103962962918922, 50.68331745629272], [-2.109976523331737, 50.68418331151523], [-2.112474529533701, 50.68346509520874], [-2.115510854182117, 50.68064740318], [-2.115959430225801, 50.678881675238145], [-2.115279728776157, 50.6781872148181], [-2.117522855606781, 50.67810944107131], [-2.116729417071293, 50.67719837105015], [-2.114978437868406, 50.67823427418002], [-2.110337892889576, 50.68377200976256], [-2.098782958846114, 50.679558508264016], [-2.095288974242202, 50.684678279854666], [-2.08937302507154, 50.682915019426346], [-2.087175475875105, 50.686288069037346], [-2.090691885095994, 50.68860638399527], [-2.084027932011126, 50.69060868064635], [-2.081203215887794, 50.68629149344592], [-2.065729051518518, 50.68673113600428], [-2.060211831021355, 50.69027109997562], [-2.0314647978102625, 50.684061111064075], [-2.052677574426942, 50.67798963836964], [-2.046472489356428, 50.67900667911036], [-2.051123480969255, 50.67788602848212], [-2.047319516931939, 50.674059439964815], [-2.046525376281198, 50.67809031389713], [-2.0262372470490795, 50.682931845583944], [-2.028674901696317, 50.68171299532259], [-2.029813625536637, 50.680624577860335], [-2.026912596249789, 50.68151556448954], [-2.026592177076846, 50.678053441376015], [-2.032224635185591, 50.67329664867779], [-2.043118575701894, 50.671777814143354], [-2.044898107446603, 50.67111798853533], [-2.044964070114904, 50.67051632997306], [-2.033703414606408, 50.67133491186252], [-2.028823205914076, 50.67435599851881], [-2.02488381098534, 50.67261591528537], [-2.027183842269537, 50.670896883348746], [-2.027265612782031, 50.66797422779225], [-2.022800640403508, 50.672448188433286], [-2.026008596047153, 50.67472628044887], [-2.021036237906033, 50.67624165316363], [-2.0220758490654704, 50.68203289245911], [-2.004285549760196, 50.678135575946115], [-2.012973008020582, 50.67421048957367], [-2.009425249396345, 50.674714436694615], [-2.010695649607818, 50.67272422346175], [-2.009582950946802, 50.67091945188335], [-2.00717232188151, 50.675416009566774], [-1.998580472233438, 50.67664288656093], [-2.00073596631897, 50.67586500364399], [-1.995791268802834, 50.67339104118728], [-2.001899007765044, 50.67074811720117], [-1.99573944010188, 50.66716533402622], [-1.992624947837833, 50.66804108727188], [-1.991923728578819, 50.67271548047113], [-1.9830794143974302, 50.67360880830754], [-1.985256462436959, 50.66991181792862], [-1.981903285545242, 50.66473600275372], [-1.974715357093676, 50.665156462230954], [-1.977687711559096, 50.66298800790373], [-1.978212849077068, 50.65927408867387], [-1.972774578002368, 50.66426394795637], [-1.968126384894848, 50.66050738931589], [-1.968011709446634, 50.66688504009827], [-1.971108945993705, 50.66942359708946], [-1.95331694350811, 50.66717946261313], [-1.949532410990757, 50.66131239700908], [-1.953020802751656, 50.65334857908574], [-1.949400474167663, 50.645856071723436], [-1.9356847690517984, 50.639844745893704], [-1.9413282039535267, 50.629568794259164], [-1.950423171689453, 50.625462634518456], [-1.956323917990861, 50.61791281917282], [-1.956553824478961, 50.60923570833448], [-1.9532746976692728, 50.607815802727764], [-1.9585028771717319, 50.59829597648019], [-2.057035616780534, 50.585175312454865], [-2.0639262315596794, 50.58716618539107], [-2.064448815549448, 50.593682480174905], [-2.072912065667726, 50.59230788914548], [-2.077036700849267, 50.59544911136875], [-2.1007728572255524, 50.597812107733226], [-2.1297220472094316, 50.60617626110867], [-2.129366798398343, 50.609981844913406], [-2.134421133907345, 50.61262720575032], [-2.143833786004135, 50.610253499461066], [-2.197055825698307, 50.625630693199604], [-2.3941213049159122, 50.64203152323126], [-2.425909991519315, 50.63522342437449], [-2.4470178282848485, 50.62672408186838], [-2.46465000274116, 50.59829597648019], [-2.4635511938841343, 50.59424175181233], [-2.471613308747871, 50.585269812602355], [-2.470373601194134, 50.58319476916161], [-2.4992016839856297, 50.598188775217146], [-2.495701098217811, 50.60286694067383], [-2.501393030267326, 50.60686868921411], [-2.506539942333891, 50.60596062391323], [-2.505012321812996, 50.60912555443511], [-2.508527636696217, 50.611273038828834], [-2.513639263931831, 50.61020836783117], [-2.517493976752981, 50.61786853280926], [-2.531688271021794, 50.61747633674256], [-2.545570256771441, 50.62590502125916], [-2.548849720958362, 50.6248959077146], [-2.551868176303256, 50.62744011349997], [-2.546767068364867, 50.62767911444924], [-2.545285936846619, 50.63089831821184], [-2.558057050591835, 50.630845026047076], [-2.560497346864583, 50.63915712165829], [-2.570259881206647, 50.63757285427417], [-2.598447013086167, 50.64913389335216], [-2.600724942774894, 50.65084970289275], [-2.598221781161477, 50.65400917949318], [-2.611486345528589, 50.65410666989785], [-2.5239920266488367, 50.609713554546985], [-2.627107209291373, 50.659583904944], [-2.763822232487227, 50.70927360052069], [-2.761669293880043, 50.71126791433581], [-2.763901807583035, 50.71155187534817], [-2.763859208001827, 50.70858361005843], [-2.793108638603036, 50.71804024460693], [-2.811185486706184, 50.71790236224406], [-2.826930571274274, 50.722506663663985], [-2.910025758877314, 50.73384355560094], [-2.925160912070722, 50.73168939407096], [-2.979234196936522, 50.706401473093166], [-3.03543898806713, 50.69971563540882], [-3.05892667247294, 50.70473567941542], [-3.054778453075698, 50.71658378928324], [-3.057344215745738, 50.71893287824657], [-3.057103159005569, 50.71936221521407], [-3.056171595326254, 50.71888322891416], [-3.054805854736506, 50.71925444518504], [-3.053072105011627, 50.72134749899787], [-3.0530180504874, 50.72190642739812], [-3.056173489712398, 50.71903070919261], [-3.05561612308794, 50.72120756268941], [-3.056991371782394, 50.72194962284085], [-3.050982786743056, 50.72496712491089], [-3.052810459875937, 50.72572673008393], [-3.058424243952806, 50.72323250135843], [-3.057984050773761, 50.71973012619765], [-3.059011609488462, 50.72056882430842], [-3.060334282728904, 50.72092552919648], [-3.057829839076123, 50.71407764801951], [-3.06076114286601, 50.70563625169969], [-3.055234064725864, 50.7023068967721], [-3.079866304283959, 50.7022853759324], [-3.0928920911555964, 50.69288130484759], [-3.1536847673871775, 50.6856497155559], [-3.193272709704425, 50.684389280480744], [-3.253604105861993, 50.67425549558847], [-3.266905859646526, 50.669777808563246], [-3.2671593262110434, 50.666655449521585], [-3.412605668382941, 50.613897555709634], [-3.426474883175972, 50.6179898876616], [-3.416601943575993, 50.62155032911784], [-3.415867750989782, 50.62958223979223], [-3.432780456717112, 50.64611203017322], [-3.443511016402823, 50.66560301498989], [-3.443554495429855, 50.666791387120796], [-3.442582378368325, 50.666375358587445], [-3.441976238543617, 50.667328954903766], [-3.44957184463577, 50.673008415605125], [-3.449739491313505, 50.68446469968642], [-3.454647610483883, 50.683970932757234], [-3.456472761414579, 50.68252449325148], [-3.459112659266546, 50.685623843962624], [-3.458183051991434, 50.68883438356844], [-3.46028732437645, 50.6912676900319], [-3.458897290175701, 50.69264489288908], [-3.461093916666444, 50.69480813990451], [-3.458550902318668, 50.69547891623971], [-3.458521306928582, 50.693032708174265], [-3.45782805756228, 50.692590826491916], [-3.456729298298827, 50.692589279881055], [-3.455343996967842, 50.696731814200525], [-3.455923644168425, 50.69711399053625], [-3.458545191575319, 50.69681320504308], [-3.458692343669303, 50.69749394307832], [-3.457538838765418, 50.69769453831923], [-3.457067722165232, 50.699535060490035], [-3.462658423593685, 50.70208746869445], [-3.457161655000633, 50.69945835284991], [-3.459026173684793, 50.6974385060299], [-3.458738322564609, 50.69678559150598], [-3.455516080063434, 50.696663110721516], [-3.456989298598689, 50.69266337681642], [-3.457866525359688, 50.69542953621624], [-3.459624232202462, 50.695812237593785], [-3.461321102854503, 50.69473784358358], [-3.459624203716211, 50.684911446471645], [-3.4566632599787, 50.68200139959914], [-3.45163067334798, 50.68253815221212], [-3.456314678688094, 50.6749046497488], [-3.479875353262137, 50.69078856156023], [-3.485736362467228, 50.690375821468926], [-3.490751842984444, 50.69392978433906], [-3.497249437202577, 50.69433392189117], [-3.501303300956726, 50.69966066653346], [-3.504383773151134, 50.702641790792256], [-3.507304351205642, 50.70124425701185], [-3.502165053957046, 50.70003897052226], [-3.51098795222181, 50.701033773634485], [-3.501875369616264, 50.699393376248445], [-3.497988111875949, 50.69423181225972], [-3.486995727174127, 50.69017541819756], [-3.48101606415787, 50.68956088393993], [-3.483139749868431, 50.68862193739433], [-3.476993994016344, 50.68419975319398], [-3.468586060940691, 50.68172674470781], [-3.466065618268521, 50.66335183855025], [-3.468081202620553, 50.66396319876903], [-3.456401489456167, 50.65612550829322], [-3.451330479702424, 50.64729438099262], [-3.452417038171239, 50.64230479969629], [-3.446048363918099, 50.62498009263517], [-3.445972027241453, 50.60562186557633], [-3.443659821314757, 50.60160173376852], [-3.435443938523921, 50.606610085809656], [-3.4308877615994944, 50.60726607417372], [-3.4375311580364967, 50.60485630849285], [-3.4527919518565677, 50.58796419308239], [-3.465019329646687, 50.57986494704216], [-3.4693398879653263, 50.56964734470282], [-3.496426325547077, 50.54170538983759], [-3.500267175594029, 50.540881608152986], [-3.498435217423792, 50.5442615908433], [-3.501835516964729, 50.54653451995712], [-3.558993370792626, 50.54553125148491], [-3.590785893603459, 50.53886043887504], [-3.580553153360418, 50.53772455368206], [-3.593435933592425, 50.535502853227335], [-3.597190851142522, 50.53366075502318], [-3.599329365249971, 50.53522598416378], [-3.60272409871947, 50.53658738287743], [-3.601403175284378, 50.5380853232152], [-3.602620601037159, 50.540068736404656], [-3.605994792976819, 50.54114373386406], [-3.601663986181423, 50.53811949361694], [-3.603260518581646, 50.536466967689464], [-3.599002440884891, 50.53465577678668], [-3.604523625954975, 50.53522193955943], [-3.60903112721275, 50.53991823749349], [-3.61315927373689, 50.54104019962927], [-3.604578986634152, 50.53402683570782], [-3.600385998287905, 50.534634054566446], [-3.597358058105955, 50.53343184293419], [-3.60134843678885, 50.53409289365741], [-3.602980749262091, 50.53345976333155], [-3.604617605431274, 50.53183813934079], [-3.606435119271751, 50.531675460979685], [-3.606095032936709, 50.53146609809474], [-3.590090196902641, 50.53420406086607], [-3.595059083746278, 50.525138865318425], [-3.594964997767384, 50.52435677729434], [-3.588393460250958, 50.535782218006226], [-3.576312210105318, 50.538479070153286], [-3.55100829802882, 50.541126737237285], [-3.540406824069816, 50.53814404475999], [-3.53931599973856, 50.5404428344838], [-3.509769596920215, 50.54287582349511], [-3.4976838607941256, 50.53827350754467], [-3.536657886031958, 50.46215212090776], [-3.54517441680055, 50.45581424749649], [-3.544852378355871, 50.4526347464418], [-3.55193779746395, 50.45112034439764], [-3.557148606760209, 50.44255074917285], [-3.559054449057248, 50.43308897974876], [-3.553136802586744, 50.42923248275797], [-3.559072433759555, 50.427679003688965], [-3.557874048436915, 50.41970274440621], [-3.579251600444641, 50.376930458988305], [-3.591636127641798, 50.38235525797457], [-3.577725077641076, 50.38905366355523], [-3.5752994535494, 50.393286673027134], [-3.602816055067292, 50.39533808872292], [-3.609826421830643, 50.39237040631504], [-3.623021809975051, 50.40090562918867], [-3.623634569054545, 50.397959689283084], [-3.632425216590927, 50.39998883637082], [-3.630173244405493, 50.40337423019684], [-3.634226218805264, 50.408820690632325], [-3.647601999876729, 50.40622609237082], [-3.642273755668685, 50.408947441645346], [-3.643458070169587, 50.41189598492822], [-3.658200708906353, 50.41131437775371], [-3.660183875068958, 50.41518132065824], [-3.680231298354134, 50.42614206013723], [-3.680121397144412, 50.436598975406746], [-3.684157621214766, 50.43882953582003], [-3.683278491154224, 50.43965258490854], [-3.683406486653738, 50.44270326469214], [-3.684523066943752, 50.44467922850581], [-3.682960400429883, 50.445294554891674], [-3.682337124077159, 50.44594841397111], [-3.680682929878377, 50.446486769151356], [-3.679826871357565, 50.44593882697997], [-3.677946776279609, 50.44554863468979], [-3.674840881647239, 50.44637947707992], [-3.674481536719417, 50.44761049423363], [-3.675531250800197, 50.449814154061634], [-3.674387955822152, 50.45090448122705], [-3.673142650705862, 50.450863042647796], [-3.672465661137826, 50.45135844003637], [-3.67244459502251, 50.45243801385526], [-3.673137275848578, 50.45094946054388], [-3.674466530790106, 50.450975305333024], [-3.675642379262807, 50.44984941966634], [-3.674999350129659, 50.44639875519956], [-3.680694499529895, 50.44653608558057], [-3.682431516184101, 50.44598932121965], [-3.684673934792324, 50.44472291706781], [-3.684399726925901, 50.43878556279516], [-3.681753127056396, 50.43686589609474], [-3.6882295148058, 50.43935960656001], [-3.690757239730629, 50.4390800695103], [-3.680727978217606, 50.43643010172895], [-3.682532801377369, 50.427718673555574], [-3.676982100015198, 50.42284052579686], [-3.663126337352046, 50.41491803534499], [-3.670398787628048, 50.41794727623875], [-3.665973724939647, 50.41302994320918], [-3.660831774027385, 50.4115709366124], [-3.662441871202056, 50.414826192234706], [-3.658450227423141, 50.410560735099615], [-3.644973940750854, 50.41055605682218], [-3.64957779580138, 50.40675120927204], [-3.644047136145171, 50.403705052047926], [-3.633935118495215, 50.40498171406072], [-3.643951200156874, 50.39690705331772], [-3.666768325678965, 50.3945631140807], [-3.672341469717505, 50.39696722317947], [-3.663191830459319, 50.39243062025833], [-3.635348906643976, 50.39801858261748], [-3.626019814298762, 50.39196612684378], [-3.607566098802202, 50.3887699801833], [-3.61432188179832, 50.38377113117012], [-3.606082392499183, 50.38528647774171], [-3.598650667662558, 50.391468712632204], [-3.594054605531824, 50.389752819047615], [-3.597431916430641, 50.38467532856646], [-3.594572188134921, 50.38060888873146], [-3.581051135016888, 50.373329943535666], [-3.5863500285724443, 50.362727897638386], [-3.589415765294008, 50.36386009582809], [-3.601314768875919, 50.356330834028526], [-3.587705690792835, 50.360015483635145], [-3.6077319642436203, 50.319946841370374], [-3.633758358707691, 50.30087239331672], [-3.646160558400745, 50.28302772125334], [-3.65886686013537, 50.2423350331501], [-3.6558871338236383, 50.2295489286804], [-3.680993042356744, 50.222464625723255], [-3.7165343891393166, 50.206862833058075], [-3.7325526251037373, 50.20849698285325], [-3.737372357655721, 50.2148111163255], [-3.767044419902792, 50.220538881785195], [-3.773412821952575, 50.22435250365868], [-3.761587294236021, 50.23621952858864], [-3.740923745672455, 50.23966642957427], [-3.734419287817078, 50.23668770966392], [-3.726295113268097, 50.23671071644378], [-3.739111772618357, 50.24109036419402], [-3.734461378059337, 50.24194327921858], [-3.727395845625169, 50.24753139026061], [-3.720217806778388, 50.24817127316944], [-3.725774558868933, 50.24877689934933], [-3.735077133568091, 50.24260055764641], [-3.752433080344918, 50.239776688116855], [-3.756126599334025, 50.24094859804346], [-3.756808419860188, 50.243623945409986], [-3.752545069282226, 50.245429619996195], [-3.756808360883983, 50.25025806248454], [-3.747143351361882, 50.25163063296067], [-3.747531659378328, 50.25649242352205], [-3.736746498170965, 50.25800417575425], [-3.745036865016245, 50.26016355711159], [-3.729557080714117, 50.26336671364648], [-3.728625423938655, 50.26685410565503], [-3.719949162505884, 50.270662354370586], [-3.74618426617812, 50.26169240040294], [-3.75656327080671, 50.254692269811585], [-3.754435489879722, 50.26054367009455], [-3.761977291668201, 50.261549315914415], [-3.759293992958288, 50.268038773918384], [-3.762060417532165, 50.27417762880566], [-3.758009621000998, 50.283647749231754], [-3.765125973730991, 50.27176384099506], [-3.772551803713915, 50.27521964901402], [-3.772314955493111, 50.27708057940746], [-3.776255549066288, 50.28242227424834], [-3.775154144059452, 50.27968060037917], [-3.778016684474451, 50.27924648418794], [-3.773566798054005, 50.27722965226831], [-3.772116054444621, 50.27164933096723], [-3.775116700300775, 50.27014737557451], [-3.769941718300834, 50.26966689117612], [-3.767446804370771, 50.26288640261945], [-3.771786944778119, 50.26009867655634], [-3.785793836319546, 50.26574389021158], [-3.784833659756329, 50.26228061361632], [-3.776784873285087, 50.26086419903177], [-3.774077369832339, 50.25705964094851], [-3.783811819300049, 50.25637454645135], [-3.787772788588457, 50.254965418799024], [-3.764867248249918, 50.25398633061536], [-3.766062292939871, 50.250833672677246], [-3.759224471905387, 50.247647359395486], [-3.761312801350601, 50.24235413894019], [-3.758807646699991, 50.24063282102306], [-3.762481561132211, 50.239706492153296], [-3.76804741232305, 50.24436096933255], [-3.775226686182523, 50.24374778925026], [-3.768117084249024, 50.24260512750859], [-3.766527749158652, 50.241077810388056], [-3.769844973882829, 50.2400685500746], [-3.765902279200885, 50.24047392186305], [-3.766084975861672, 50.23634819907958], [-3.775743174815858, 50.22934286778174], [-3.781877870247674, 50.22961767224149], [-3.784316171660515, 50.22571362606325], [-3.780523304627919, 50.224044064338166], [-3.780658578142677, 50.215668357118865], [-3.8129927552826715, 50.21670333107707], [-3.878939266853409, 50.28187828302445], [-3.875581524982507, 50.27969575777441], [-3.868079303315216, 50.27933721686914], [-3.864141863696263, 50.28722993663158], [-3.852304571895683, 50.29105375291999], [-3.85836132561664, 50.29156419980754], [-3.857753833574273, 50.29892666198886], [-3.84203677811507, 50.309020988939494], [-3.838464439675262, 50.30728950587917], [-3.830751323854127, 50.31043059903087], [-3.826434648695911, 50.310009275910836], [-3.825803920622753, 50.31066673311976], [-3.830580724181094, 50.310853327327], [-3.838856335765326, 50.30852809507377], [-3.834141653583636, 50.31097346139224], [-3.838041534691428, 50.31023368514518], [-3.837236690163291, 50.31241761763039], [-3.839643600807273, 50.30985847468812], [-3.840333831270516, 50.31020190186236], [-3.839640933656999, 50.31117166292636], [-3.839965213384436, 50.31262266049709], [-3.849224026258241, 50.30657645762451], [-3.854567568686011, 50.30931635399004], [-3.851023538264691, 50.305070049011036], [-3.862892029702236, 50.298325408006264], [-3.860491100304606, 50.29149049706154], [-3.867255946264584, 50.287885951794806], [-3.869435746817395, 50.28203884195], [-3.875839729492064, 50.281051506147406], [-3.941385763866691, 50.311473224161816], [-3.934831860753426, 50.323189995412974], [-3.927961583959927, 50.32443026732214], [-3.928713270191923, 50.325229949862575], [-3.921817427361594, 50.3295031110875], [-3.919966622309334, 50.33203950140303], [-3.928479720526686, 50.32577617960023], [-3.935767574205222, 50.32471332832827], [-3.926816588342234, 50.33672365122295], [-3.926015927315899, 50.339998213910256], [-3.92735059329034, 50.3422093275255], [-3.924739020347323, 50.34710408929295], [-3.925355420195594, 50.348373783113225], [-3.927772383652428, 50.34193523191421], [-3.927216291192727, 50.336531745551845], [-3.938756400408776, 50.328834151133044], [-3.938282482466182, 50.31956988441367], [-3.9451481606910277, 50.3132427905332], [-4.05103246382836, 50.29569972181805], [-4.072521123749957, 50.308806828308235], [-4.061110510165235, 50.311683806929906], [-4.053316208049817, 50.30958937727955], [-4.048770140374836, 50.31292916180947], [-4.040402599774672, 50.31036280340661], [-4.033285916357775, 50.31342508477766], [-4.030401500757356, 50.31584732866214], [-4.044616719242494, 50.31247078237299], [-4.052697063417632, 50.31419284981759], [-4.053169169548136, 50.3177489865069], [-4.043054921232086, 50.323938125639785], [-4.046313329227401, 50.32482972545726], [-4.042355339536996, 50.33039398718253], [-4.023373708972495, 50.339257100992064], [-4.017294514859853, 50.34029727060843], [-4.015794889326701, 50.341325251627936], [-4.020725706037944, 50.341799986800076], [-4.030623355654651, 50.33910995552431], [-4.036532437755262, 50.33936096630438], [-4.033596873206572, 50.33939976601126], [-4.032720348593158, 50.34256938820402], [-4.043218174578145, 50.33596337450654], [-4.045459838132364, 50.33076750798449], [-4.051026760555882, 50.33490663378397], [-4.051890098805184, 50.34717856093836], [-4.051416267753926, 50.33866298042304], [-4.058253983628961, 50.3380915211261], [-4.052564801171659, 50.33674760430633], [-4.051799469496171, 50.333630194053455], [-4.047488383350963, 50.331018713869774], [-4.04946782213235, 50.32271531639223], [-4.05566529287884, 50.3177138391907], [-4.053453773917657, 50.31248852883947], [-4.069325239829003, 50.31222049626703], [-4.085824963694968, 50.31770063606797], [-4.126081370823797, 50.344673799494856], [-4.12137768060134, 50.34889834843266], [-4.124493043823404, 50.35545680349994], [-4.135274726607604, 50.35943534052238], [-4.120430772232844, 50.35786953335584], [-4.116118551422576, 50.360391886105596], [-4.113500285479657, 50.354215410992005], [-4.101125817298046, 50.35484448678736], [-4.106423249173879, 50.358564000687736], [-4.1119447306815, 50.35720821947773], [-4.112224917023465, 50.35949938623203], [-4.108804787662256, 50.36658519705059], [-4.101614405839778, 50.36555512981319], [-4.098011782783373, 50.366862330596824], [-4.108125297807524, 50.36791069534355], [-4.099281087733829, 50.37974988067907], [-4.083152329434372, 50.38669485953712], [-4.083317728736953, 50.38822183213879], [-4.085049848358596, 50.389672162132925], [-4.083357836050536, 50.39273084709307], [-4.083769302900851, 50.39370836097961], [-4.084731367293548, 50.3943423002305], [-4.087027733615249, 50.394985565040045], [-4.083552646190332, 50.392970227908116], [-4.085498669386903, 50.39060220369648], [-4.08395356367207, 50.386747090130854], [-4.088682720621269, 50.38820653177093], [-4.10028055226423, 50.38333404283563], [-4.110683538541866, 50.372669941798335], [-4.110038842371072, 50.36790204284889], [-4.115658119903546, 50.3619904686069], [-4.129894378932001, 50.36426128218902], [-4.132734427803376, 50.366404048209894], [-4.12970983645845, 50.36753905075051], [-4.131953601216392, 50.37037858950657], [-4.135859307451886, 50.3679458862165], [-4.133450105456324, 50.363298649593425], [-4.152516313053336, 50.36238611084584], [-4.153183793937171, 50.36604147218926], [-4.156401799018519, 50.36498951873558], [-4.17497092500343, 50.37743146538727], [-4.184486349675137, 50.37692351767873], [-4.18213916041385, 50.377972312917315], [-4.184498605290529, 50.377650034156375], [-4.187185244297043, 50.38272903890628], [-4.184283768585034, 50.38442327674523], [-4.188289244885937, 50.383792092603954], [-4.192940031755363, 50.390045534675835], [-4.184626761462861, 50.392527101200486], [-4.186881427781026, 50.39370343444081], [-4.185114377312837, 50.39422775880752], [-4.184690371177189, 50.39595995228437], [-4.179470929870341, 50.39576378995688], [-4.179673125782251, 50.39670533999241], [-4.184697391566024, 50.39635825620819], [-4.194513571240072, 50.39209985330868], [-4.205400941905808, 50.399501294595346], [-4.199558706348715, 50.40291292507133], [-4.202481651484151, 50.40409611703996], [-4.192203637572226, 50.424697710775014], [-4.186205472064346, 50.42374207784748], [-4.184579944812373, 50.41996082733888], [-4.185764038597235, 50.423634363923], [-4.175838967663688, 50.42198924405733], [-4.170672635064198, 50.423230771900265], [-4.169741021175407, 50.421699314264586], [-4.165882816362846, 50.419925605304364], [-4.169671601183598, 50.422244785404594], [-4.159826225849709, 50.42799374279496], [-4.176575698480576, 50.42261223268249], [-4.186686128701382, 50.42460999204327], [-4.185223333445418, 50.4262303967122], [-4.189830544223337, 50.42846607940193], [-4.175544747287897, 50.433813303578546], [-4.165571055585892, 50.44246400347289], [-4.166271863825814, 50.44618180924277], [-4.162660629471255, 50.449370909631455], [-4.156460473942164, 50.446506240109244], [-4.162072841829589, 50.45044406368446], [-4.154565050193765, 50.45656189078789], [-4.156905685614815, 50.461898900559646], [-4.150492631398158, 50.46514762849265], [-4.157522884274664, 50.46227240124279], [-4.158255980205259, 50.45664815720409], [-4.164083619290026, 50.45647513094821], [-4.169565033764237, 50.451968497073246], [-4.175975006352476, 50.44125976346188], [-4.185070358278169, 50.43428320063095], [-4.190729365773488, 50.43533703070164], [-4.19129265775079, 50.4408561365757], [-4.198940856147992, 50.445605600299494], [-4.200431864759414, 50.45354457830185], [-4.19866260115792, 50.453001496590915], [-4.195829822619065, 50.453767364235055], [-4.194897347527599, 50.450210625802136], [-4.193708870294267, 50.455030637475055], [-4.201435507430986, 50.4544367240911], [-4.215673808563441, 50.46828747174757], [-4.22458090020763, 50.46710292936852], [-4.229391319398652, 50.45717549445672], [-4.235617150448038, 50.45869566653425], [-4.23549817855795, 50.46648076235048], [-4.218016185232066, 50.474103555628794], [-4.216139471783826, 50.47550285563709], [-4.217748932714474, 50.48456184281452], [-4.223147537756407, 50.48914213273845], [-4.219891942085697, 50.49310605025651], [-4.220803113608466, 50.497742318779174], [-4.21078546909173, 50.4964697206989], [-4.203683903540044, 50.492219735264555], [-4.198259518032263, 50.49148317182871], [-4.193170879127604, 50.49506989754632], [-4.194681762109464, 50.49843135320558], [-4.189583017676758, 50.49813166989733], [-4.1825240021264, 50.49966202892518], [-4.180420026770339, 50.50088510558417], [-4.180116852839338, 50.50306019134503], [-4.183695587593374, 50.507939019915504], [-4.185306770247809, 50.50850059410264], [-4.189870148349757, 50.507782506040854], [-4.192870966157555, 50.50652256856532], [-4.194268058092047, 50.50301273105115], [-4.202441847138244, 50.50313172453162], [-4.201602633680834, 50.5134658320194], [-4.20945556063392, 50.5141354508601], [-4.205838251128017, 50.51893418684603], [-4.206868992255292, 50.51916466095643], [-4.209896285615837, 50.5141801502136], [-4.202031721975166, 50.513320104151994], [-4.202940144916098, 50.50299007032671], [-4.193983462077404, 50.50262323219958], [-4.185415221371589, 50.50816038047138], [-4.181049507242808, 50.5012042819184], [-4.19491350284992, 50.49880654036531], [-4.194826673288487, 50.49395396749148], [-4.200336070457616, 50.49250976145552], [-4.210670094916119, 50.497229263862145], [-4.220628635132385, 50.49889240646398], [-4.22361026409762, 50.49055979864571], [-4.230803858345552, 50.49110474331297], [-4.224380983684211, 50.48979851585459], [-4.219333601985242, 50.48435353474891], [-4.219247616256751, 50.47538873643512], [-4.239360653340823, 50.46519584697724], [-4.245568219066055, 50.46713497450279], [-4.250321791803484, 50.466517849129374], [-4.239584588859737, 50.464954980016515], [-4.237828528985506, 50.4577564051893], [-4.230659938812196, 50.455092371691485], [-4.217621178196721, 50.464460152307744], [-4.211568854519833, 50.45621246181069], [-4.209296102467136, 50.44877055142452], [-4.211288589794365, 50.445672802177306], [-4.203030273702095, 50.44255109173576], [-4.205826419949414, 50.44068122906702], [-4.19962585401654, 50.43699046247151], [-4.203720279391385, 50.42999807407186], [-4.217132678885223, 50.42973234297338], [-4.220978211695875, 50.42594336977622], [-4.22536412120964, 50.4283168013528], [-4.226324293760303, 50.43560636809008], [-4.232912972780258, 50.43864607707468], [-4.23673104292727, 50.438735508275606], [-4.22687267572045, 50.43513807303213], [-4.228080618517819, 50.42808400675797], [-4.223814879508868, 50.4254241317254], [-4.229587570321067, 50.42524525489364], [-4.222719967243946, 50.42426232878677], [-4.223816491067433, 50.42200265224117], [-4.220904211759064, 50.423399370315785], [-4.222466384890034, 50.425340180542335], [-4.209767851093918, 50.42536722880907], [-4.211428708879009, 50.416743315848265], [-4.212593797922408, 50.416885758340555], [-4.215591256744897, 50.41514584860306], [-4.211584804412583, 50.41662072424502], [-4.212374869815767, 50.414029703541544], [-4.205533704300005, 50.407815008609845], [-4.213431078808809, 50.40480021214254], [-4.210059237955831, 50.40392715988853], [-4.211954160913109, 50.39928778032369], [-4.227748929183742, 50.39335840418006], [-4.23019247768188, 50.39421817415357], [-4.228738227439852, 50.39723133465731], [-4.235592554666024, 50.4015420764394], [-4.232780150069533, 50.3936522418321], [-4.243712110579481, 50.38919999990683], [-4.249298675170048, 50.39169324269112], [-4.247161776916153, 50.39390041341222], [-4.252533386974942, 50.39353562750161], [-4.247731873415193, 50.39060374288637], [-4.252015380326722, 50.38955212173901], [-4.252696577012856, 50.38831116652473], [-4.245185851715404, 50.38707221688746], [-4.253973738543569, 50.3834123110781], [-4.27104926020511, 50.38719497159507], [-4.273020178076289, 50.38522263319707], [-4.270492551220169, 50.384936529225754], [-4.2706012794074, 50.37952690009362], [-4.274386513570382, 50.37676443825192], [-4.283655362232876, 50.38308487646189], [-4.280021081255521, 50.38799528372145], [-4.284756038717986, 50.384472688422754], [-4.288712224484081, 50.38760591655377], [-4.282614439445153, 50.389177535112054], [-4.281893029785311, 50.391294611558735], [-4.287153028469229, 50.38891292261885], [-4.286284467886938, 50.38975120510256], [-4.287867182611395, 50.39176631325521], [-4.289088219100015, 50.387993372523496], [-4.290288074207704, 50.390499909613794], [-4.280616220029175, 50.39860699608949], [-4.276593070244031, 50.39772524881504], [-4.280761606360159, 50.39888028019433], [-4.276822268462428, 50.407379931191116], [-4.278371612159606, 50.41394525139986], [-4.275756473115365, 50.41483113299925], [-4.272694323675451, 50.416790665555034], [-4.271762723081451, 50.41970959048263], [-4.275254016574222, 50.42229288266912], [-4.275029640253008, 50.42648148766762], [-4.27599413290566, 50.42839014182699], [-4.277459002066169, 50.42975019474266], [-4.275258929826443, 50.42647700161442], [-4.275405925340427, 50.422202679201305], [-4.272773201727521, 50.416998695800274], [-4.278789612121063, 50.41400360491388], [-4.282087637944191, 50.398713949028284], [-4.291563108032634, 50.394124760646676], [-4.29348592999917, 50.389040018584886], [-4.301691360665179, 50.39270863503186], [-4.297201371864643, 50.39735855707894], [-4.300679714880844, 50.39959416229189], [-4.297744165748639, 50.399387794041424], [-4.296828510380422, 50.39995006398054], [-4.305482544979179, 50.401015495899266], [-4.302315371813441, 50.40436485495708], [-4.304787203625509, 50.407218406712474], [-4.303250604055215, 50.406817137827964], [-4.301902051647017, 50.407509441802375], [-4.307456923881106, 50.408256499050914], [-4.308275882903025, 50.40903446445684], [-4.307367880006567, 50.41007336631265], [-4.307960490587135, 50.41105819605808], [-4.309989587258443, 50.41038196118861], [-4.311759161216328, 50.41140008234969], [-4.311303718142036, 50.41256854031235], [-4.313445991117559, 50.41415572364531], [-4.319984189306802, 50.415877433261], [-4.321815747383726, 50.41547748783676], [-4.32502127171481, 50.41240746358861], [-4.326605886992076, 50.41222826174684], [-4.324975812846707, 50.41231214228447], [-4.320210542211182, 50.41578477328391], [-4.313702016198892, 50.41406608724132], [-4.311520536161285, 50.41254083578629], [-4.312031787608341, 50.4114198428167], [-4.310930794036574, 50.41063312271433], [-4.309623509417575, 50.41014730425836], [-4.307622781679821, 50.41022120922929], [-4.308714318713928, 50.40893312146823], [-4.302851244467299, 50.40459081125137], [-4.306889895083508, 50.40116208960034], [-4.301368162491757, 50.396347937110214], [-4.303232295340975, 50.3881565627034], [-4.308251110014428, 50.391469535443015], [-4.311049505528956, 50.390022495226304], [-4.318968572305661, 50.39035590205552], [-4.325028070468888, 50.38923107515056], [-4.315890286004042, 50.38897272906408], [-4.308617466622563, 50.39043779595726], [-4.30868832884374, 50.38778477464567], [-4.295556804809896, 50.38737833662559], [-4.296846199088399, 50.38363901243753], [-4.300716552221071, 50.383443757000045], [-4.305013016473716, 50.380956172957944], [-4.307081237212856, 50.37473410049436], [-4.304114499562114, 50.38087506556162], [-4.296264886014596, 50.38255494585537], [-4.295180790805632, 50.38681728556393], [-4.277235321112755, 50.37445644808847], [-4.268630167824066, 50.37344551588369], [-4.435513669770133, 50.36118368520034], [-4.451093976585232, 50.35091065012202], [-4.454630415211209, 50.352753695275965], [-4.460995747532603, 50.37301829026896], [-4.465256532986196, 50.37541685988787], [-4.464754632009047, 50.379083882657554], [-4.46595001046367, 50.380949212762594], [-4.463917880777232, 50.38182881333789], [-4.46333646724748, 50.3831489882285], [-4.464842483430808, 50.38747771944561], [-4.467047552255846, 50.389789339131546], [-4.46680264197192, 50.39087121089047], [-4.4672511629303, 50.389971228819086], [-4.467036076746044, 50.38929669513531], [-4.463539702970476, 50.38305382769204], [-4.466110136439071, 50.3810528707861], [-4.466681251184785, 50.37549638822104], [-4.459056997068759, 50.36628900391208], [-4.459352502857545, 50.359140896535855], [-4.464235992925167, 50.35895738884677], [-4.468999191064722, 50.36358037838291], [-4.479516628073517, 50.362864438151604], [-4.481883259090996, 50.3647523375022], [-4.484401933821188, 50.36440526867637], [-4.485123949230185, 50.36818473819874], [-4.486412189475022, 50.36901890923575], [-4.487666551732386, 50.36904423822566], [-4.48591247595873, 50.365486540256946], [-4.484215829092398, 50.36418078519004], [-4.482154997589642, 50.36451625872674], [-4.480391722707394, 50.362765762105106], [-4.469373133122012, 50.36265766000669], [-4.464985192218321, 50.35808520573718], [-4.457260312810892, 50.35832525314175], [-4.455872432032979, 50.35309355196729], [-4.450560872084246, 50.34948632149135], [-4.452435531673398, 50.344892728123845], [-4.473116602861491, 50.33851158422477], [-4.472606771450408, 50.333215491665605], [-4.497590278685434, 50.337376527268994], [-4.501705990793873, 50.33067765722284], [-4.518270321620717, 50.33136236524619], [-4.514818684790452, 50.32983873002463], [-4.538875502420507, 50.32372525547485], [-4.551469086197425, 50.32433718687621], [-4.578313874061243, 50.332540778891065], [-4.587421098185311, 50.33209364418432], [-4.59838478554104, 50.323901946834276], [-4.606607194164945, 50.32896273405671], [-4.618366311722355, 50.32388781157391], [-4.63304532858241, 50.32435665799889], [-4.638602525314653, 50.32623825553121], [-4.638468734537301, 50.32988340206757], [-4.635030940715636, 50.329160859091346], [-4.630265514836918, 50.33246026491849], [-4.617285749776514, 50.334136798043374], [-4.608866139140575, 50.33808064000779], [-4.629666065010567, 50.33453101410122], [-4.631407816863773, 50.34137904080594], [-4.627438659072712, 50.34805140484196], [-4.636071817904422, 50.347399855272144], [-4.635698388624427, 50.35837053146043], [-4.614523092645197, 50.35739525780347], [-4.608360571935767, 50.35890907029515], [-4.606297236108477, 50.36097652305278], [-4.613628453366053, 50.35800184540351], [-4.624031365800922, 50.36115583877408], [-4.627618744954804, 50.35826025731139], [-4.6359184120512, 50.360082678955905], [-4.633600176882894, 50.37925857713798], [-4.619804970940151, 50.38204034806425], [-4.61580853001941, 50.385543940536714], [-4.635847385168047, 50.37990562614382], [-4.637926772004635, 50.373119447004676], [-4.660782706015253, 50.38880472584585], [-4.662392586374063, 50.396693348064055], [-4.663895608723745, 50.39707268398955], [-4.663275953205199, 50.39801695932551], [-4.664938597997645, 50.399383879948076], [-4.668551426097534, 50.401269103565255], [-4.667885019814816, 50.40200667004304], [-4.667982225622674, 50.40421361941987], [-4.668918861771084, 50.405302092892505], [-4.666271680291257, 50.407462279174624], [-4.667477770297279, 50.410139388450645], [-4.666619731203103, 50.40789505392982], [-4.669137960682665, 50.40536906379026], [-4.668798402596607, 50.401330894076665], [-4.662305713995351, 50.394491563852114], [-4.662930050319907, 50.39109513165119], [-4.66485182661681, 50.39116623428711], [-4.666553867411245, 50.39043100585035], [-4.662653035624566, 50.390796560756804], [-4.655888747828165, 50.380438862491815], [-4.649670195439104, 50.37726883876206], [-4.654461612761311, 50.373877220014194], [-4.649400234299232, 50.377119375113935], [-4.638890362345577, 50.37071476787094], [-4.640951248623475, 50.36315354998162], [-4.638832041572065, 50.35418151752246], [-4.641720820325758, 50.35457820718119], [-4.637309240418125, 50.35214900681215], [-4.637587153811197, 50.34666385823464], [-4.631197558087448, 50.344668774213794], [-4.634235084267671, 50.33491685019076], [-4.65473196151962, 50.32306619872082], [-4.66755530007735, 50.32308732738043], [-4.668987409910062, 50.31656769776127], [-4.6755796375917065, 50.31623185121474], [-4.684692352395199, 50.320121793862285], [-4.681685424499968, 50.32338359168965], [-4.681402533248238, 50.3378209477849], [-4.694831183039727, 50.347666648069826], [-4.70240667486623, 50.346971697306714], [-4.703890766052318, 50.34911758864144], [-4.705406904164689, 50.348659515731725], [-4.700194237095151, 50.34452339745721], [-4.705637902727303, 50.345478879061254], [-4.704417438350624, 50.342307714314764], [-4.700766142345175, 50.343404603714404], [-4.705921070909634, 50.3402497155662], [-4.756794196150198, 50.33104722336708], [-4.766792948937603, 50.3220805992533], [-4.7634562458451235, 50.31062560448347], [-4.853408095174544, 50.235383186205006], [-4.86599033394105, 50.23476802419064], [-4.87364547554475, 50.23120997859632], [-4.876084968691904, 50.226028664428476], [-4.935083746868967, 50.20709952641101], [-4.94824122378375, 50.20573158559122], [-4.960176040389156, 50.199048927705505], [-5.019817954691503, 50.17991344622033], [-5.015798051866732, 50.18458949707965], [-5.014182476350126, 50.18227279063964], [-5.014336975466846, 50.190462113197704], [-5.017163232046777, 50.18439842009922], [-5.02564787211301, 50.18220654884623], [-5.034718627309011, 50.20393283801096], [-5.026695368073908, 50.20401280877372], [-5.029496277048675, 50.20605552137809], [-5.023024284527033, 50.21158843774368], [-5.025395499134018, 50.21740353432], [-5.022864744169726, 50.222631227860695], [-5.009351184582282, 50.22704297589346], [-5.006149989191556, 50.22214233179425], [-4.994449077494333, 50.224755716850055], [-4.992142621160826, 50.221556958272714], [-4.992742646833014, 50.22464499444534], [-4.98203908125028, 50.226700668288075], [-4.979759797761101, 50.22134022079427], [-4.979123389867631, 50.22709936823594], [-4.971864235890113, 50.22586501711969], [-4.970828360410438, 50.22823850649594], [-4.981745034637666, 50.22951666231256], [-4.982667303869357, 50.23233918801515], [-4.965650603751699, 50.232319063713156], [-4.964032964330924, 50.228896166242265], [-4.962071426097184, 50.22790541314766], [-4.960107764924466, 50.22737709910289], [-4.96704990843057, 50.234752602566324], [-4.963325478723688, 50.23919169404266], [-4.957736757444107, 50.23784364661733], [-4.951619645649042, 50.23887997672317], [-4.955277609646085, 50.240080492416524], [-4.957783142516285, 50.23875191524566], [-4.963165454345656, 50.23934871680573], [-4.964364342551183, 50.238754967366944], [-4.965577790390651, 50.240362087050876], [-4.963846682623951, 50.2416009027413], [-4.963637857365631, 50.24216844770032], [-4.964250574346194, 50.24333934769741], [-4.965820540238732, 50.24052141690458], [-4.964658678844279, 50.23818703339244], [-4.967272520885052, 50.24029900008148], [-4.972246124369361, 50.23583497324753], [-4.978659367983546, 50.23798609126514], [-4.97486247429647, 50.234404233599044], [-4.984125953422826, 50.23288012366727], [-4.984773123978839, 50.228693119230684], [-4.991775602534284, 50.22637639825797], [-5.001493180145534, 50.22492733370109], [-5.007199871198454, 50.22857582795486], [-5.014842816549179, 50.22791520815937], [-5.016277111070008, 50.23435213933289], [-5.012065190974209, 50.24084033315638], [-5.02174729433753, 50.24517654697669], [-5.010210962922892, 50.24903039437657], [-5.010535168048858, 50.25630667798567], [-5.005764797416727, 50.26637945220983], [-5.001041722890366, 50.27368820967376], [-4.994137587108972, 50.27715882191328], [-4.991508995736543, 50.279899160245435], [-5.002889730909506, 50.2735000990892], [-5.009405417136885, 50.26484675715031], [-5.015390089760481, 50.25570841192223], [-5.011466148656876, 50.25140328661245], [-5.020996300079216, 50.24940335773449], [-5.026726678951577, 50.243176632814794], [-5.040335166006147, 50.25184104583976], [-5.047228787664302, 50.263322363500635], [-5.050112699560628, 50.264112921368884], [-5.039487922494323, 50.24913393272287], [-5.055444249877396, 50.24723817458642], [-5.035304439136073, 50.24602200768464], [-5.029852804180857, 50.2417079553704], [-5.031259559298551, 50.23819258432195], [-5.022549291065165, 50.2430209882036], [-5.015869344576471, 50.24044291848566], [-5.024164598897984, 50.23508161624055], [-5.019033621583666, 50.23092239461878], [-5.018216577972671, 50.22564877900549], [-5.029307436539228, 50.22346900407798], [-5.032776145825562, 50.227927545736726], [-5.038994865043695, 50.229552376473016], [-5.044284193335166, 50.227544483146396], [-5.039515267268948, 50.228385502699076], [-5.030888813773203, 50.22355363984955], [-5.041605406755849, 50.221018112030066], [-5.028161278236292, 50.22111500657915], [-5.029607831990602, 50.20903289589309], [-5.038860306030921, 50.212664600791506], [-5.035988636045936, 50.20965240881738], [-5.042888041817574, 50.204344168754936], [-5.048021195793286, 50.209033917670304], [-5.043825222592965, 50.203345352064865], [-5.050190696988272, 50.20232726309856], [-5.058978826845069, 50.193263895399745], [-5.057802539554941, 50.198317245136415], [-5.064889189312529, 50.202683988689735], [-5.066568936749992, 50.21047407332355], [-5.070087410562047, 50.20567176800727], [-5.097359814884062, 50.21128205069313], [-5.09551867428326, 50.20893557263924], [-5.098571250054084, 50.2124749702668], [-5.096059384973606, 50.20884289714221], [-5.087408869043721, 50.207427074698636], [-5.091956731468884, 50.20737347963929], [-5.097258442917742, 50.2081380078341], [-5.100621273029601, 50.21334768241612], [-5.097519863776391, 50.2081058374815], [-5.099741940642479, 50.20908373937274], [-5.101327831008755, 50.209241979853594], [-5.114656407415594, 50.206605524298666], [-5.115416674801478, 50.20532389034049], [-5.117388104549939, 50.20516211015322], [-5.118221627522089, 50.204252736027705], [-5.100830394834927, 50.20905106418637], [-5.093004801827724, 50.206500857650894], [-5.076263969494832, 50.205598172428495], [-5.073753412333131, 50.19986149284885], [-5.056431940018668, 50.19018068815661], [-5.054051931481251, 50.181784581755466], [-5.060756608720557, 50.1784738067377], [-5.077291576847839, 50.184257133238724], [-5.06501201478711, 50.17774528413692], [-5.044787544454595, 50.17509269927116], [-5.049850181759272, 50.16575844716828], [-5.056151626803389, 50.161311480803974], [-5.069261509269456, 50.16174540974484], [-5.074696376861002, 50.16748209566454], [-5.080718658832891, 50.1688534714153], [-5.084708621997384, 50.16695729643527], [-5.091436066624343, 50.17059161400748], [-5.09375145953704, 50.16755944889672], [-5.1021641044702, 50.16980154610381], [-5.097108247991055, 50.16718655786622], [-5.100866748092501, 50.16633591678354], [-5.0912864840538, 50.16610577061201], [-5.085698719870308, 50.16269751862981], [-5.080800232577698, 50.165071241478486], [-5.064477804766701, 50.15196201405395], [-5.059012213839483, 50.1515071257438], [-5.056535666538279, 50.15655517711307], [-5.053625494494819, 50.15366571894654], [-5.055309821357816, 50.14827064086492], [-5.076828160187056, 50.1400871505968], [-5.072886273115161, 50.134341579394764], [-5.093603935275222, 50.12607881024809], [-5.089229211180158, 50.12366032446289], [-5.091235713028619, 50.114392362376336], [-5.08191877054142, 50.10932366930512], [-5.099408043005794, 50.09968180935533], [-5.111259236219841, 50.10401540927111], [-5.125073532368135, 50.09911098612651], [-5.140332419953759, 50.100148104739176], [-5.139383882453652, 50.10595822620788], [-5.130154723662009, 50.110263934362706], [-5.13777922248208, 50.111727589172084], [-5.136154908756942, 50.10973572244529], [-5.141043328831223, 50.1061372780049], [-5.144928053392367, 50.107231184273914], [-5.140650866615772, 50.102471242197836], [-5.143557459285943, 50.09888763739784], [-5.163102001242738, 50.09676395346571], [-5.164438094457378, 50.100038067149576], [-5.159226930023459, 50.108109245156754], [-5.163602596980071, 50.11277857569482], [-5.165861248747926, 50.112344492807175], [-5.161491883762704, 50.109429315394735], [-5.162832654797859, 50.10400773851623], [-5.165800820917934, 50.10244150671435], [-5.17011348301653, 50.10579531688187], [-5.164957997306185, 50.10147495006414], [-5.169231332137535, 50.0997884481741], [-5.15909432114173, 50.093816332644465], [-5.186965881376113, 50.08949943851579], [-5.192063504444142, 50.09062678907385], [-5.197209824473766, 50.08998395722906], [-5.199006535936559, 50.09390617728369], [-5.203475454499785, 50.09153289343751], [-5.208274698249609, 50.09649292974972], [-5.206994583280733, 50.09470663544249], [-5.211041824209666, 50.09387314313134], [-5.202834700423217, 50.090773334447334], [-5.206933670717957, 50.090215652839746], [-5.208539354006169, 50.08856901649561], [-5.201541683377537, 50.091157168583955], [-5.198721495246311, 50.0892306616202], [-5.185933769851909, 50.088169365472176], [-5.194459392727558, 50.08275579016903], [-5.192074853145154, 50.08005154011675], [-5.192854579470294, 50.08320030339145], [-5.184758210606283, 50.08794258446518], [-5.178696153808761, 50.089684113476345], [-5.1788259413913, 50.08592198526207], [-5.177343279421669, 50.089356814709205], [-5.154661877851397, 50.093206500778926], [-5.147472356444731, 50.085351271469904], [-5.150885674821222, 50.094113403053576], [-5.139809990576363, 50.096524227237886], [-5.133750841915267, 50.09541697364867], [-5.135573695745391, 50.09330854624583], [-5.135555133273997, 50.091097788793434], [-5.120488627714871, 50.09630710933758], [-5.092477742850137, 50.0895169274854], [-5.101739564148199, 50.089167965882936], [-5.115734867102571, 50.0845601986001], [-5.117009122579682, 50.08211322939613], [-5.101022802594626, 50.087270987789154], [-5.080977642647442, 50.08307694226071], [-5.076000844919903, 50.08561274953015], [-5.079505470239441, 50.068774684004346], [-5.068992199763837, 50.067693824722774], [-5.062583938187862, 50.05057987766059], [-5.066189511466366, 50.048242524694636], [-5.065524775228613, 50.04379898342847], [-5.069526573736452, 50.03907441836461], [-5.166580743300102, 50.00374812861101], [-5.171766456042986, 49.99767246054929], [-5.170312678964739, 49.99100019199212], [-5.179809068204754, 49.98684468325253], [-5.18060992795581, 49.98145467638908], [-5.186105415752995, 49.97936591860544], [-5.188764960426251, 49.97366023849073], [-5.184782039420933, 49.9678989240858], [-5.190208745980284, 49.961710394671684], [-5.196910763223167, 49.963956460504434], [-5.198829969278742, 49.95932522424634], [-5.255719500502088, 50.001305763328034], [-5.2536451270366396, 50.02973386871623], [-5.289946662681988, 50.069095860792196], [-5.318381395543279, 50.081685054310995], [-5.315717000024539, 50.083006359175634], [-5.316232486113115, 50.085206486774815], [-5.321453045420632, 50.082211540348], [-5.32865919361934, 50.08913270725401], [-5.339103605461121, 50.09197395140907], [-5.357217876782609, 50.08988171178535], [-5.384115397738774, 50.10155656682893], [-5.395562618468015, 50.101729693090576], [-5.484115600421006, 50.127657675706864], [-5.529593160614991, 50.12414492744932], [-5.529567702797189, 50.11834468528736], [-5.533696409618666, 50.118225244021964], [-5.527904198468599, 50.11769987492788], [-5.53108514036377, 50.1141555095884], [-5.537345293285269, 50.1139359688065], [-5.549140535399728, 50.106406994870646], [-5.54349910998086, 50.103095984653926], [-5.548690089027021, 50.10595295563442], [-5.546521688598697, 50.103642361529985], [-5.549256559944291, 50.103192546324856], [-5.542568891069418, 50.103038933029474], [-5.542935073103764, 50.09941742916344], [-5.538706398463211, 50.09628286601147], [-5.541720856123548, 50.071999886341416], [-5.555592111538736, 50.060751504975414], [-5.563225758631253, 50.06250102389702], [-5.563671038364385, 50.058235483767135], [-5.577177809580558, 50.05172594372567], [-5.584370305669109, 50.05332830886413], [-5.589897827767461, 50.050256689829546], [-5.596119894090422, 50.052648594109975], [-5.607663602242705, 50.04826381621575], [-5.619109864075038, 50.051238515443245], [-5.629244442549921, 50.047484829590005], [-5.62792844005229, 50.04457954306201], [-5.634267547803991, 50.04405167549925], [-5.636326320960195, 50.04021277829884], [-5.642652007626267, 50.04461348967716], [-5.650310444719853, 50.042897044347264], [-5.653159406395971, 50.0378283791013], [-5.661839150544502, 50.037564350443894], [-5.695538911522329, 50.05053450698276], [-5.692562717718395, 50.05406261997618], [-5.705555262760724, 50.0550011333491], [-5.716372881939098, 50.066295138239724], [-5.716232829763005, 50.06922873519688], [-5.709421027836757, 50.07127810881486], [-5.708633374456934, 50.07776673930534], [-5.698546054246465, 50.07834455186462], [-5.688964795885939, 50.08851138168945], [-5.689251383753773, 50.092458233064605], [-5.697461196349851, 50.09892641880864], [-5.70042492576164, 50.11944836500742], [-5.710183328127282, 50.12732736881289], [-5.702218014064687, 50.130163170117086], [-5.704865287464896, 50.13507642614848], [-5.69350396167003, 50.13795078168764], [-5.693079339055817, 50.14894680027266], [-5.679325234199402, 50.15954592484443], [-5.663159810644062, 50.16533206968854], [-5.656832570717838, 50.16429412536608], [-5.651105671403878, 50.168261296971245], [-5.629069067963025, 50.16773377530465], [-5.619581085474753, 50.17401396445308], [-5.621258469278413, 50.17742714257343], [-5.61766660472153, 50.17696703199284], [-5.617861194651526, 50.17919590417258], [-5.495309635761387, 50.21670333107707], [-5.470309248396686, 50.20733336191794], [-5.467820912211054, 50.19921648667003], [-5.436707406745012, 50.193401167358154], [-5.430708463322604, 50.18676481496176], [-5.435649559439578, 50.18530872879896], [-5.441311327029063, 50.17624886655293], [-5.433958920695135, 50.17393693732959], [-5.433302964959929, 50.1718421938876], [-5.432217191503857, 50.16967198296534], [-5.43354794943568, 50.16621756376424], [-5.43298942197046, 50.16442491804714], [-5.433393619717891, 50.16615464167552], [-5.432050284736778, 50.169668823034655], [-5.432164813537521, 50.17040583945408], [-5.433802169191316, 50.17399734831776], [-5.437000191916543, 50.1762786056115], [-5.431041811721666, 50.17908552676294], [-5.433199522231532, 50.18346233350241], [-5.42887684562502, 50.18644830045854], [-5.433758567129269, 50.190624905033346], [-5.421626824859971, 50.18460216282047], [-5.424798497374852, 50.188763879355434], [-5.422823463803491, 50.188225699253614], [-5.419668664346352, 50.18849145227502], [-5.415235500895297, 50.19063452056597], [-5.409137620131366, 50.19150745324567], [-5.406957607895064, 50.19281116898545], [-5.413681689516505, 50.19317043440229], [-5.422464913141599, 50.18846299050677], [-5.43386666131303, 50.19168149094156], [-5.43191805472937, 50.195113207029195], [-5.4278924981343115, 50.19374216903276], [-5.345728311926251, 50.238362743330406], [-5.324749115711603, 50.244335651495064], [-5.300689043940663, 50.26282203753401], [-5.295092866103215, 50.26101800735293], [-5.292677849694831, 50.26370349030434], [-5.291413629118603, 50.26185646187437], [-5.289318188946455, 50.26114038499094], [-5.29200679622465, 50.26416784676813], [-5.28520803249092, 50.265015319612594], [-5.287916827553102, 50.26770583552525], [-5.278077836170791, 50.27395022966908], [-5.2634581498626, 50.274892846299146], [-5.259774874073474, 50.27733799582489], [-5.261743724374654, 50.279811479520724], [-5.250680491715043, 50.2818399575743], [-5.24258154600053, 50.28716985230575], [-5.243422701140924, 50.29020497393735], [-5.23782159995165, 50.296963207609146], [-5.154075200695113, 50.342443027986405], [-5.0763849559053975, 50.40502701965988], [-5.07007471690041, 50.39924772472855], [-5.076296914139181, 50.40509794240158], [-5.044133407026344, 50.43100751015733], [-5.0233896723718585, 50.4703695022333], [-5.038947473362722, 50.49989099629027], [-5.032234759800479, 50.50951980766673], [-5.021212672480795, 50.50924172826469], [-5.028085440610687, 50.511030280796234], [-5.026801264001099, 50.51404209086665], [-5.029714277309096, 50.51485408740589], [-5.01405499177734, 50.54471993171012], [-5.003542858276381, 50.54652267117479], [-5.004710432485582, 50.543150733592206], [-4.998247095120099, 50.5402681001792], [-4.992537452522552, 50.543410553007085], [-4.983761583569777, 50.54223088785293], [-4.977598580470013, 50.54536711711948], [-4.981507382018769, 50.54824896886526], [-4.974648413873584, 50.55306540234809], [-4.948667081847881, 50.55856769295768], [-4.949820153401622, 50.55620878224761], [-4.939799114284144, 50.55398602665328], [-4.933927107987608, 50.54687601082163], [-4.938061271672463, 50.54130260302992], [-4.933776243893382, 50.536696359745], [-4.934876261690317, 50.532613554120275], [-4.930800392849687, 50.52997367556846], [-4.938644140298126, 50.527365977108275], [-4.935674679711923, 50.52713240738496], [-4.942356773730853, 50.52081263288917], [-4.94018305368776, 50.520413330608186], [-4.940023663021941, 50.51678330956838], [-4.937367282092282, 50.5126307261377], [-4.936217551751402, 50.51158482452431], [-4.939036401739913, 50.518105351840134], [-4.937713172498537, 50.52467023018525], [-4.929004016993407, 50.52448685800434], [-4.926815388880651, 50.52936246439386], [-4.929453377001837, 50.52964327704644], [-4.924816748461554, 50.53113530759154], [-4.91031408392875, 50.5305752367694], [-4.908526599541164, 50.528612212803964], [-4.910801229413568, 50.527830298198026], [-4.899736619230198, 50.52626982095889], [-4.895520999586219, 50.520085396210426], [-4.899436619019787, 50.52620982756502], [-4.888481493868634, 50.52968463990257], [-4.855213872232342, 50.52886786339115], [-4.835096793225413, 50.51661832501811], [-4.840826440115779, 50.51296055442533], [-4.835780135494868, 50.51530998626372], [-4.83496333087517, 50.516438960928156], [-4.835061812044136, 50.516881846846026], [-4.830212241981807, 50.512935044882646], [-4.823774547756892, 50.512898997820415], [-4.821224589715413, 50.50950317777008], [-4.816868548650283, 50.507866401405664], [-4.816133196899784, 50.50586839830659], [-4.817009438826208, 50.50374232947124], [-4.816725583882715, 50.502006858267876], [-4.812019014637326, 50.49958232684649], [-4.805065759934816, 50.49750415789341], [-4.805154633454129, 50.49645769542145], [-4.802664755682359, 50.49537173787424], [-4.803139217463507, 50.49483499456708], [-4.802902312962339, 50.49259642795968], [-4.80247356033989, 50.49538084892941], [-4.804603386861759, 50.4972922369849], [-4.807548534189983, 50.498895164996895], [-4.811833115687366, 50.49972894604591], [-4.816348224521205, 50.50206457441555], [-4.815979303279936, 50.50641093728247], [-4.816484932565012, 50.5077965223817], [-4.818357197399762, 50.50903568804904], [-4.816093470334743, 50.509181342839504], [-4.81063914928643, 50.5077400404521], [-4.808249942068361, 50.5078625168715], [-4.808409821690184, 50.50863131676711], [-4.807014519691474, 50.508817012971015], [-4.80551600388671, 50.50997394188878], [-4.804847074944109, 50.51146708330836], [-4.810523617015965, 50.507836378325166], [-4.815895164368472, 50.50926262207159], [-4.820662752572975, 50.50942505258592], [-4.822766300753458, 50.51262214127923], [-4.825535815003111, 50.513903267447446], [-4.830142651491721, 50.513115743987534], [-4.831581153065705, 50.51570101801652], [-4.843020674095067, 50.523272894013154], [-4.841713537965618, 50.52497703766711], [-4.848163666313178, 50.526783807880655], [-4.848357141072993, 50.5322894732669], [-4.852717759808385, 50.531631241404504], [-4.860148554504431, 50.5371903622778], [-4.866529591484917, 50.5338157761535], [-4.866427895871881, 50.53570004271692], [-4.867557956484337, 50.53722746226877], [-4.867196950540985, 50.53406917632962], [-4.870130964297976, 50.53367210520916], [-4.890193281571927, 50.536215784420435], [-4.891921458426557, 50.53232831719166], [-4.901970361817117, 50.53150959524359], [-4.915422144542966, 50.53804646391366], [-4.914109247645764, 50.54294034984271], [-4.926078725536139, 50.544861759482565], [-4.929303251072342, 50.55324329661632], [-4.926483080271391, 50.56143600163924], [-4.9293628455389555, 50.56265591745913], [-4.781725163647111, 50.593922421805075], [-4.743349254536314, 50.66717946261313], [-4.71684352216231, 50.68366982085036], [-4.702458250335156, 50.687632401650035], [-4.705371635210582, 50.69062477636919], [-4.695457547579542, 50.69056228107564], [-4.701419592727581, 50.69180666303977], [-4.698447477662885, 50.69439854613232], [-4.680249851337988, 50.696024877801136], [-4.685373969811525, 50.69960187418544], [-4.681044177617988, 50.704437258533225], [-4.668125029228326, 50.70670368736874], [-4.665538048260326, 50.70894143786116], [-4.667425747519167, 50.710976879222926], [-4.655163698533055, 50.71538730815674], [-4.653982597470852, 50.72277831076715], [-4.553544082447778, 50.78526543884102], [-4.523465667198775, 51.01487705928416], [-4.374925726256095, 50.99010699503799], [-4.345245463901452, 50.988866844469634], [-4.318402576623837, 50.992714444125035], [-4.296862856540917, 51.00178586477861], [-4.256291288820714, 51.03892740160943], [-4.238140536631726, 51.04144229209161], [-4.227229705112615, 51.06055129455656], [-4.216904078130081, 51.065057862122956], [-4.208387301878762, 51.061668535478596], [-4.21445543396361, 51.05726732926482], [-4.210332918967333, 51.051940289135715], [-4.197606816544841, 51.05794343183011], [-4.190522657094787, 51.05482622948063], [-4.191016621340313, 51.045129141665356], [-4.203692733531801, 51.03202808512977], [-4.202100648895931, 51.02407811183713], [-4.206599950709044, 51.007809211622046], [-4.205285950024328, 51.00505138738184], [-4.193145712498736, 50.9995897861903], [-4.199215450559815, 50.994907780513216], [-4.199667806732227, 50.99223984217108], [-4.203542553322582, 50.99043460882613], [-4.202444970670387, 50.99045802519575], [-4.198790398657391, 50.99270064211325], [-4.197845136243772, 50.99567644458245], [-4.193903594017114, 50.99698449748079], [-4.192903559409381, 51.00031923737853], [-4.177838131346197, 50.99770165526381], [-4.182627028560812, 50.991814968762014], [-4.190252845063551, 50.99248966693532], [-4.193520552569204, 50.992006541020395], [-4.197746210470962, 50.98936121220931], [-4.192721710335006, 50.98536985371951], [-4.188079742476981, 50.9834351761035], [-4.19000358068705, 50.98214090844487], [-4.189361528514915, 50.97818585976101], [-4.185547797181315, 50.976063738304894], [-4.18330679488208, 50.975846689097565], [-4.189218713672713, 50.97857256363734], [-4.189592950233807, 50.982136002339836], [-4.187840837019461, 50.982444975615046], [-4.188073365447731, 50.98411881286254], [-4.197251659455077, 50.98948022318652], [-4.182282614594357, 50.99133846295534], [-4.176843197310397, 50.99739552900732], [-4.181616332153561, 51.00079955947757], [-4.193575660789841, 51.001543221430374], [-4.204268574716775, 51.00842702788134], [-4.197131768540734, 51.02325253963243], [-4.198278036110616, 51.03300970403358], [-4.187407445369053, 51.03886892363569], [-4.17967206282603, 51.04854036693559], [-4.182432566825342, 51.05114280779779], [-4.180874596372048, 51.06253252036839], [-4.1781787885034, 51.06384279976408], [-4.180872377262093, 51.066309821052656], [-4.169398052669881, 51.072992467356585], [-4.151590511275695, 51.073534006596674], [-4.155410305352977, 51.076321725348095], [-4.15292552946084, 51.08021133907057], [-4.123365071834908, 51.079269262469666], [-4.1231157348169, 51.077317729461264], [-4.118530524962071, 51.0743881506469], [-4.114413792703734, 51.07398879679147], [-4.114305327950184, 51.073113891745756], [-4.110928569891526, 51.072847578802325], [-4.121862588696183, 51.077571627479514], [-4.118056326713752, 51.081570797997664], [-4.11794064856754, 51.08981984955182], [-4.08383907637821, 51.078256833412404], [-4.064990495802799, 51.078953902165026], [-4.054850283063372, 51.07168978716309], [-4.057199584271817, 51.068593410046496], [-4.054213291828243, 51.06114281387698], [-4.057668995388314, 51.05787405025305], [-4.050894722141615, 51.05406126630361], [-4.052996137317876, 51.05214924264395], [-4.051481896049591, 51.050786386897954], [-4.052001258399309, 51.049623407089015], [-4.050549749960624, 51.04502721717697], [-4.04945506347663, 51.043401534042765], [-4.051105364598885, 51.05095038383571], [-4.052442641887832, 51.05250612764973], [-4.047285072607522, 51.05332868434793], [-4.055825875278821, 51.05737230983573], [-4.053686432746073, 51.06104055313842], [-4.053361824073341, 51.06476588713416], [-4.056462986171018, 51.0686558491775], [-4.05399729661122, 51.071832489225606], [-4.055219673246913, 51.07506389603873], [-4.066783288662396, 51.08115525609989], [-4.063364148217565, 51.08215729424716], [-4.061127182003345, 51.08348190500958], [-4.061075297347433, 51.08395227604518], [-4.063004677761798, 51.083929923957776], [-4.063193539633026, 51.085060643578096], [-4.062113185596401, 51.08491243872419], [-4.051085095020626, 51.08731978094835], [-4.048881347981026, 51.08714801278989], [-4.049224951136376, 51.08742708447323], [-4.051012531474996, 51.08742269602726], [-4.059098491847653, 51.08612484197349], [-4.061815100393965, 51.085080480062146], [-4.063206094737471, 51.08518273809584], [-4.063189449540427, 51.083878110866436], [-4.061249545481934, 51.08369827094511], [-4.063303973198065, 51.08237779304301], [-4.075776045779461, 51.07989505285217], [-4.108044662853811, 51.09372025686255], [-4.118666252109188, 51.09454081052712], [-4.128776832569999, 51.09333808813138], [-4.12927794271245, 51.08814338922894], [-4.133946263594174, 51.085790974245405], [-4.163734800503803, 51.08390852779873], [-4.168852182288947, 51.087507263425195], [-4.162700791009143, 51.10073372218283], [-4.170910083058957, 51.0882730844105], [-4.166926218985751, 51.080582062659694], [-4.185355985886794, 51.076192646347465], [-4.191967679604939, 51.06940460326717], [-4.188585119015785, 51.06741749117563], [-4.190522048560371, 51.06487920158414], [-4.209823782294897, 51.07345615318], [-4.220330777480314, 51.14640671276418], [-4.212215300727378, 51.16009898964697], [-4.209708860109004, 51.17253031104603], [-4.21452853459578, 51.17643937066602], [-4.211460919723308, 51.17817021319254], [-4.214266996448924, 51.18238537551571], [-4.225897223860866, 51.18594177813166], [-4.226830261639643, 51.18872585761968], [-4.051925856962737, 51.20896826548891], [-4.038650652504665, 51.20669572036953], [-4.041399137041014, 51.21002290708844], [-3.9010710482081934, 51.22642731446762], [-3.891960604798106, 51.22380998718075], [-3.8810588589541033, 51.22874340763855], [-3.872859754276321, 51.22708052737518], [-3.872512677246824, 51.22973249248271], [-3.8362552451262837, 51.23392871458833], [-3.830058149155341, 51.230387419047084], [-3.827560294744011, 51.23270436437667], [-3.813446659148003, 51.231135308555395], [-3.7922490206281863, 51.239021736383414], [-3.621699610380373, 51.21677607274441], [-3.5101342293271935, 51.223714295020535], [-3.4330460332030306, 51.19639231829576], [-3.411630550733484, 51.18386574751616], [-3.3898205683311815, 51.18107213693824], [-3.328845373514352, 51.184051439140816], [-3.33124683620678, 51.18292708234298], [-3.311685761310911, 51.179374852664274], [-3.293943618941963, 51.1826856720388], [-3.278060145268804, 51.17956727731724], [-3.256893411238882, 51.18772528150395], [-3.2276995854945594, 51.1923352709887], [-3.075386897229467, 51.20137948699415], [-3.0278423986104217, 51.20622007632011], [-3.025507628438688, 51.21238786277419], [-3.028170872024632, 51.2010270593428], [-3.031076666084485, 51.20058786650043], [-3.028898702989926, 51.19958373433656], [-3.032700853459861, 51.19443004299388], [-3.045181069435355, 51.1946564121024], [-3.053682187480339, 51.18914879461148], [-3.059803252497251, 51.17889625597151], [-3.058071734833219, 51.17537707076581], [-3.059779965247643, 51.17476181562244], [-3.059609127627391, 51.17373734069918], [-3.061373622177201, 51.17358107371649], [-3.059425238585485, 51.173640986271714], [-3.058213654915997, 51.175077232284], [-3.057438492801407, 51.17477220830742], [-3.043056626267908, 51.163765312122436], [-3.03685479805951, 51.16239787447886], [-3.029075401921757, 51.16608149025928], [-3.028639339519856, 51.17438070749362], [-3.02022583523869, 51.175966002890895], [-3.006663356476582, 51.17079968102322], [-3.004354561926643, 51.16190550387499], [-2.996042868574528, 51.16078148427708], [-2.990714635160027, 51.161857287445294], [-2.991913544193556, 51.15394741810085], [-2.997555699671615, 51.15315035180686], [-2.999481554229888, 51.15168612531367], [-2.997186768504017, 51.14870589984973], [-2.999188752936112, 51.14495072946781], [-2.993027261228269, 51.14448345836771], [-2.993439700749926, 51.14165457306124], [-2.997977874787026, 51.140178934500334], [-3.00271126555302, 51.13729957118585], [-3.003664661005042, 51.13354070577867], [-2.995560647846313, 51.11851277993506], [-2.992931455314284, 51.116635949485165], [-2.979507704361483, 51.114965126715255], [-2.965658680615208, 51.099698049689145], [-2.95856415703314, 51.09462361088788], [-2.953770555207958, 51.09206763170866], [-2.948998610675636, 51.09068567250222], [-2.945170478981162, 51.09117889672441], [-2.943070565012927, 51.087769784542296], [-2.939374867890934, 51.08450202612829], [-2.938265679647096, 51.083943546705534], [-2.934881628426236, 51.08335647097275], [-2.93361994134931, 51.079690495579605], [-2.926849438271117, 51.074352554893416], [-2.919866665644058, 51.07082875469618], [-2.917190725872185, 51.06788321364458], [-2.919180103135536, 51.06557183260967], [-2.920969536531089, 51.0649138877507], [-2.921446210242403, 51.064123280264376], [-2.925060336420412, 51.06265956267925], [-2.930185095081239, 51.05989507411381], [-2.931701031057314, 51.05871308423616], [-2.94726866626833, 51.04570719621507], [-2.949321238731252, 51.043673526359264], [-2.950724246686955, 51.04134567297082], [-2.95432018629043, 51.04106906842575], [-2.959060687097451, 51.04020205124189], [-2.965782033967464, 51.0389183200301], [-2.971134412416918, 51.03759521896004], [-2.976088304631046, 51.037343508225966], [-2.97137849053575, 51.03739895066853], [-2.951164573057024, 51.0410444415605], [-2.950003082788533, 51.04172202382291], [-2.947084065351476, 51.04567901457304], [-2.931338406836213, 51.05877534041562], [-2.921434445438936, 51.064033454979565], [-2.920817834166476, 51.06489259685454], [-2.919191593262173, 51.06542965978257], [-2.917116315841956, 51.06729660055762], [-2.905281855173629, 51.06106453995848], [-2.892775665085609, 51.061283054352806], [-2.893388347299064, 51.05886032874003], [-2.892943693610428, 51.054440368769704], [-2.887599058465126, 51.04952180371125], [-2.883913744384912, 51.048981439245914], [-2.884049859346703, 51.04728802458229], [-2.883497681506161, 51.04683538228203], [-2.879369036630091, 51.04659495160281], [-2.89283098798369, 51.05451317367769], [-2.892513573814388, 51.061231998943164], [-2.896691197532983, 51.06216039253345], [-2.905637637260571, 51.06130638952384], [-2.91679055691029, 51.06727487473557], [-2.91731595928268, 51.068585432451755], [-2.919656309418926, 51.0708753923289], [-2.933700526370536, 51.08000458739305], [-2.934579556513041, 51.08331484422993], [-2.935038670237386, 51.08370951762004], [-2.939236017228236, 51.08462365868733], [-2.945070524393601, 51.091388334483085], [-2.954501035455201, 51.09259309975067], [-2.965577032897411, 51.099961304302084], [-2.973947093753765, 51.11175814452832], [-2.979506432884353, 51.11524117935023], [-2.984264516814114, 51.11675060602692], [-2.994941193956241, 51.1184101340478], [-3.003055122123234, 51.13351267694746], [-3.002030250320082, 51.137269451863176], [-2.992668934688223, 51.14157568637614], [-2.992396948171769, 51.144755881900856], [-2.998559617576992, 51.145210551893165], [-2.996413143411025, 51.14876375634606], [-2.998655198905646, 51.151623065904126], [-2.989910127170085, 51.15393920177253], [-2.987700628619202, 51.15967876279533], [-2.989885449835838, 51.16267270546943], [-3.001543730012838, 51.16187473978486], [-3.006476815242252, 51.172808362703066], [-3.018031576921518, 51.17714335249647], [-3.02999546903612, 51.17572841107219], [-3.032019108292326, 51.165774104155076], [-3.03895616000178, 51.16413903288051], [-3.055943998990842, 51.17817042607614], [-3.051031672374292, 51.187119726840066], [-3.027075277384589, 51.19269820091264], [-3.021228130422606, 51.20073002384844], [-3.020245690879423, 51.19895541236764], [-3.017670591264573, 51.207387389428284], [-3.016201077169865, 51.202928355122616], [-3.013757001690948, 51.20648078727799], [-3.015685023516386, 51.2100501492728], [-3.00205238518764, 51.222796370886584], [-3.002322767055473, 51.22601503076109], [-2.998249987042303, 51.2221148873976], [-2.984300929629945, 51.2204265570674], [-2.998062482318028, 51.222648819868205], [-2.999995047553019, 51.22678131182148], [-3.004183989852702, 51.22553147994038], [-3.000218310353769, 51.23291745731305], [-3.000197565489108, 51.242064469774455], [-3.016970792431002, 51.258939318585284], [-3.0070986639559374, 51.306811833847576], [-2.997233085444666, 51.32114094820875], [-2.995528058411959, 51.321532370385], [-2.993205094408121, 51.31942458868447], [-2.995665525225694, 51.31992881540435], [-2.997552703578919, 51.31914123592839], [-2.993058902952599, 51.3189015799509], [-2.986306264857651, 51.31256622882797], [-2.995208806282906, 51.30757942030616], [-2.994947754344784, 51.30273851178805], [-2.992774979570548, 51.30116626966017], [-2.992570533281759, 51.3075793409614], [-2.985929011319609, 51.307684021781064], [-2.989100800493772, 51.30834155967389], [-2.984357373107483, 51.31187495177533], [-2.986957591721811, 51.31690658724613], [-2.985159133816125, 51.31929472355625], [-2.985172989072405, 51.32141493306941], [-2.987412940290778, 51.31706370117311], [-2.986510858269698, 51.31514701254268], [-2.992430512403921, 51.32050300499813], [-2.984729747579451, 51.33930123733547], [-2.960425260983347, 51.37460193131174], [-2.9328903015843895, 51.391567032272334], [-2.930705507945589, 51.38971916786982], [-2.9324955193560385, 51.39181026925207], [-2.9276797800163386, 51.39477738835743], [-2.914278469923322, 51.39556198166286], [-2.895352728067584, 51.38784024159646], [-2.89057624287849, 51.38757182053877], [-2.899319638242569, 51.39226083148221], [-2.895820244887326, 51.392717456341614], [-2.913017744977878, 51.395987245585324], [-2.888280678856383, 51.41484714351866], [-2.88701370467415, 51.41409784782143], [-2.888895920686023, 51.41342897625876], [-2.888924342997406, 51.41281822035668], [-2.887570383599241, 51.412179262651996], [-2.886594149622775, 51.412553531938784], [-2.888874140619127, 51.41319354557243], [-2.887004527186795, 51.413400162386765], [-2.8848322435343468, 51.42117701988757], [-2.7652390978394106, 51.49486188578887], [-2.753024024535055, 51.49198480167367], [-2.732587186577027, 51.492488332288815], [-2.735447032319363, 51.49431370209194], [-2.72732166574799, 51.498406155885306], [-2.730606806935512, 51.501594832805495], [-2.730521017275452, 51.50226704888907], [-2.728762672941812, 51.50267632215357], [-2.727429563513941, 51.499662484427105], [-2.719367320867686, 51.50118688631375], [-2.701773926949313, 51.4936973680915], [-2.684750978469957, 51.480734086622135], [-2.676005053697777, 51.47972293410757], [-2.667730544313117, 51.48236176957505], [-2.668670608866269, 51.481323209061244], [-2.665889046925821, 51.48386933437864], [-2.664907081070147, 51.48625948265263], [-2.66052909117299, 51.48617541773832], [-2.652270222172951, 51.47936196609179], [-2.651157287927358, 51.47391383831153], [-2.64559144683353, 51.47038123658202], [-2.633906389821516, 51.46661007738399], [-2.631156383909974, 51.457611659074146], [-2.624582937214008, 51.44695041473424], [-2.621584572935382, 51.445608614043095], [-2.587521909910003, 51.44500475389855], [-2.580102037896204, 51.447998174146214], [-2.577168130274, 51.4440257799026], [-2.570844004000723, 51.44284198059289], [-2.560636278168032, 51.44502407276771], [-2.557842602832579, 51.44637896565363], [-2.558590860337437, 51.44873480771408], [-2.553946560534945, 51.451063204269346], [-2.558920929498248, 51.44924934766244], [-2.560593913854917, 51.445442385440984], [-2.570897736637764, 51.44323285133695], [-2.576693637444333, 51.44416388893927], [-2.578356011770117, 51.44829814589804], [-2.581317444159457, 51.44807308507894], [-2.588450496312686, 51.44538046397851], [-2.621643591533884, 51.44635103035467], [-2.632908052266867, 51.46739323358555], [-2.649305419475274, 51.47419924707521], [-2.650775993599657, 51.47979917086502], [-2.648341827491389, 51.480874568900774], [-2.662876031455823, 51.487921855784975], [-2.675185334992376, 51.48076529903038], [-2.680927999380935, 51.481721164668286], [-2.697459966357313, 51.49418079279561], [-2.708721863804568, 51.497733284909934], [-2.718213289685854, 51.50824157314915], [-2.714138271828885, 51.50758579519211], [-2.700288401203749, 51.51734607725959], [-2.671207714337071, 51.54494936637376], [-2.6679033138810255, 51.554833334375616], [-2.6534179880969715, 51.56375817101013], [-2.57712367335783, 51.63131808355101], [-2.566705479358204, 51.62906088987014], [-2.5765572633886085, 51.631819649206506], [-2.51958305847019, 51.6822712761008], [-2.508648513400467, 51.686261594316704], [-2.490047127047217, 51.700146756454245], [-2.489387940182754, 51.698063544135366], [-2.483347636230987, 51.69702848424438], [-2.484726710846627, 51.69975074805748], [-2.489070833656352, 51.69844338442431], [-2.48899049999487, 51.701592455562704], [-2.483861935057145, 51.713902938065374], [-2.47191030987023, 51.724486305320326], [-2.392046931450463, 51.74416730135831], [-2.3860389755868976, 51.75746766895712], [-2.379739849432602, 51.76262120877563], [-2.383735998503636, 51.77576041087667], [-2.413039513083825, 51.78605292715835], [-2.435185463144402, 51.78696023910308], [-2.445521098572863, 51.79053411672489], [-2.446964571132312, 51.79560140450686], [-2.434272662411995, 51.81040061821031], [-2.424339373017631, 51.81500165453271], [-2.412609359365816, 51.80531150969256], [-2.374883811417358, 51.79279560076072], [-2.354113179011471, 51.794038766106496], [-2.347147947788663, 51.7976838388452], [-2.345806442101044, 51.803910484008505], [-2.359348962998045, 51.81117057962467], [-2.361677019961291, 51.82220887530157], [-2.359764940256368, 51.82659967997828], [-2.348580131212237, 51.82936485220898], [-2.355836557758344, 51.8351845400193], [-2.351453794717873, 51.84601028616923], [-2.332782410641485, 51.85009166791194], [-2.322753105820736, 51.847389990214], [-2.307974800018472, 51.84651796981894], [-2.301032489850536, 51.833611414938574], [-2.295085871556835, 51.83192272069842], [-2.290012519189956, 51.834856517136615], [-2.289579149220829, 51.83878843750279], [-2.278589249850473, 51.84491806212998], [-2.287485449568087, 51.85960763079666], [-2.275018837122652, 51.86214324252584], [-2.268018134846228, 51.86826063385637], [-2.259803630246648, 51.86247633945761], [-2.264752120083401, 51.86807657277925], [-2.267430624444464, 51.86862342706167], [-2.269386245694883, 51.868267422102896], [-2.266701695905232, 51.87773197639163], [-2.267541291465411, 51.88945510389208], [-2.270546851407121, 51.8682899001006], [-2.275453616331348, 51.86294960707752], [-2.288811114345616, 51.859595395356884], [-2.279920465214428, 51.84493287983261], [-2.290762828025907, 51.839130768205024], [-2.29383252347491, 51.832887894153465], [-2.300671909539477, 51.834592351727956], [-2.30361924733355, 51.844491038801195], [-2.307551731113611, 51.84726800927674], [-2.332968882518474, 51.85076278095467], [-2.352173246335105, 51.846681570150594], [-2.357155768962482, 51.83591961252726], [-2.350388264610263, 51.82975417041128], [-2.360802908069256, 51.82720967938661], [-2.363231564613635, 51.8215720255469], [-2.360380700536269, 51.806859809757604], [-2.348011202116255, 51.80282775305909], [-2.354491268626506, 51.79622153319136], [-2.369255562807717, 51.79443721452263], [-2.401754536121756, 51.8042746999695], [-2.414553794471341, 51.817109012656715], [-2.420817941088171, 51.81912681633087], [-2.440556375217959, 51.81264747120876], [-2.451793923899105, 51.7988682571708], [-2.451090182030513, 51.78691283761163], [-2.441397456166597, 51.78144979975533], [-2.406887272818139, 51.77852371102411], [-2.404270409138906, 51.77489493262635], [-2.4057684405185427, 51.771480895777046], [-2.436769819427776, 51.759331885541876], [-2.440399186750781, 51.75947298476297], [-2.43930850486515, 51.76025390149358], [-2.439741198229369, 51.76198755505007], [-2.440685947284632, 51.75931635864819], [-2.437611643506012, 51.75903833915651], [-2.471326755718704, 51.744178616511675], [-2.477613705650376, 51.740013685930435], [-2.47883495335678, 51.734984458304574], [-2.493890221533982, 51.72869481964337], [-2.4987716206110346, 51.72177898185393], [-2.529266314010818, 51.702196988126765], [-2.571428519809959, 51.688478735872984], [-2.566630158748647, 51.693228700158315], [-2.568324399904089, 51.69277632743132], [-2.574814112662849, 51.68543753254944], [-2.60996177854694, 51.67265890638763], [-2.625945794424269, 51.6606127226313], [-2.623629704065213, 51.653980433482864], [-2.640661872013054, 51.63581606419969], [-2.648752394478146, 51.63138201936401], [-2.6508000656820885, 51.62415478151511], [-2.6550528263824003, 51.621423895447], [-2.667359851123292, 51.63364426858176], [-2.665786787261983, 51.64323800772762], [-2.6714580834462978, 51.64677048144955], [-2.672876970743476, 51.65353707089797], [-2.665197250021453, 51.664664169587645], [-2.669043802918789, 51.6655864044422], [-2.6745466273743803, 51.66149956444036], [-2.676171854192498, 51.66925017483813], [-2.659690724949121, 51.67078596980587], [-2.656598434820729, 51.67523784113375], [-2.670648308252023, 51.680338343618146], [-2.66840230580654, 51.69340924159733], [-2.682658712020239, 51.70018561545973], [-2.681525236075566, 51.70308398594599], [-2.670437848920422, 51.70064551760994], [-2.668059260229468, 51.705769720918084], [-2.678974778776799, 51.713956620577335], [-2.68022919250596, 51.72481712182188], [-2.6843546182610143, 51.727333426769114], [-2.6829503882947603, 51.732514549702486], [-2.670995805108579, 51.73697515646445], [-2.662692543517688, 51.75402559961903], [-2.6750096142184963, 51.76181325978842], [-2.6619145760619274, 51.81012942176819], [-2.658859631877657, 51.81144765795441], [-2.660868594647815, 51.82274811947778], [-2.65009506754206, 51.82411906362276], [-2.643412446974998, 51.83463856293845], [-2.635967574010678, 51.83990554455823]], [[-2.635967574010678, 51.83990554455823], [-2.636707712403959, 51.84308889665835], [-2.625464766649328, 51.83895758987576], [-2.621591419637291, 51.843318118937674], [-2.609432117893187, 51.846790287333825], [-2.601214838021314, 51.85620935256526], [-2.583035801113992, 51.84956478780652], [-2.578804164796253, 51.8532027842188], [-2.585217234718483, 51.8599232898136], [-2.580639389489832, 51.86166421049176], [-2.561812817075924, 51.864277610556464], [-2.531622903273718, 51.86076401257058], [-2.522232486760971, 51.86468840385586], [-2.508623603787476, 51.88516117302007], [-2.501946501763752, 51.88624537332928], [-2.501178359007879, 51.88197884078971], [-2.49465531582253, 51.884231751997405], [-2.493860615065585, 51.87999494721978], [-2.487794032160182, 51.88040957215734], [-2.486727752423782, 51.884708047426905], [-2.473407740689714, 51.88554554047159], [-2.465213013753814, 51.892983165433336], [-2.44600935213339, 51.893986325757616], [-2.439357865309023, 51.897387429205814], [-2.445388321915326, 51.90054753095507], [-2.440154138822071, 51.90243376143022], [-2.448258033463495, 51.91871264120554], [-2.455022567974669, 51.91933940620571], [-2.466043181018434, 51.927966189411855], [-2.467878899584391, 51.937371432571574], [-2.463384769201308, 51.9392611385718], [-2.465487453199727, 51.951688058090966], [-2.473728998889356, 51.95653000977219], [-2.486107864586851, 51.957411874605484], [-2.490187939517466, 51.954971023148936], [-2.500906861077148, 51.96060086854475], [-2.499030498067731, 51.96370984793416], [-2.492245363046603, 51.96412051393925], [-2.496501195503729, 51.97610537488364], [-2.494913702318457, 51.98106688877082], [-2.488638743362968, 51.98739921244575], [-2.470980944477094, 51.99476902092805], [-2.477647517649381, 52.00014204334847], [-2.485497808202698, 52.00032389266646], [-2.492112369185469, 52.00828655193443], [-2.480367016939039, 52.016051804373205], [-2.477417445114537, 52.01985789927149], [-2.478933846679142, 52.02252107831771], [-2.464080898853458, 52.023264742796044], [-2.463543287342096, 52.014402018784324], [-2.436116648537503, 52.01456522526629], [-2.433635902813563, 52.00786187068975], [-2.437294644306281, 51.99715833997977], [-2.413197181477992, 51.99408157105626], [-2.399019714083159, 51.99613723021548], [-2.392893800812347, 52.01294981136804], [-2.351381696434871, 52.021349808472685], [-2.349379668752052, 52.017838568730156], [-2.35254571640532, 52.01352619276855], [-2.340880928332015, 52.006878658631294], [-2.329426861227202, 52.006819574261264], [-2.324713718574319, 52.00355825954828], [-2.325660821196668, 51.99958173843914], [-2.320660838113923, 51.99211964994879], [-2.326568475061888, 51.975802265821166], [-2.312623546169871, 51.97649646399781], [-2.308780418062131, 51.97442972604935], [-2.309469123418493, 51.97063834597221], [-2.30043700084769, 51.966766960210734], [-2.288295162586542, 51.97065973288024], [-2.251365299445164, 51.96655651200301], [-2.23404968727796, 51.985963726492116], [-2.227811873103321, 51.98861744655056], [-2.228988209393638, 51.990838579715074], [-2.220619769966875, 51.99548750047319], [-2.202892723791281, 51.99635373684668], [-2.185090778101441, 51.99055171103291], [-2.179432736620189, 51.99483825722196], [-2.181113304762072, 51.99947398280095], [-2.171744109034665, 51.99482906692464], [-2.16430471204758, 51.996442728825826], [-2.164730783189813, 52.004185822100176], [-2.184072569017416, 52.01389135427688], [-2.187690292970045, 52.01907057644831], [-2.176913265608971, 52.02254960025855], [-2.180416083756177, 52.04229135614161], [-2.162400401988051, 52.05049638856087], [-2.133724520701541, 52.04632484170997], [-2.118391426251184, 52.04209861590379], [-2.116097265674698, 52.03786001583342], [-2.117930211039855, 52.03306168392313], [-2.139577742051046, 52.027752377217375], [-2.149514683367772, 52.01147963640666], [-2.150789166890607, 52.00661855213522], [-2.139070897955366, 52.00394024997385], [-2.141864959010083, 51.999805663232664], [-2.139327730344416, 51.99940594140548], [-2.13520934486496, 51.99969488003775], [-2.131530759987263, 52.00589724590555], [-2.118061623275275, 52.01437536476518], [-2.111661635158157, 52.01534361003462], [-2.084880915441631, 52.010468783181075], [-2.060791626254222, 52.01467070514727], [-2.059301414183462, 52.00946404060784], [-2.048691013426792, 52.00710527989874], [-2.049522129876197, 52.00378648051891], [-2.038364202256593, 52.00459085678231], [-2.038260670817026, 52.0095528226795], [-2.027005103071866, 52.01057821364407], [-2.029279481541617, 52.0128298396679], [-2.021667893411807, 52.0156446801048], [-2.0236677315536, 52.0169434399158], [-1.998573683596557, 52.029657740391734], [-1.995198271248468, 52.02655318739846], [-1.984144471838685, 52.03586928902839], [-1.951396450253626, 52.037715166512896], [-1.947529797421386, 52.0318848609181], [-1.931739147802227, 52.029949221159896], [-1.927053792846749, 52.036650750910695], [-1.922166139776787, 52.035604722897425], [-1.913455015834166, 52.044450850720594], [-1.862278357539017, 52.017475244120455], [-1.861553022350047, 52.01261765093363], [-1.839060092857652, 52.006773030212116], [-1.835318977804138, 52.009152186775545], [-1.835669355431031, 52.02249216515726], [-1.825032917651631, 52.03092268598078], [-1.83057023786354, 52.03212831984218], [-1.829761165674059, 52.03906075298381], [-1.834598711622857, 52.04372209084072], [-1.863458745005132, 52.053406855118794], [-1.862887094010031, 52.06342080617162], [-1.864997973339783, 52.06626697675763], [-1.871691794908781, 52.06541494998883], [-1.874415578253461, 52.06997970709107], [-1.869054533480387, 52.073845234756455], [-1.853398377079365, 52.07235597445645], [-1.846629469942444, 52.07940945512583], [-1.831763341496234, 52.07275774845789], [-1.818953545682807, 52.08539214470242], [-1.812746857235766, 52.078732134364195], [-1.813131418524064, 52.08274163275733], [-1.802299150174443, 52.09692913546548], [-1.790145528411393, 52.1005789597571], [-1.789427822595507, 52.106362198526234], [-1.767659382991191, 52.1125796968126]], [[-1.767659382991191, 52.1125796968126], [-1.751328564634753, 52.09585997417759], [-1.738552809401173, 52.09139548511476]], [[-1.776252728442304, 50.729918207352995], [-1.7754782907149584, 50.72981158080386], [-1.777091314942876, 50.729642243474665], [-1.776252728442304, 50.729918207352995]], [[-2.009264759243344, 50.72767785420117], [-2.008967980934179, 50.7275542549051], [-2.0093026943243104, 50.727619343827094], [-2.009264759243344, 50.72767785420117]], [[-2.522251929463075, 50.60894071022005], [-2.522020414245871, 50.60879697190121], [-2.5231307156033647, 50.60931313976175], [-2.522251929463075, 50.60894071022005]], [[-2.4855368909411286, 50.58775610653372], [-2.469471070460387, 50.577937530119954], [-2.469529952338859, 50.58243916003151], [-2.460439496709512, 50.57100678855256], [-2.4436581133066455, 50.5687297659406], [-2.424199720164915, 50.560027373073], [-2.434571587492157, 50.54143976570379], [-2.4498319790925684, 50.55530813203797], [-2.449189839049229, 50.56023129172423], [-2.4855368909411286, 50.58775610653372]], [[-3.424528856350256, 50.61103572679848], [-3.430870055045895, 50.61059647458631], [-3.425783731316075, 50.61327323164124], [-3.424528856350256, 50.61103572679848]], [[-4.277962416575518, 50.371315694870404], [-4.270157906779615, 50.37289402324178], [-4.272290915401535, 50.372029343769846], [-4.266832282796694, 50.371562432647615], [-4.277962416575518, 50.371315694870404]], [[-4.26560455191358, 50.37196197802896], [-4.266188321105349, 50.37473800232658], [-4.26051245479158, 50.37664470225968], [-4.249170594973647, 50.37448027326196], [-4.249294293189731, 50.37730482555714], [-4.233384749192911, 50.38412447419739], [-4.235405760279061, 50.38743425905747], [-4.230752468511493, 50.39044237249214], [-4.211733808036487, 50.39265138910543], [-4.201567358648005, 50.38765005763215], [-4.209505466424278, 50.38591103766554], [-4.198749440339458, 50.38314952316748], [-4.202530814220319, 50.3791158940003], [-4.194141934563328, 50.376206627376355], [-4.26560455191358, 50.37196197802896]], [[-3.0252298154763264, 51.21888917055616], [-3.019143305239227, 51.218262340564635], [-3.020264579023852, 51.21580938538142], [-3.025811658453846, 51.213054225100436], [-3.0252298154763264, 51.21888917055616]], [[-3.025940567169831, 51.21376706683373], [-3.026304891055272, 51.21367584982282], [-3.0261595019508323, 51.21438087935509], [-3.025940567169831, 51.21376706683373]], [[-3.025875248229536, 51.21334143682312], [-3.026419446334235, 51.213120341519385], [-3.0263335787788366, 51.21353673559962], [-3.025875248229536, 51.21334143682312]], [[-3.0264555706648473, 51.21294516525695], [-3.025749844793026, 51.212529614750615], [-3.026734462535006, 51.21159274613634], [-3.0264555706648473, 51.21294516525695]], [[-2.996408241331486, 51.3217523724729], [-2.9970040450869413, 51.321473614506566], [-2.996784524668228, 51.32179245370903], [-2.996408241331486, 51.3217523724729]], [[-4.661941330437257, 51.16819836884426], [-4.65736537978802, 51.16303288292413], [-4.653182542674432, 51.162184089580315], [-4.66241144749204, 51.161138131553514], [-4.661941330437257, 51.16819836884426]], [[-3.018134972059349, 51.22785230204548], [-3.015815229337658, 51.228519004755874], [-3.013324685139571, 51.22675925835437], [-3.0148122790074, 51.22309642276602], [-3.018134972059349, 51.22785230204548]], [[-3.01880430177321, 51.23273733175175], [-3.016022229031173, 51.23336490411058], [-3.01552501041786, 51.23166340305586], [-3.01880430177321, 51.23273733175175]], [[-3.264495712879751, 54.14703177257847], [-3.264766815097948, 54.138548656506124], [-3.262999839945036, 54.13953610916614], [-3.260683329276989, 54.138512400558945], [-3.260962347307102, 54.138023220430235], [-3.261318190927933, 54.13850035555814], [-3.261847150940679, 54.1379752818387], [-3.261980456013011, 54.13843228142227], [-3.262434932672355, 54.138579415412664], [-3.263664116140939, 54.13812788864345], [-3.261765226853408, 54.137847627500754], [-3.261334513222709, 54.138382430584194], [-3.261972580038457, 54.13706615506561], [-3.262529848698578, 54.137320991006696], [-3.2632832515134, 54.13741658265283], [-3.263603661983888, 54.137297131037315], [-3.262187368249448, 54.134514870521556], [-3.261186425445274, 54.13794266755013], [-3.256134876336052, 54.13520376959172], [-3.259531127701481, 54.13514851387845], [-3.255058774976345, 54.13201252950737], [-3.257505779681714, 54.13240854030805], [-3.258764908131061, 54.13183812121927], [-3.254626114529719, 54.131773488713115], [-3.250158122628702, 54.12173926034465], [-3.274359393370613, 54.145233972260726], [-3.257234607068131, 54.15265888528261], [-3.252104289010221, 54.15147020247505], [-3.264495712879751, 54.14703177257847]], [[-3.253271803228198, 54.21871115596447], [-3.251994973207491, 54.21893834494267], [-3.254176389873105, 54.21733555178565], [-3.253271803228198, 54.21871115596447]], [[-3.23229258214287, 54.26185130406417], [-3.233078252738147, 54.25983358300015], [-3.232769296783803, 54.262237390127524], [-3.23229258214287, 54.26185130406417]], [[-3.291637666512497, 54.86014545598411], [-3.290541292140371, 54.86015799797973], [-3.290360069524742, 54.85931153433255], [-3.291637666512497, 54.86014545598411]], [[-3.287719050463247, 54.87929188084602], [-3.288641558632017, 54.88118914385402], [-3.285348936612165, 54.878282558706076], [-3.287719050463247, 54.87929188084602]], [[-2.937739303420974, 53.85445705150664], [-2.939494748482232, 53.85212792366967], [-2.944035623584037, 53.85145501184236], [-2.940148890431918, 53.85391144996091], [-2.937739303420974, 53.85445705150664]], [[-2.900204288692989, 53.98779463104816], [-2.897203765449918, 53.990532346834556], [-2.893333355424621, 53.989565307285154], [-2.900204288692989, 53.98779463104816]], [[-2.841246708372726, 54.02232127183147], [-2.834029927581379, 54.02239493405565], [-2.83456181105681, 54.01762761138719], [-2.841246708372726, 54.02232127183147]], [[-2.794561916844113, 54.061197738854034], [-2.793575746770646, 54.06219919917307], [-2.793239785138734, 54.060125245909475], [-2.794561916844113, 54.061197738854034]], [[-2.656933766165026, 55.13612851351341], [-2.647118703309375, 55.13105895678143], [-2.598896137011418, 55.124572245037776]], [[-2.598896137011418, 55.124572245037776], [-2.601587242805012, 55.12260539446451], [-2.60046428883187, 55.117158160949366], [-2.593429538663289, 55.11282895198273], [-2.593551887443363, 55.10511644293737], [-2.58332969227383, 55.10168008133082], [-2.583491777371625, 55.096992129111484], [-2.568419003269938, 55.096257341443255], [-2.566698776341831, 55.09196188257401], [-2.558287917019943, 55.08880615551947]], [[-2.558287917019943, 55.08880615551947], [-2.562786281798175, 55.08437145052364], [-2.556940552008112, 55.08103480013202], [-2.51808803822061, 55.084952682556086], [-2.516460756774469, 55.08911119020535], [-2.503700014852456, 55.0907462219924]], [[-2.503700014852456, 55.0907462219924], [-2.486334306992168, 55.08304111010964], [-2.494726471311355, 55.081817537068844], [-2.501227614088933, 55.075220270961914], [-2.492193218819529, 55.068149090744896], [-2.503978246024436, 55.06242518445958], [-2.499952711173453, 55.06203202894575], [-2.502719413204682, 55.0607993811467], [-2.500670415303347, 55.056569049040576], [-2.494699599064759, 55.053125728850446], [-2.49074547763498, 55.0545210786525], [-2.494334853320041, 55.05070990069749], [-2.482949512573236, 55.04369607917291], [-2.483042900800472, 55.040014040098804], [-2.505250041922231, 55.03686495870017], [-2.50447154042064, 55.033185647558554], [-2.51016118532465, 55.0363421154453], [-2.512291465136975, 55.03383411381969], [-2.526905249618122, 55.032935083263816], [-2.527615115278915, 55.029094847868464], [-2.539565535451855, 55.02887173812691], [-2.552612480608576, 55.02103645746341], [-2.573179992505716, 55.01610934213602], [-2.573646471118546, 55.00672099436954], [-2.570234886526578, 55.00650071211446], [-2.574173879636532, 55.0036946089197], [-2.567706703173703, 55.00274184803431], [-2.574427143402448, 54.99166161718191], [-2.573303661829037, 54.98763208351568], [-2.579230159886166, 54.98288704938684], [-2.586622725396229, 54.98202846971521], [-2.591585059398769, 54.97414496129375], [-2.601422685303378, 54.97133429850669], [-2.59556235001765, 54.96347489182327], [-2.568419388680965, 54.95828489778624], [-2.571278484894649, 54.94836403469595], [-2.567642562840234, 54.940849608244264], [-2.551200790194755, 54.92930947388487], [-2.545265870356829, 54.92916551719153], [-2.566214814061171, 54.919231378507526], [-2.567559039040249, 54.90899585219455], [-2.576408027920565, 54.89671013821058], [-2.605424501579266, 54.884375200389044], [-2.590241419621427, 54.87377667793478], [-2.573346630284743, 54.853539149490445], [-2.582665480885763, 54.845859794798166], [-2.567843135800463, 54.82356793468113], [-2.533748129199171, 54.80670126351841], [-2.496485653876804, 54.80998500497279], [-2.481985986870155, 54.81688492097146], [-2.460589408328573, 54.834163705090994], [-2.452228577551624, 54.83201863516285], [-2.422684119331659, 54.84282625852826], [-2.411617297701111, 54.856423953068976], [-2.401616141500829, 54.851477187478835], [-2.389597167289252, 54.83194205333505], [-2.372662898891129, 54.82737258586988], [-2.369824224309281, 54.820959548668], [-2.348422048340335, 54.80707228137238], [-2.327378526920022, 54.80532555444431], [-2.323277606700919, 54.79500205173833], [-2.312082853966678, 54.791008130444496], [-2.313917383055955, 54.78110650829094], [-2.308480221360734, 54.773535840890936], [-2.322472113766264, 54.76396380879394], [-2.320815941776834, 54.75499693350868], [-2.326920698278236, 54.747289903304534], [-2.326885446413741, 54.737899032270356], [-2.332299326012647, 54.73198907001907], [-2.325740329863305, 54.72662210851522], [-2.342088728702223, 54.71614090671288], [-2.341143589700524, 54.71061139869921], [-2.345027006109941, 54.70916881371607], [-2.341453930772793, 54.70599048054711], [-2.344376005806104, 54.701764762633815], [-2.355476080235237, 54.69791607156046], [-2.352251558021806, 54.69448001520205], [-2.354196392959667, 54.69172711100721], [-2.350477044968818, 54.69002239215446], [-2.35158780594497, 54.68572890563457], [-2.33561053587475, 54.675320060209444], [-2.327100746329955, 54.67365924110777], [-2.327563598998418, 54.670865806142416], [-2.303311257946106, 54.66962234853769], [-2.303391131535434, 54.66681647433626], [-2.292869051602518, 54.66387767683602], [-2.292090572761894, 54.655858946898306], [-2.287972910047881, 54.650472311306], [-2.324932223323574, 54.63164226097972], [-2.308752614815283, 54.61187511244134], [-2.30450914408522, 54.596189547361746], [-2.270931117841055, 54.58219069214914], [-2.245956731112922, 54.56505409433687], [-2.209482589208124, 54.55170458235997], [-2.210136879592499, 54.543649407954064], [-2.197524771961695, 54.532695047602516], [-2.18228041564744, 54.535846424645015], [-2.172392224935107, 54.532435164442724], [-2.174486687740213, 54.52171802333841], [-2.168698659242619, 54.51964307139215], [-2.162387437765781, 54.50393365270463], [-2.166464186067285, 54.48989862172597], [-2.15899118478533, 54.47202017057885], [-2.161690387465126, 54.464722769495516], [-2.170207018589939, 54.45818922621812], [-2.170572518706753, 54.4611319603219], [-2.177502502738182, 54.46161622281644], [-2.189310047987247, 54.44896890268152], [-2.235612276776026, 54.4482214349059], [-2.249534137250368, 54.451933874057445], [-2.26789812181297, 54.44722394966876], [-2.265373560209056, 54.442916651710895], [-2.271342975642406, 54.44090647671406], [-2.292860522180619, 54.43929783370248], [-2.291848816279539, 54.43145281784704], [-2.303525078983536, 54.426154020870754], [-2.307975356852379, 54.42067771603857], [-2.305502176463653, 54.397109989324065], [-2.291982127930418, 54.39147622135024], [-2.295417500359654, 54.38714055742304], [-2.292056623059364, 54.38419199105673], [-2.297435977184516, 54.37688849391226], [-2.317038093107842, 54.376300243117484], [-2.326087945440301, 54.3680852345439], [-2.34464364858855, 54.35961806731994], [-2.360744824903807, 54.35493721866909], [-2.367708026131015, 54.3560602379085]], [[-2.367708026131015, 54.3560602379085], [-2.335763456908285, 54.34042404956635]], [[-2.335763456908285, 54.34042404956635], [-2.334745207981922, 54.334933917602974], [-2.320197969846445, 54.3317398057194], [-2.30983738534539, 54.3243039174092], [-2.314973661498749, 54.313575165513], [-2.323028408774826, 54.31107156551525], [-2.320397344963787, 54.30675934176373], [-2.324341394779348, 54.300764199703664], [-2.320386475292315, 54.2990330106104], [-2.324168204161656, 54.29359371337698], [-2.31718817816264, 54.28715405859681], [-2.325888087393737, 54.279681285189476], [-2.315510662806587, 54.2702731663981], [-2.325643081374852, 54.241426584356034], [-2.348048726124496, 54.23779506140794], [-2.362313429018574, 54.249741187538945], [-2.372321509462768, 54.24822327863069], [-2.373016981346957, 54.240087590751685], [-2.396775950269329, 54.239369974709966], [-2.405628299022517, 54.22490408727245], [-2.411966803206165, 54.226675555042625], [-2.435424145774377, 54.222865972408556], [-2.460859493690284, 54.226705083003274], [-2.473695877945005, 54.21527095329736], [-2.479955329085141, 54.20230157664166], [-2.528719077509061, 54.16950060896049], [-2.533295149523195, 54.15824604461318], [-2.543807067966931, 54.15748178477103], [-2.547220296446361, 54.15329788920418], [-2.560502795656574, 54.15304083046041], [-2.561512902141826, 54.15051960159615], [-2.557376193921864, 54.149968117179576], [-2.557872017450815, 54.1433527954806], [-2.563408614566707, 54.14039434289886]], [[-2.563408614566707, 54.14039434289886], [-2.563327522252811, 54.122694557950545]], [[-2.563327522252811, 54.122694557950545], [-2.544762246197993, 54.11711877589239], [-2.545833556702567, 54.11435561569532], [-2.536198563772388, 54.10861451779467], [-2.536764084332161, 54.10408762703069], [-2.524106803475563, 54.10211764383251], [-2.52638927950478, 54.09916511794144], [-2.524007490480103, 54.094610705316256], [-2.509523902941099, 54.095413543732164], [-2.506302999025677, 54.09146268537955], [-2.480748968423, 54.08536701321722], [-2.470721991433271, 54.07655204891386], [-2.464345229893038, 54.075267337698016], [-2.463988089670848, 54.061071841950856], [-2.470544239094733, 54.05084266407111], [-2.469547928341171, 54.046199959746254]], [[-2.469547928341171, 54.046199959746254], [-2.464674548269462, 54.04319002893416], [-2.456627008363668, 54.040160580956666], [-2.432732016750964, 54.041580972476396]], [[-2.432732016750964, 54.041580972476396], [-2.42582446448288, 54.03808248266842], [-2.374070399201053, 54.04907672784227], [-2.361997041984492, 54.04065720697063], [-2.364177127533591, 54.04008082255331], [-2.362655903608864, 54.03443309094193], [-2.359255399450989, 54.031737131096165], [-2.361726018377559, 54.0272169962034], [-2.3573210643179, 54.01910444385627], [-2.343538253032225, 54.01731471889744], [-2.339557793426408, 54.00942047585608], [-2.340757830448293, 54.00744966879892], [-2.350286544339932, 54.012187556845824], [-2.352308187118037, 54.01052612088159], [-2.352355620538726, 53.9946608963508], [-2.339921082825263, 53.98941463258496], [-2.318826208606845, 53.99371559015744], [-2.3142484155756, 53.98860913270655], [-2.296730053279468, 53.980541428632115], [-2.298852954574819, 53.97654738059087], [-2.294317301262194, 53.974419523094305], [-2.230342081117184, 53.98151668993036], [-2.22105956759253, 53.97791390891646], [-2.23201241047133, 53.9712162521106], [-2.2259448368432, 53.96724000188474], [-2.225733194328964, 53.96108558693497], [-2.214417469694639, 53.96508518312223], [-2.209635543098422, 53.96288537912546], [-2.200632014313306, 53.97011251686828], [-2.196014955534821, 53.96956199645677], [-2.193612649650221, 53.961386178711216], [-2.179463582216813, 53.945971734341455], [-2.185484698692451, 53.941873167436384], [-2.182278556727671, 53.93537630475583]], [[-2.182278556727671, 53.93537630475583], [-2.169784514912918, 53.93699628379556], [-2.162072213360843, 53.93261013601271]], [[-2.162072213360843, 53.93261013601271], [-2.16287376381411, 53.92725596004776], [-2.151713103007021, 53.92946988098373], [-2.148111535034468, 53.92781168442478], [-2.149430000295622, 53.9260142477199], [-2.141794925251848, 53.925660425213195], [-2.13997490502858, 53.92831126901268]], [[-2.13997490502858, 53.92831126901268], [-2.132220614761385, 53.926494655400056], [-2.124346855520244, 53.92318659106262]], [[-2.124346855520244, 53.92318659106262], [-2.121754819091279, 53.91731665676503], [-2.113089705298308, 53.91542509689064], [-2.11469118970848, 53.913738387700874], [-2.107463509868877, 53.908028833776356], [-2.113172982424658, 53.90459746122359], [-2.103016197080668, 53.89092716397896]], [[-2.103016197080668, 53.89092716397896], [-2.081444397965365, 53.8756662608911], [-2.089912357801159, 53.86816795215295]], [[-2.089912357801159, 53.86816795215295], [-2.081188435736344, 53.86995737874435], [-2.074846798899892, 53.86235329708074], [-2.046127674331279, 53.85012724192886], [-2.046922252649929, 53.829496118832026], [-2.08485712226493, 53.81853959796432], [-2.128356972189059, 53.79901679721315], [-2.12972022062929, 53.79161731972398], [-2.124814234280346, 53.78804083065702], [-2.136361718053085, 53.78009002509267], [-2.130463378029072, 53.77237500345464], [-2.131302025625502, 53.751361917478576], [-2.141645257866978, 53.74572629600424], [-2.140948205877719, 53.74179308324431], [-2.145407021105488, 53.736040786757556], [-2.156090184034848, 53.73531005772915], [-2.173293710135554, 53.72299701677372], [-2.169734483694006, 53.71940326855744], [-2.171998294431503, 53.71715030435159], [-2.162532091891899, 53.70723711975783], [-2.162582852719186, 53.69920616250123], [-2.145254366884749, 53.692279753832686], [-2.148176624384055, 53.686104917826746]], [[-2.148176624384055, 53.686104917826746], [-2.143535510070189, 53.678482351859], [-2.134127104424173, 53.685718799092555]], [[-2.134127104424173, 53.685718799092555], [-2.1276778554513, 53.68154191988654], [-2.125386835804135, 53.674822988655045], [-2.118085048675888, 53.67122978224864]], [[-2.118085048675888, 53.67122978224864], [-2.087121599939714, 53.67079441610848], [-2.083167314556705, 53.67805963368245]], [[-2.083167314556705, 53.67805963368245], [-2.073398874654182, 53.67749441584925], [-2.061819754224023, 53.682828220795116], [-2.051242226861425, 53.683676317435456], [-2.048902000577971, 53.68021146363794]], [[-2.048902000577971, 53.68021146363794], [-2.053495340957408, 53.67787616664702], [-2.054392841423915, 53.67301678682157], [-2.037095631620068, 53.662327524188456], [-2.035694816221491, 53.65760290194036], [-2.040527339603186, 53.650902450056144]], [[-2.040527339603186, 53.650902450056144], [-2.041143782074242, 53.64083007727962], [-2.029997692275428, 53.63615418071973], [-2.030887867239419, 53.629224927002625]], [[-2.030887867239419, 53.629224927002625], [-2.024587481045759, 53.61737992212875], [-2.00947197678857, 53.616764622373566]], [[-2.00947197678857, 53.616764622373566], [-1.978245552816421, 53.586772901722945], [-1.946401738078568, 53.571490038761844], [-1.942727447879388, 53.56162545801147], [-1.924450548845988, 53.55253805002395], [-1.912886040409605, 53.5516278101006], [-1.90962228236477, 53.53837475127308]], [[-1.90962228236477, 53.53837475127308], [-1.92244646684426, 53.53079846383296]], [[-1.92244646684426, 53.53079846383296], [-1.923478843513838, 53.52294150479408], [-1.926782531776646, 53.52093197426171], [-1.916768270494033, 53.51447898343809], [-1.921974763470231, 53.50993795343651], [-1.951334903726895, 53.50418196651541], [-1.963388344870722, 53.509810285731795], [-1.971321730996324, 53.504542580891304], [-1.970779251596455, 53.49520708140045], [-1.974633352449932, 53.48791832890147], [-1.987822241456208, 53.481093643089835], [-1.988533385796978, 53.470008289072894], [-1.980597442475921, 53.4631922312699], [-1.98816378150655, 53.46058114759459], [-1.985564383540066, 53.455742371051706], [-1.995035832519384, 53.45058013368597], [-1.996392898016783, 53.44575605172885], [-2.008307311067076, 53.441435940265606], [-2.004217980812197, 53.43590553057769], [-2.013657104654535, 53.43986692729004], [-2.027318119001416, 53.43238974687232], [-2.019725890439882, 53.42510245948152], [-2.023711217199379, 53.42053553591752], [-2.013698954428109, 53.41587386425702], [-1.992331653286837, 53.41517698890626], [-2.005177227506923, 53.392378506960455], [-2.004644222412365, 53.3863112587946], [-2.019715517272348, 53.38057947250481], [-2.017085166266196, 53.37781676684342], [-2.021473075121449, 53.375043044995756], [-2.033776324038587, 53.37552562526544], [-2.028624904172943, 53.37071803643533], [-2.03408719167835, 53.36773689016021], [-2.027129515020086, 53.36375133445185], [-2.021817496000271, 53.366741138501474], [-2.008999087865088, 53.3619950399157], [-2.010912000617835, 53.35658822521617], [-2.006785948406022, 53.354556201048716], [-2.007839360496616, 53.347749953192015], [-2.004660617908212, 53.345993749789], [-2.014319926977617, 53.340042463547526], [-2.013650618643798, 53.33240399308067], [-2.009283751411207, 53.33137251841485], [-2.011797792132194, 53.32758089136736], [-2.010266676326884, 53.32288084710243], [-2.001551688831183, 53.318905620852945], [-2.009329815847543, 53.30229774887854], [-2.009279835901016, 53.280050667840094], [-2.005199049701874, 53.26902351919811], [-2.009483867296237, 53.26063581811935], [-2.00033487019147, 53.25542184580279], [-1.999733814667425, 53.24503168048468], [-1.981885946889258, 53.23856202765992], [-1.974861739185157, 53.231043403445575], [-1.976068122875905, 53.2275119562042], [-1.990267924689559, 53.22298087137923], [-1.987217212472423, 53.21194948850381], [-1.992913989285789, 53.20756430083333], [-1.994683094800292, 53.19970361620089], [-2.000081075709655, 53.19383492642446], [-2.018182222315173, 53.18903434631074], [-2.028557918080057, 53.19333523956154], [-2.046420647313458, 53.192663498020394], [-2.054988903501936, 53.18646921703617], [-2.052292080927093, 53.18394095312418], [-2.059217720216014, 53.18088235157136], [-2.058244863083372, 53.176303015614735], [-2.078052085777391, 53.17042456920438], [-2.087238886542072, 53.16983572411917], [-2.092731043491722, 53.17290035380666], [-2.111789651352719, 53.16860614915771], [-2.119769166879011, 53.1746928252785], [-2.127871715614329, 53.1746107120479], [-2.133465582582187, 53.18279701897271], [-2.140166862921195, 53.18387786635813], [-2.144867295164609, 53.173749823549706], [-2.141411919860365, 53.15663463171537], [-2.155645941457493, 53.15960115111989], [-2.159543863638487, 53.15288843106073], [-2.176581243577106, 53.14551319756332], [-2.222430478256813, 53.10760525108426], [-2.22307386082835, 53.10377827178659], [-2.237951645388887, 53.10103026846846], [-2.246580338437135, 53.090169201199615], [-2.253248636480927, 53.0939602415436], [-2.257125464310904, 53.08999945983858], [-2.277105763805117, 53.08588882722023], [-2.2745551450487, 53.0839288099347], [-2.278496325786305, 53.08089663885974], [-2.293375748660595, 53.07830974415507], [-2.303396312698923, 53.082944554617846], [-2.318420018877819, 53.08119912613924], [-2.329009204018929, 53.07656339734106], [-2.330514793864483, 53.07084396964672], [-2.348594223194321, 53.05580928224776], [-2.35373498000986, 53.05883242185098], [-2.357578622810171, 53.054702078808766], [-2.381248418529073, 53.05253498086316], [-2.380727652592339, 53.04964397887649], [-2.385123265828663, 53.0480746566059], [-2.382158746743787, 53.045833351104704], [-2.386170348366568, 53.033547495204175], [-2.379784623640697, 53.02757500685685], [-2.384227065860311, 53.02615119941818], [-2.370467653768244, 53.014559300939666], [-2.383044331604826, 53.00777031365246]], [[-2.383044331604826, 53.00777031365246], [-2.38094913387451, 52.998145092898746], [-2.389734436463592, 52.99537584421345]], [[-2.389734436463592, 52.99537584421345], [-2.406986365510413, 52.995900483832635], [-2.404474729273443, 52.991637360605054], [-2.41086170067302, 52.98790919062919]], [[-2.41086170067302, 52.98790919062919], [-2.435367340726013, 52.98669288529632], [-2.438490629689844, 52.98459858566608], [-2.434090096729395, 52.97964459257907]], [[-2.434090096729395, 52.97964459257907], [-2.43461381942828, 52.969505487895155], [-2.442957184500824, 52.970723280897715], [-2.450256851824477, 52.966035794718444], [-2.475083641825908, 52.962473725990584], [-2.481152798369598, 52.95880233264757], [-2.491700723833925, 52.96766843218061], [-2.499023033087914, 52.968419109026094], [-2.50689716915173, 52.96489700609806], [-2.521319494485715, 52.97428596553022], [-2.524468072479734, 52.96473535759744], [-2.52328094578323, 52.954339946163685]], [[-2.52328094578323, 52.954339946163685], [-2.529516173133012, 52.94714961824249], [-2.546355499875478, 52.95682229564725]], [[-2.546355499875478, 52.95682229564725], [-2.553697694688185, 52.957450831545245], [-2.561263024131642, 52.964936698255016], [-2.573492599386057, 52.96270109449584], [-2.570292738698932, 52.95972754839807], [-2.576658523219975, 52.95616129193461], [-2.586203379506419, 52.955299229750814], [-2.597693723136492, 52.96299081988467], [-2.595802083524061, 52.965524541858215], [-2.598446811098485, 52.971703110665786], [-2.592756305685928, 52.97415426312377], [-2.599629944018533, 52.97541784113861], [-2.594889081209064, 52.97959203480561], [-2.605679488895424, 52.97938023339234], [-2.60377457294284, 52.98354478399359], [-2.607734071733823, 52.988347358463706], [-2.621940017329147, 52.986727710512014], [-2.627591804850737, 52.99095265874533], [-2.628028183767875, 52.99515464844884], [-2.632650951812226, 52.99665652591522], [-2.642805174160991, 52.993466577338765], [-2.652357083999751, 52.9949804846703], [-2.674662723437824, 52.985649052158955], [-2.687079055369311, 52.98681665304544], [-2.699292929903936, 52.995424673714744], [-2.711879300398081, 52.98607022931726]], [[-2.711879300398081, 52.98607022931726], [-2.72510492200032, 52.982929369181484], [-2.743722668925972, 52.987131939963504], [-2.75980171466947, 52.98636770883491], [-2.761044598745365, 52.99097219740507], [-2.766882561326096, 52.994648231468126], [-2.789936029278828, 52.99573148936659], [-2.79423132695579, 52.9928784123839], [-2.791816867521263, 52.99119823115698], [-2.798086132711046, 52.989437513889314], [-2.8219441885108902, 52.99378803649322], [-2.8567065877109226, 53.032179153177424], [-2.855721494983658, 53.0372540040053], [-2.859151308529382, 53.03890848958404], [-2.864288194383515, 53.05304827713517], [-2.859235582104292, 53.05414846639297], [-2.865086867395332, 53.055246703775474], [-2.8657995646053873, 53.05720847349834], [-2.860959688618786, 53.05762926245062], [-2.8668730114543997, 53.06016324236482], [-2.861461170336128, 53.060703605322864], [-2.868082821147279, 53.06349336347718], [-2.865481513020557, 53.066083289425684], [-2.8705076536107828, 53.070167955215176], [-2.8853261696136823, 53.11095738952497], [-2.881026916822802, 53.12130651754599], [-2.8884918398919446, 53.11967121078996], [-2.9135129058639175, 53.18683204881403], [-2.905230011763764, 53.19288331191401], [-2.905065909958438, 53.185874781879626], [-2.902242343080835, 53.18339989947132], [-2.892701841933966, 53.18336483087525], [-2.88668241711878, 53.18630159857702], [-2.902318151876491, 53.18415981881194], [-2.902524337211219, 53.19255146111554], [-2.905745807894452, 53.19363715880651], [-2.9143941306962104, 53.18736757596849], [-2.94950967576399, 53.211263961071076], [-3.0008755435595917, 53.23992300024502], [-3.036064047601916, 53.251790657348685], [-3.0574543939193313, 53.25255363899605], [-3.089036415841152, 53.259603996283005], [-3.089586710954198, 53.262539115942154], [-3.084162557907912, 53.25933898216662], [-3.082068942090938, 53.25942542394983], [-3.081560778974681, 53.25996129143402], [-3.084097826089786, 53.25944833683588], [-3.085765933841932, 53.261680454229314], [-3.089622947575125, 53.26266734128314], [-3.090495591726437, 53.262167736460135], [-3.0946267830420005, 53.269426149419076], [-3.092000953931122, 53.26926433613351], [-3.091739039932011, 53.26451863088087], [-3.088818797641617, 53.26341268849497], [-3.084139083921944, 53.26232270923968], [-3.091592765283705, 53.26466111945374], [-3.089587187204776, 53.26733307551285], [-3.084140072195946, 53.26295463938712], [-3.083271983680409, 53.26277556048524], [-3.081274151362694, 53.26309753726715], [-3.080916770579664, 53.263492707352945], [-3.090856992414069, 53.26868153191418], [-3.088964354590107, 53.271322782895645], [-3.08429955894688, 53.267066664338444], [-3.084933032842586, 53.271120432578655], [-3.078060546593863, 53.26909007372976], [-3.089876090085228, 53.27291452955351], [-3.092364861167612, 53.27612695973077], [-3.089931171807103, 53.2745482546645], [-3.083509027392951, 53.27410790769985], [-3.091817903455231, 53.278320851633694], [-3.079010062012149, 53.278211791524825], [-3.080111273638862, 53.275372976363606], [-3.077077905776932, 53.27401966152795], [-3.079895720176077, 53.275566373483166], [-3.078425792025981, 53.278953325636174], [-3.074297724923273, 53.27880723344341], [-3.071775400445108, 53.275045457208215], [-3.064176595121373, 53.27323121498191], [-3.074103698866355, 53.27962249496447], [-3.083880807251841, 53.2794351282904], [-3.090639447140192, 53.28451800279617], [-3.083741251983653, 53.290040936310334], [-3.093279421213817, 53.284401240679806], [-3.096759032599663, 53.2849724454479], [-3.094338557768813, 53.28569674734054], [-3.093353716916015, 53.28807353130003], [-3.098900818060136, 53.28677574423193], [-3.097711085506611, 53.2901603497425], [-3.099695759836739, 53.286828633527676], [-3.10402618743844, 53.288039915187795], [-3.101310811141, 53.29071503722413], [-3.106266924483404, 53.28987762383127], [-3.103362029916262, 53.29143140056198], [-3.1085182272883713, 53.29383311371443], [-3.104326497843571, 53.29485362974885], [-3.101165137594386, 53.293508423216245], [-3.096397002306705, 53.29420767916302], [-3.103762578921009, 53.295269667236475], [-3.100462718359736, 53.295657926116554], [-3.096657052886196, 53.297152851850626], [-3.105984144349536, 53.29519425760036], [-3.106877053086042, 53.29670962800562], [-3.103881658993744, 53.29796802094417], [-3.103873681727781, 53.29923018227868], [-3.1098974924040683, 53.296256452413814], [-3.1140390075303683, 53.30353300408285], [-3.109164943290181, 53.30179333061802], [-3.10697661343598, 53.30212467176771], [-3.1146121708825705, 53.30454003958071], [-3.122340852200921, 53.322525844897314], [-3.084737073478139, 53.29618586565226], [-3.187569155449955, 53.37440980650457], [-3.1803088483208857, 53.396277579880106], [-3.048586133264907, 53.40721146656788], [-2.9427930865270344, 53.31099326371552], [-2.8903665775818, 53.29000754304655], [-2.887810809924518, 53.28916365399563], [-2.884947095646194, 53.28887573686194], [-2.899730552101144, 53.29586127712636], [-2.8618925213745436, 53.282565158327316], [-2.7768432092911564, 53.29240565634631], [-2.7011285778022867, 53.350355255791484], [-2.712639559416842, 53.34812642855789], [-2.699515022001249, 53.35666680303049], [-2.669047300150156, 53.35596604019842], [-2.659330972584403, 53.37280398980208], [-2.6423276487287, 53.372446389836554], [-2.63819476225747, 53.377601152116334], [-2.623121628089549, 53.374381044453706], [-2.60941029723921, 53.38637360562125], [-2.606622934338465, 53.38627814474267], [-2.609502740043457, 53.38105540549468], [-2.607747485602649, 53.376140337249915], [-2.60600783861585, 53.37451863150212], [-2.597792631139341, 53.37264005532986], [-2.592302453139197, 53.37299732213914], [-2.600529896218867, 53.37372563721702], [-2.597725266547455, 53.37523902546429], [-2.591164902794228, 53.385706731627266], [-2.5779713769487, 53.38346216689944], [-2.577053040872995, 53.38403378880694], [-2.591459375106216, 53.38601630917247], [-2.600608722791473, 53.37420074330042], [-2.607028192555419, 53.376297694692695], [-2.608648912731709, 53.38169257003696], [-2.605640448316497, 53.38548943485498], [-2.60758473168706, 53.38708942912421], [-2.611028333717726, 53.386074103311856], [-2.623297399790847, 53.375298770169785], [-2.63735670286107, 53.378554833966], [-2.645686724872533, 53.3739222050508], [-2.656540906665722, 53.3754153174712], [-2.66466828136369, 53.37000314268562], [-2.674488018244599, 53.356747079875355], [-2.700116941097164, 53.3623109495427], [-2.728464070027491, 53.354504335928524], [-2.734308132759019, 53.34775835682792], [-2.758670385981552, 53.34953761029045], [-2.758449448868467, 53.35113903064812], [-2.764547334942073, 53.35517295603122], [-2.75913255020107, 53.349591297045], [-2.768978959372071, 53.34554257123768], [-2.7771994502477497, 53.335625944437595], [-2.784287518713873, 53.33641536966018], [-2.781028293431394, 53.33488458021284], [-2.8094067046390183, 53.32938977726174], [-2.821525823413846, 53.33330086102097], [-2.836410281836913, 53.32700225387177], [-2.854972841553647, 53.32745582098261], [-2.878158630556821, 53.334182788474145], [-2.904896562921985, 53.345670415378116], [-2.922446283303163, 53.357240559644104], [-2.9656827740852583, 53.37450641837804], [-3.005852871227438, 53.42457863659977], [-3.008754162811268, 53.43916860354616], [-3.023555870546862, 53.45621505172301], [-3.028115847583614, 53.45501812134483], [-3.0337935726421117, 53.459406854553826], [-3.039835436750338, 53.46693806706303], [-3.037584731149936, 53.46845015825749], [-3.040263379281404, 53.4743064743337], [-3.057672416298511, 53.49384645210347], [-3.062612091454079, 53.505178929032624], [-3.06506426495638, 53.5047804667578], [-3.062800337731385, 53.50763929599855], [-3.06592586018472, 53.52264706838528], [-3.063240090983497, 53.523879123801514], [-3.062228888721217, 53.52916274427085], [-3.064091678538492, 53.530591566466136], [-3.063706612932825, 53.523897413813934], [-3.070930993674506, 53.521523683194836], [-3.076121191786769, 53.52336562409984], [-3.085405086536993, 53.53372941616424], [-3.0971725751029435, 53.53840908426369], [-3.104911842237197, 53.54805611776354], [-3.105058904306546, 53.554464083849794], [-2.993288337247028, 53.677980962057404], [-2.98382248182216, 53.68190890542231], [-2.985225106603976, 53.68413908571394], [-2.973847422505986, 53.691011300000966], [-2.977777355104855, 53.694166225496645], [-2.965278120774231, 53.69818699973493], [-2.964594534278711, 53.693463649945365], [-2.9697695818624, 53.69300570284323], [-2.97148995543784, 53.69214773123121], [-2.962949833498555, 53.69286568071821], [-2.957541192957585, 53.69024305969854], [-2.958154332666858, 53.68983638198974], [-2.958304299207758, 53.68756917693592], [-2.953751847613057, 53.691632366973565], [-2.951147042350687, 53.686995238137875], [-2.954132510419329, 53.684758506885714], [-2.954086554367123, 53.68205604370808], [-2.952025754587353, 53.68030352371945], [-2.947070355911042, 53.67874914792362], [-2.944843646605587, 53.678764071097376], [-2.953852536027228, 53.68221791443803], [-2.950883675294276, 53.686598253457724], [-2.952548402880484, 53.691383970279034], [-2.947911522088663, 53.69186750021423], [-2.954859359591075, 53.692589799019856], [-2.957328947685722, 53.69103574852492], [-2.962671570412476, 53.694743810535584], [-2.952818113511394, 53.695885958397774], [-2.95638401314586, 53.69671323010543], [-2.958316529937886, 53.69797504882049], [-2.95272124905239, 53.699777823209615], [-2.941530705017425, 53.696523527671424], [-2.951129059727007, 53.6996987867186], [-2.942599160859237, 53.70014465750903], [-2.953647450377406, 53.702352835999086], [-2.947319746830004, 53.70415492484471], [-2.9524203541219403, 53.703539439711115], [-2.942248602517034, 53.707299427210955], [-2.937120334510448, 53.704504811359776], [-2.928844355408612, 53.70449106464779], [-2.940127643548888, 53.70804966551426], [-2.917969698716758, 53.71627412285283], [-2.916731960417324, 53.71419934475543], [-2.915508339569728, 53.71332514223964], [-2.9177317487677716, 53.716362081040224], [-2.9088860602509348, 53.719631889382256], [-2.905991000652935, 53.71506575028649], [-2.9039069544973, 53.714330060574596], [-2.908211480430928, 53.71874944847451], [-2.9059855693532928, 53.72070405570543], [-2.901828684682943, 53.71938734488131], [-2.901763326313594, 53.71774924413357], [-2.894711887158729, 53.70887032168067], [-2.899925341063701, 53.71583955086907], [-2.896014137844293, 53.71639648989981], [-2.89952980956377, 53.71683033688505], [-2.901086006272138, 53.72001942213935], [-2.9051032458408845, 53.72103020655008], [-2.8992312437526166, 53.723200791844384], [-2.905951388639271, 53.72604899747761], [-2.896278525849432, 53.72298568619256], [-2.900566126798685, 53.72632509946138], [-2.894579602392945, 53.73004979411342], [-2.889389629641006, 53.73062956455754], [-2.890217391352043, 53.729989713909966], [-2.891101789930814, 53.72787173522967], [-2.891144639964021, 53.725671072909385], [-2.888781980297063, 53.730710468230534], [-2.886123840724794, 53.7268444540303], [-2.884145606819591, 53.73094969530805], [-2.873447797519355, 53.73106233499671], [-2.874842836188046, 53.73276264379752], [-2.851066306536815, 53.7308135402782], [-2.836814725398641, 53.72364326583071], [-2.826311513745287, 53.71318543653189], [-2.824472098476568, 53.70218464519086], [-2.831249298821113, 53.70157511325175], [-2.833194863035395, 53.69991762023725], [-2.833936084052755, 53.697800191375265], [-2.833360276232456, 53.69533420232008], [-2.832390019403249, 53.694288404673365], [-2.830093335793302, 53.6935618878678], [-2.82941905381341, 53.69054016343138], [-2.825383375399805, 53.6870625953529], [-2.818925219860648, 53.686361790895894], [-2.823173390739925, 53.68399568839609], [-2.824415361417634, 53.68076209976637], [-2.82355041233547, 53.67980807977683], [-2.818599903753451, 53.678802974585516], [-2.818833992154444, 53.67651200255042], [-2.809155722567206, 53.65999419874794], [-2.810969603851168, 53.648143245022354], [-2.806544094441771, 53.64154145001255], [-2.807545090455322, 53.6382773033186], [-2.80592275314132, 53.633153996864735], [-2.808047785584719, 53.63039641193402], [-2.808227394541868, 53.62911166446113], [-2.80772657317795, 53.62814428840355], [-2.801040849372816, 53.62499923061424], [-2.807917430263165, 53.62879824688998], [-2.805717241506339, 53.633426306065914], [-2.806195259662548, 53.641255286186805], [-2.810743961882876, 53.64813307517783], [-2.808597390566659, 53.65375372457699], [-2.808694058787281, 53.658643654573716], [-2.809899992980618, 53.66234679947364], [-2.818106351944419, 53.67880095439986], [-2.824054666073414, 53.68066481000972], [-2.816237845072964, 53.68778771652014], [-2.825540914515149, 53.68752622542914], [-2.82962443527187, 53.69389952282807], [-2.832477242533796, 53.694950227750255], [-2.833331086281653, 53.69753744680946], [-2.831428906413451, 53.70069661402009], [-2.823673965504601, 53.702191020740564], [-2.822865950359019, 53.708214303233255], [-2.826630711296622, 53.7158626433355], [-2.822982218221094, 53.715410480543454], [-2.821552536351044, 53.71863543473644], [-2.819184419164928, 53.71655107274602], [-2.81739329159748, 53.717018119056505], [-2.816887656245716, 53.71774064570203], [-2.821579712914617, 53.7187089545423], [-2.827099471112725, 53.71620005954265], [-2.829948907299685, 53.71954379616919], [-2.826729294796264, 53.720117062576215], [-2.835435494166821, 53.72432611554013], [-2.824411826813588, 53.73078511818267], [-2.835806051784621, 53.724747783162634], [-2.842990747844038, 53.72895342086755], [-2.839925571466273, 53.728526289302856], [-2.838161027842677, 53.72884888037559], [-2.837011983598345, 53.72991125839283], [-2.834324567265268, 53.7304477334515], [-2.836604878672869, 53.73017117162459], [-2.840060414471496, 53.72877985472712], [-2.843060567328455, 53.729789745208194], [-2.84199773469808, 53.73189958550251], [-2.84494266647584, 53.73369809951978], [-2.836885464459445, 53.7359001661127], [-2.834355605939654, 53.73767862955394], [-2.845380515972592, 53.73413634559026], [-2.845386021681029, 53.73335342734422], [-2.842619121571861, 53.73159231995174], [-2.844688396903315, 53.730089284057264], [-2.854834975488876, 53.735315047567816], [-2.82387122281266, 53.743522596877746], [-2.818541743672193, 53.74158079143943], [-2.819007417748541, 53.73948512660435], [-2.826596342383998, 53.73929368763257], [-2.832025009047394, 53.73696587661573], [-2.830151491962931, 53.7353636725067], [-2.827330444572195, 53.73491131364202], [-2.828983358718099, 53.73332153983959], [-2.827118547420712, 53.73407957079107], [-2.827244810413074, 53.735106938810254], [-2.831743945788108, 53.7369336811614], [-2.817796419261104, 53.73950507865937], [-2.817079099013463, 53.74332463070503], [-2.820071767523954, 53.74431445623285], [-2.776139224976327, 53.75346234154565], [-2.773945318738273, 53.74805300640093], [-2.774413343428708, 53.75338364938575], [-2.752505489143466, 53.7570061618064], [-2.724147512893123, 53.75694179598303], [-2.718887836978891, 53.75483156856571], [-2.716817943255901, 53.74951212800524], [-2.710093678836396, 53.747608917763856], [-2.696290371775739, 53.75157645012865], [-2.680012862493248, 53.74581860530053], [-2.678905504951047, 53.74560557362363], [-2.673289168439873, 53.7459887003073], [-2.684800513933782, 53.74902439609181], [-2.679679972866099, 53.75253108376187], [-2.673059519236011, 53.74936149297563], [-2.667998167503022, 53.7481584330616], [-2.66374315976218, 53.74882741353509], [-2.661886887575535, 53.749884803704234], [-2.668834844786198, 53.74879821550256], [-2.677831143369419, 53.75318064085042], [-2.681612540541721, 53.75227744418921], [-2.68725782825292, 53.749250319204954], [-2.697495320591052, 53.752356811652064], [-2.710294967466822, 53.7482126454372], [-2.715214670290111, 53.74984621268523], [-2.719093325117237, 53.756564157098246], [-2.730430186930772, 53.758537697299474], [-2.750059025874718, 53.758539611123645], [-2.787907376718391, 53.7532588098494], [-2.789288193065373, 53.7563704474738], [-2.792306051889029, 53.76069906805676], [-2.795574373553866, 53.76211372508187], [-2.788237222094162, 53.76552653124115], [-2.790113014579361, 53.765808098953], [-2.795782026012803, 53.76202517539282], [-2.788499701400039, 53.75322525836355], [-2.802282982134099, 53.75021797461262], [-2.803027281865677, 53.75203219816586], [-2.806150696623992, 53.7521523598816], [-2.802725341698452, 53.750273439027595], [-2.820276008475958, 53.7463156434566], [-2.822328843135645, 53.74924976049086], [-2.822736580622471, 53.74543770849759], [-2.855742681268126, 53.73850392535277], [-2.85874100965751, 53.75059784822906], [-2.856654068041049, 53.7384425652519], [-2.858808941005913, 53.7377970645321], [-2.895200526305015, 53.73359197602172], [-2.899889832822074, 53.73553607685735], [-2.895920205732358, 53.733503906596944], [-2.900114497429293, 53.73285315056818], [-2.902083904438758, 53.73647773305353], [-2.900960263821638, 53.73277758740496], [-2.929165274648529, 53.73149433836281], [-2.924985702391785, 53.73340705711885], [-2.936508573846816, 53.732269480477115], [-2.922026007962318, 53.73497046692063], [-2.934240785863292, 53.73411093018174], [-2.93158155060485, 53.7374555512722], [-2.937238209646093, 53.732426466936396], [-2.94053511533814, 53.733917876185], [-2.938693803455813, 53.734550724752204], [-2.936322304230368, 53.736436174554], [-2.940829275741443, 53.733919146910075], [-2.940772733672411, 53.73226753100052], [-2.951801750611939, 53.73352418461431], [-2.943697885180547, 53.73569966671181], [-2.942553698044959, 53.73537610074533], [-2.941344387984853, 53.735465620163595], [-2.937831766556032, 53.73641446468398], [-2.942892050561807, 53.73586421208019], [-2.932770464353412, 53.74109918699695], [-2.928182896416598, 53.738299890401564], [-2.925029919943473, 53.73735349851969], [-2.91153831466175, 53.73656977677219], [-2.916444580749302, 53.737774525714165], [-2.916162838068326, 53.738901137497564], [-2.916808316449052, 53.73916136117844], [-2.916478953016293, 53.739632167725915], [-2.917307340595039, 53.73972741403727], [-2.916600566151148, 53.74076287332986], [-2.916039151081493, 53.74429511859711], [-2.917409224230002, 53.74064702644543], [-2.917434725013413, 53.73965900017616], [-2.916671433332898, 53.73963069523193], [-2.91699849404325, 53.739121257712945], [-2.916374316534467, 53.73886537294502], [-2.916983846964814, 53.73747468062981], [-2.922706225749205, 53.737234809382194], [-2.928159763213972, 53.73890137475701], [-2.925760744374325, 53.738253907182965], [-2.919798779290271, 53.74030511694204], [-2.926029703185597, 53.73841811027383], [-2.931514178767657, 53.741265347936874], [-2.935013212728988, 53.7412498099853], [-2.936782970541463, 53.744606608391834], [-2.935489065143384, 53.74158044447485], [-2.941708535332662, 53.74212317991903], [-2.944852671851265, 53.74149349478961], [-2.935888256266201, 53.74119082753972], [-2.940346811387528, 53.73756774403261], [-2.957946493193187, 53.733423067848356], [-3.004715975179354, 53.736807045238656], [-3.0516976934630797, 53.7647495612579], [-3.0523595230980654, 53.85475184637514], [-3.046867350050901, 53.887522067086365], [-3.050246923372387, 53.90672371359353], [-3.003978058882156, 53.92396351762751], [-3.012521304671641, 53.919808548727794], [-3.005723405004232, 53.91863878821909], [-3.005941616429898, 53.903142189125596], [-3.008608762579581, 53.90164844710259], [-3.007968030520051, 53.90215445931985], [-3.008430080771439, 53.90755968561004], [-3.010831486438393, 53.90665057170188], [-3.009152516659553, 53.90141107225481], [-3.011691525178609, 53.904824996359665], [-3.01335991993176, 53.905207318357526], [-3.015068602042371, 53.9044261744803], [-3.008347202161191, 53.90007587781209], [-3.005958302362627, 53.90073320373771], [-3.003131296853251, 53.89301801274795], [-2.992748135862309, 53.88509403285468], [-2.975894317512333, 53.87988248753609], [-2.968816252833564, 53.87396625939025], [-2.978996605652423, 53.87079077019153], [-2.976734509210254, 53.86241418472279], [-2.97853652333397, 53.861768522538625], [-2.979506623138228, 53.85910008610376], [-2.981690221308801, 53.85878202300285], [-2.982581275741202, 53.857749147015745], [-2.978988870981588, 53.85906386982799], [-2.977997870918767, 53.86194639112386], [-2.959990233045442, 53.86103210427284], [-2.94395120494116, 53.85006968808745], [-2.937878731449234, 53.851650715659964], [-2.933404530003729, 53.85614197143746], [-2.920682765768632, 53.85650991597192], [-2.912331030519239, 53.85977443114649], [-2.910889632373087, 53.86369526436756], [-2.906320217465605, 53.864395882470696], [-2.89610673465993, 53.860445908559115], [-2.88645164862674, 53.86339564059502], [-2.878928576315983, 53.86039141115748], [-2.868965469383523, 53.86585151954787], [-2.865153076274567, 53.85921882623348], [-2.847600742412025, 53.857397276574424], [-2.845890791277725, 53.858023225781494], [-2.845362199429049, 53.85880173401428], [-2.846874503458996, 53.86321774504647], [-2.843776991427802, 53.86170348033436], [-2.838473832655481, 53.863780089420125], [-2.836506927475241, 53.865036892774626], [-2.832608777447935, 53.86277920494145], [-2.824873240753148, 53.86322181460504], [-2.836919194367322, 53.8651193650922], [-2.847148873978198, 53.86332546296085], [-2.847667141922482, 53.85752352645177], [-2.865028971602767, 53.85946778436648], [-2.868270666437748, 53.86607762693151], [-2.873287679772329, 53.86565112692054], [-2.87915348997333, 53.86060189467824], [-2.88663299358169, 53.863557872301605], [-2.896294848260002, 53.8607087476537], [-2.901198819693906, 53.86461603477131], [-2.909415610531289, 53.86492973870924], [-2.912014649660046, 53.863891652293056], [-2.914931645780796, 53.859664731936974], [-2.92447882630128, 53.856635322207424], [-2.936684233850744, 53.85765518971436], [-2.944738677418382, 53.85229617727109], [-2.958540245827021, 53.86258608786023], [-2.972295209965283, 53.864607422706165], [-2.964289288122267, 53.87222664805277], [-2.966427008307433, 53.87740642064051], [-2.963352030019974, 53.877436567345924], [-2.962994034289954, 53.87807670312331], [-2.966553273444887, 53.87767059684421], [-2.985187853023002, 53.88979783791529], [-2.987010665690375, 53.89179716124073], [-2.983979637167471, 53.89419581778705], [-2.983890423003695, 53.895581630210266], [-2.987950309811094, 53.89273406695161], [-2.98972880051025, 53.8943292008984], [-2.98734151165353, 53.89485760168502], [-2.98667518238374, 53.895513836115406], [-2.992710667897197, 53.89718890403629], [-2.995646252901315, 53.90544002626041], [-2.989441164231796, 53.90714247118212], [-2.98767787752892, 53.904474023083075], [-2.984950487971118, 53.904223160305314], [-2.987595465439034, 53.90472276518166], [-2.989096893714946, 53.90732415890799], [-2.994227808338894, 53.90954861372486], [-2.990828578581285, 53.91147860653344], [-2.994507433008448, 53.909977712642515], [-2.993922590691151, 53.90887522398832], [-2.991193754842653, 53.90819401918171], [-2.992548371182819, 53.90709615635519], [-2.996733972837787, 53.908929207678604], [-2.993836552417097, 53.91275345357749], [-2.997412856647659, 53.91684578311897], [-2.997768970578406, 53.926277027301154], [-2.921843212131469, 53.951420373263986], [-2.915013763650239, 53.95150046938938], [-2.916337106783713, 53.94888923156451], [-2.911755379551565, 53.94826526842796], [-2.915807490007835, 53.947388662686414], [-2.91403784916191, 53.94575642317133], [-2.916545508494965, 53.94554047807195], [-2.91929651010077, 53.94627354548005], [-2.921883573680634, 53.94620338722966], [-2.913078596641626, 53.94445954240631], [-2.918927511070434, 53.94258944584148], [-2.912415273692202, 53.94401607380069], [-2.904880583465589, 53.938487908652554], [-2.905328976875233, 53.94055089232686], [-2.900080523436281, 53.9384143302433], [-2.899179640569654, 53.941077957348064], [-2.897897234323457, 53.94031456342725], [-2.899586786472581, 53.938971712105754], [-2.898990906115409, 53.93846564012546], [-2.896746386530868, 53.941133897543786], [-2.890604091474616, 53.9395680537536], [-2.892137710665821, 53.94211916046983], [-2.886691131993759, 53.94160585658963], [-2.885604608477641, 53.943965136412416], [-2.894331451564236, 53.94652946687821], [-2.884235216969552, 53.947432928871265], [-2.884113811318831, 53.943856582665234], [-2.880604673392249, 53.9449888166526], [-2.882795910502829, 53.9476034977805], [-2.874408774779238, 53.945811542554196], [-2.8783799638503, 53.94736894133831], [-2.875037704208272, 53.94914511160191], [-2.87621749002379, 53.951272076680816], [-2.870547246654673, 53.95126297712595], [-2.865816417123828, 53.95275953270193], [-2.875448605604344, 53.952392213029775], [-2.865060482950086, 53.95510996593947], [-2.861744146766209, 53.96211480499309], [-2.85765362876667, 53.95857223416053], [-2.857267051070498, 53.96528185283748], [-2.842449002954527, 53.956045453099755], [-2.835653054764635, 53.954265678259645], [-2.854172232217146, 53.965333573520645], [-2.846750438662116, 53.96398127619485], [-2.843712160343559, 53.96426242202154], [-2.842060730083966, 53.96483487589028], [-2.842027249923271, 53.96347701043226], [-2.843795601419234, 53.96408928461101], [-2.846215527494219, 53.96345836310469], [-2.846615536353072, 53.96251450075965], [-2.845824510739619, 53.961462179666896], [-2.843922483679537, 53.96395805016794], [-2.842237272256218, 53.96330745046124], [-2.84161753587426, 53.96379536690557], [-2.842647861250169, 53.9622817523703], [-2.841733558437574, 53.9619106635489], [-2.835870305234646, 53.96375191136822], [-2.84200708008904, 53.96512194766867], [-2.850825736193889, 53.96484858904028], [-2.841232322559298, 53.96593092472127], [-2.846411980127467, 53.965783089611406], [-2.844450959005833, 53.96687634047284], [-2.843997364956391, 53.96819087324423], [-2.849678814132431, 53.9657195655376], [-2.853062544691679, 53.96771967311859], [-2.84765986320938, 53.96823787569743], [-2.86698674390846, 53.96847295292336], [-2.873790781448307, 53.971485860743066], [-2.879049307120537, 53.979108878570116], [-2.869692172566566, 53.98360176641892], [-2.86814595646872, 53.99313752472542], [-2.862982788639139, 53.99535250417589], [-2.861121212266462, 53.9925903784895], [-2.85704720747643, 53.99355963575588], [-2.862340436767751, 53.995345418025515], [-2.856092122368894, 53.999568612745236], [-2.834060207699422, 53.998658492616926], [-2.834973997625511, 53.99675388245511], [-2.830634282192518, 53.99729987152376], [-2.833346324258652, 53.99629692744522], [-2.832327006378729, 53.994826363257104], [-2.830399555209152, 53.997235871841866], [-2.830703034554479, 53.99546857696324], [-2.82522298380138, 53.99450056282575], [-2.822954446186851, 53.99510214600848], [-2.832746721086684, 53.998506722685946], [-2.826477742721831, 54.029492704810295], [-2.828597548472447, 54.027691304196296], [-2.831680074967259, 54.03183951697555], [-2.828139029556724, 54.033347861106385], [-2.828324600897231, 54.03615439793438], [-2.83006771120534, 54.037657737352454], [-2.829627006149253, 54.03377710053143], [-2.833042553872898, 54.03309500770966], [-2.835246273540101, 54.034797863100984], [-2.833102471237055, 54.035936241474424], [-2.836994878254451, 54.03633702336224], [-2.830396122676789, 54.037283358680426], [-2.83330694725424, 54.03738275285607], [-2.831195326314505, 54.03846154668579], [-2.837798695716999, 54.036976743806804], [-2.833205312377876, 54.03978142670332], [-2.838399360415429, 54.03745700613536], [-2.835553545531378, 54.04052820794046], [-2.839932458936213, 54.03867673377693], [-2.840112837783061, 54.039213847187256], [-2.838350430117904, 54.03958209967572], [-2.836958762208051, 54.040844700559035], [-2.84040734663444, 54.03928100899011], [-2.841916814423441, 54.04098084427596], [-2.838260006255013, 54.04116009792333], [-2.837706137363295, 54.04201691098772], [-2.842139991933584, 54.04106917267296], [-2.839496471668181, 54.04333193058565], [-2.842514640536357, 54.041923098980604], [-2.839879657869565, 54.04370674884191], [-2.842808337522603, 54.04338153157991], [-2.842355502808738, 54.04500254069982], [-2.809562673200471, 54.054718121109076], [-2.799632616293921, 54.05196957251655], [-2.792464244503294, 54.05783035894286], [-2.791723410963713, 54.06225005504326], [-2.793837644082005, 54.06279697017657], [-2.795773793570715, 54.06113580141181], [-2.794344519691118, 54.05797345510583], [-2.799999897145061, 54.05304028182184], [-2.808800488438479, 54.055586065251696], [-2.814817334676207, 54.05478688450666], [-2.83897738085059, 54.04962887594371], [-2.84713273560264, 54.04523232591313], [-2.845535686188644, 54.04322220089901], [-2.848250545422678, 54.04357695428436], [-2.849032793144505, 54.04351841055396], [-2.84928190962431, 54.04307984810755], [-2.849731955928442, 54.043129689977924], [-2.849446076890845, 54.04289353942897], [-2.848348850268127, 54.04345583153893], [-2.846231387683818, 54.043191241375204], [-2.850336292696261, 54.04109055553238], [-2.845559505547513, 54.04296586961961], [-2.847441555245519, 54.04082071402034], [-2.844217507879395, 54.039519459367014], [-2.847948992390879, 54.04039198468693], [-2.848029866022612, 54.04143940094559], [-2.848599770008223, 54.039058088366154], [-2.840584865481443, 54.035969526392265], [-2.842408065222795, 54.03159582649493], [-2.840469772966102, 54.03556498591733], [-2.836614470458323, 54.03244790861802], [-2.840094445832421, 54.03080851511077], [-2.84121779672258, 54.028526730900204], [-2.836967323045484, 54.03177136163081], [-2.833463840847191, 54.028510604975324], [-2.833847776415162, 54.02328328882468], [-2.842086272125553, 54.0260992971926], [-2.839613593795212, 54.02315866114286], [-2.843431146080626, 54.02368557741902], [-2.836452603446677, 54.0167804341121], [-2.838973468106402, 54.016459934952685], [-2.838620798285699, 54.01850088112442], [-2.839760956786801, 54.01895669116683], [-2.842257287585828, 54.01915313421136], [-2.83932635598379, 54.01625076663026], [-2.83545806705628, 54.01597211236772], [-2.839159063851139, 54.013926746639726], [-2.834488007631446, 54.01455159848625], [-2.837297880743666, 54.00917342953509], [-2.841541866523302, 54.009723504799354], [-2.838628220347158, 54.00741330695652], [-2.853663084691008, 54.005961935220164], [-2.850398251473642, 54.00912010605736], [-2.852764857142156, 54.00941521102445], [-2.84940739936869, 54.0095423362891], [-2.85015013714018, 54.00720651661962], [-2.849132144400777, 54.009589250519326], [-2.847728721062927, 54.00976091266671], [-2.847722139509734, 54.010411684739985], [-2.846712416103448, 54.01081158709611], [-2.845990575313279, 54.01238776986224], [-2.844735157945781, 54.012936762473856], [-2.843652464703742, 54.014864182784116], [-2.845002828768088, 54.01485109742639], [-2.847352171164123, 54.011205237029635], [-2.848629625873977, 54.012340393088685], [-2.849658474102792, 54.01243020374556], [-2.849264766508268, 54.013178978943806], [-2.849924886399558, 54.013221039291224], [-2.849863662732793, 54.01246379120222], [-2.847151210409267, 54.01085253423408], [-2.853234302175208, 54.00953949682524], [-2.860786378463482, 54.00386276336935], [-2.865851848522767, 54.008862352595784], [-2.862717810226387, 54.008648496014736], [-2.86732744807661, 54.01150584628278], [-2.869899749748262, 54.01001771460011], [-2.868235359239856, 54.01187048343213], [-2.870000764640147, 54.01281135390063], [-2.868985924435527, 54.012372889145475], [-2.867823664389192, 54.01261947818189], [-2.86713288287391, 54.01403825681534], [-2.870904429468601, 54.014504430593234], [-2.870464260922752, 54.009721548711674], [-2.866538777286914, 54.01041860057482], [-2.870004984618287, 54.00840902606518], [-2.865357098479422, 54.007375695444175], [-2.868758790489803, 54.006011962836254], [-2.864811142446414, 54.004961877130214], [-2.877902812983951, 54.00629872886384], [-2.871924515479417, 54.00278751795166], [-2.876353273660134, 54.00139450952586], [-2.876232727751209, 53.994131302976804], [-2.881045320656349, 53.98944125564607], [-2.882676226414617, 53.99011326793347], [-2.884520756251014, 53.998052271716666], [-2.887507415568312, 54.00169464540551], [-2.884704979808638, 53.99760241938319], [-2.891129575997004, 53.99935343116583], [-2.884916425710769, 53.99721438075579], [-2.883981859334198, 53.99472348647946], [-2.888998284732948, 53.9959115352732], [-2.884224956521934, 53.994315437244744], [-2.886114834164481, 53.99101191747338], [-2.897938768638081, 53.99109131084288], [-2.9001422091713174, 53.99468308210088], [-2.836425608637485, 54.08164952742181], [-2.819589926815275, 54.08878595866751], [-2.817059515805809, 54.091028544758096], [-2.817054446308639, 54.09209364556478], [-2.815484047547439, 54.09286289151566], [-2.816391951272057, 54.09464076739166], [-2.814340098082944, 54.094879396953104], [-2.815867046718105, 54.09539572983569], [-2.816623890461585, 54.09453673051027], [-2.815656113149587, 54.09290751233525], [-2.817071434881859, 54.09225620209934], [-2.820475341300466, 54.08856420134495], [-2.825436181539792, 54.08755510219143], [-2.82924662147349, 54.09349050672007], [-2.821257512998122, 54.094182547423266], [-2.827583383952144, 54.094427705037454], [-2.826948931624059, 54.099966732941354], [-2.808581290722151, 54.10813745591379], [-2.801235792004987, 54.115081096937296], [-2.797472532136775, 54.126156538806406], [-2.792985236702992, 54.12755770665913], [-2.78508985123015, 54.13503696825528], [-2.794636826048706, 54.127742753115456], [-2.80477898934246, 54.13135313078421], [-2.801843495693807, 54.125955821261265], [-2.810758720302047, 54.121114607365215], [-2.820722155204491, 54.122972243532416], [-2.8271149577412142, 54.130097956709186], [-2.8147667168233976, 54.2121072859063], [-2.790886947346794, 54.22699471669579], [-2.785814380218764, 54.22643565960605], [-2.794647510992432, 54.23382932299201], [-2.800567793328523, 54.24602760862722], [-2.811655116338567, 54.244210746978], [-2.813990395948822, 54.24894581440053], [-2.802404551778324, 54.24941537061253], [-2.793894610117201, 54.25246459182934], [-2.804264571741349, 54.25004108860434], [-2.810466783937271, 54.25513593010999], [-2.812817953224708, 54.25597391876997], [-2.814904043783869, 54.25582051275502], [-2.811811738767675, 54.25749779236624], [-2.81217230277357, 54.261235995768935], [-2.815106801347352, 54.25574994234903], [-2.806381391983869, 54.251395761728396], [-2.813915529885795, 54.24989719213873], [-2.814381315672143, 54.24425256157907], [-2.808748787354685, 54.24272933553116], [-2.801396577968236, 54.244368374926324], [-2.804254112615935, 54.233808709025126], [-2.794381523709096, 54.227410354249265], [-2.832196687140416, 54.219201036078914], [-2.841468121043731, 54.2071650851764], [-2.835633126280574, 54.2163695153091], [-2.836001999035703, 54.21891492505527], [-2.8430001578649358, 54.20554248938653], [-2.870075911873579, 54.20322029719934], [-2.867410487077972, 54.20478448294861], [-2.870323959468954, 54.203863799791876], [-2.8700621732488, 54.20176438540388], [-2.871579778821858, 54.20401830904484], [-2.885903030067908, 54.19755502337059], [-2.887177234417746, 54.1993656525205], [-2.88696401406114, 54.19792469186357], [-2.885150205603072, 54.19676063607062], [-2.88736667333218, 54.19454147359459], [-2.889158040126589, 54.19880729049164], [-2.905004571157054, 54.19471669973896], [-2.929397444150153, 54.16749935866461], [-2.935236595546153, 54.166964296243485], [-2.9308079934453617, 54.154552815135], [-2.933348640534508, 54.15307747108845], [-2.935618408798233, 54.158159628262105], [-2.943775142426876, 54.15804740087852], [-2.94284015487477, 54.15982894122651], [-2.947427906547182, 54.163762825834944], [-2.944143078082543, 54.15954548730148], [-2.94812315132732, 54.15766271067501], [-2.939282416053113, 54.15657707603393], [-2.96724606334916, 54.15059715984427], [-2.964533781316063, 54.148858204754866], [-2.968382365037132, 54.14601591806778], [-2.971817814366857, 54.14765186264175], [-2.993876568141825, 54.149308880304105], [-2.995821611180955, 54.149968696045015], [-2.996726635569563, 54.15195290163084], [-2.999532450525852, 54.15325175533792], [-2.99651238487693, 54.154695963372774], [-2.996678467848398, 54.15574438235733], [-3.000189374459911, 54.153824217922335], [-3.005960865299527, 54.15724363173813], [-3.004709590220129, 54.16292449983535], [-3.002606699779712, 54.16070765798851], [-3.004303863670058, 54.16628217210414], [-2.997114494192085, 54.16674817247667], [-3.000147542495133, 54.168787506199074], [-2.997307720164887, 54.173121636705226], [-2.992971109987744, 54.170260705744326], [-2.994738534580716, 54.17203288003096], [-2.993430906837628, 54.17218569563027], [-2.992486938217048, 54.17326211972806], [-2.993367053524896, 54.177128623101915], [-2.994116328059998, 54.17751432518887], [-2.995822117497314, 54.17747324552299], [-2.996083798113597, 54.177780254892], [-2.994357792136354, 54.177936539907755], [-2.989427301849967, 54.17947362679098], [-2.996754889018149, 54.17886403912742], [-2.993808031073226, 54.178397646494915], [-2.995998985128551, 54.17807665626475], [-2.996299859708653, 54.17765533351879], [-2.995757945741003, 54.17735424092155], [-2.994170634538762, 54.17741588698672], [-2.993616355278549, 54.17711128833192], [-2.993630018975872, 54.172312589054805], [-2.995978772541075, 54.17321801794372], [-2.994970916365979, 54.17533128801279], [-2.996064994614862, 54.17591454420882], [-2.999300323132715, 54.17545455501144], [-2.996154923098882, 54.173281261508734], [-2.998868180983919, 54.17449461449683], [-3.000219501703635, 54.17437285323773], [-2.997500642962164, 54.17330875689458], [-3.000927537531619, 54.1721002324791], [-3.001543030589275, 54.17436723558893], [-3.003535419199999, 54.175791385329596], [-3.001534463472118, 54.17223990188512], [-3.006526009027883, 54.17226029196173], [-3.009694719811224, 54.17681663386999], [-3.008247935907819, 54.17654476365621], [-3.00507839113568, 54.178328371308176], [-3.0050673078309, 54.1802698458242], [-3.01029224562622, 54.176943757020666], [-3.011859484027644, 54.17938336584254], [-3.010016457584609, 54.17995878143814], [-3.008956530046963, 54.17984723901707], [-3.008674583915817, 54.18016236450081], [-3.007594597026114, 54.17998088407519], [-3.00710053373151, 54.18026722484394], [-3.007715923168345, 54.18043555370001], [-3.01190060986194, 54.179625708110144], [-3.00982585348414, 54.18276280720568], [-3.012658134133412, 54.179712783380616], [-3.014240979761661, 54.18316250095001], [-3.020140443141771, 54.18453093224326], [-3.018365247153947, 54.18612062556027], [-3.021056894667567, 54.18527904183544], [-3.019955457781779, 54.18566676036902], [-3.01934401435329, 54.186415232722624], [-3.020179469520018, 54.18959972846589], [-3.022132372727216, 54.18576515089394], [-3.026990967649579, 54.18962903793525], [-3.025354814538518, 54.19045905607556], [-3.025810892356278, 54.19216734972959], [-3.0246057723921, 54.19177765105778], [-3.025901819544376, 54.19231217493689], [-3.027743546957844, 54.190066586783374], [-3.029248657891407, 54.1937701995963], [-3.038760542521382, 54.19718479936835], [-3.023033074177082, 54.19164541192797], [-3.034757820099331, 54.19649124711161], [-3.025412850756036, 54.19682821700597], [-3.022893070724059, 54.2010541476817], [-3.018673556213264, 54.200278288060154], [-3.01624628962783, 54.20106727561916], [-3.020087634491213, 54.200803813949086], [-3.014545584458292, 54.20635833592258], [-3.022227879384769, 54.211924239278154], [-3.023189895408449, 54.21939030512435], [-3.027627075266904, 54.219278836086154], [-3.027692789133541, 54.22494957025163], [-3.028558868638048, 54.220422212493645], [-3.03361550294635, 54.22926157324712], [-3.046318409418599, 54.226757567621675], [-3.048764911554981, 54.2332245801809], [-3.033973789539509, 54.239664528122596], [-3.033251154936171, 54.24378170783912], [-3.028989978106421, 54.24157753364012], [-3.032096849459212, 54.23928424434988], [-3.030204472196757, 54.23692856866142], [-3.028049257736966, 54.23713032700826], [-3.025460717996357, 54.24015698931515], [-3.022424357287665, 54.23911325756619], [-3.014358890009494, 54.239840204428546], [-3.01363280955292, 54.24339288676673], [-3.01475422236375, 54.24012718928487], [-3.02560975551126, 54.240597928322224], [-3.02909971212755, 54.237416165404404], [-3.0315525748484, 54.23881073922779], [-3.027316325170509, 54.241534282746215], [-3.031054485703091, 54.24553875966482], [-3.02869564106739, 54.2457818259245], [-3.027985117187353, 54.24664708577319], [-3.029877814800135, 54.249805414084136], [-3.029292929249249, 54.25189466759848], [-3.030252087283339, 54.25287511443659], [-3.028651128196787, 54.253304932005314], [-3.025397742480213, 54.25512659787977], [-3.024521583208758, 54.25631322887683], [-3.023793316971533, 54.256039909303716], [-3.022765134771964, 54.25611334812645], [-3.014915102700741, 54.26049017293634], [-3.012538324965156, 54.26229516390732], [-3.009610958636569, 54.26583122224042], [-3.008360103198713, 54.2689289624299], [-3.015423976919721, 54.26027292917661], [-3.018374692237981, 54.25946609367531], [-3.021539332113001, 54.256825707537025], [-3.024486039137246, 54.25649057731978], [-3.030529004631056, 54.2530228365504], [-3.030155773483225, 54.24925747683415], [-3.028441787324174, 54.24655691630916], [-3.035803353705689, 54.244219988781424], [-3.036971445365476, 54.24007016285386], [-3.048058461371104, 54.242277826164056], [-3.049270125760663, 54.23529907334371], [-3.05218568518786, 54.23579851466312], [-3.053119556664144, 54.22083647313705], [-3.035567155123563, 54.21561214104551], [-3.032418967078961, 54.211306653296894], [-3.039026898074603, 54.20572183229933], [-3.034260092513311, 54.211424255213764], [-3.038776025910432, 54.210143292002186], [-3.041193296003943, 54.20773437800381], [-3.039407552194569, 54.20360102148776], [-3.044691576984414, 54.199389460335745], [-3.053135813976254, 54.19887909402398], [-3.053301863378088, 54.188473337291306], [-3.059741036664664, 54.189350666847794], [-3.055869298691505, 54.18716737233414], [-3.061942139445497, 54.18045757594434], [-3.062192377150794, 54.1841197338196], [-3.063385816627687, 54.18620155858849], [-3.062588717023626, 54.17854463358846], [-3.058644295936798, 54.17192297129384], [-3.060856455332855, 54.16198896767318], [-3.077975867433995, 54.1539661907357], [-3.087635812501034, 54.13624315517292], [-3.100629226925979, 54.127992705999354], [-3.104650769775954, 54.119995212323985], [-3.1636055214833796, 54.084349120065504], [-3.186862574525587, 54.09041816485706], [-3.185161738636971, 54.09570374638327], [-3.194109887601388, 54.104260951723894], [-3.21767032372356, 54.096390191838424], [-3.2259450645607517, 54.09823310523484], [-3.244724625397147, 54.11679061901329], [-3.244241322253598, 54.13680947256677], [-3.23701824317198, 54.15473246560079], [-3.240520683385723, 54.15837706531328], [-3.249580039844433, 54.15479687994364], [-3.257136651043967, 54.16382312119081], [-3.256539906356793, 54.16869370282405], [-3.246131984540462, 54.17198546031846], [-3.228439342135972, 54.17136013893156], [-3.217153370656148, 54.17745540139852], [-3.215094515346506, 54.1848319787537], [-3.222990767155724, 54.18778189317096], [-3.221439199539197, 54.18827939975739], [-3.215968046531708, 54.18577408988306], [-3.21475835630402, 54.1856505712849], [-3.218995941559598, 54.187484454054804], [-3.212041247667142, 54.19973608521337], [-3.212306013309585, 54.208516464510126], [-3.208319422941498, 54.20809633683433], [-3.204505108920768, 54.209533966638524], [-3.208052554169337, 54.20830391506922], [-3.210055510875228, 54.2085813565225], [-3.20614795551446, 54.209765585364266], [-3.204986980973247, 54.214973154626264], [-3.202996517653033, 54.21465957199693], [-3.203914701698358, 54.21258947743483], [-3.202705531258261, 54.2111895661195], [-3.201816775907075, 54.211104945566944], [-3.20291430808631, 54.21478534187699], [-3.204973192205188, 54.21513058319455], [-3.204927266377458, 54.2175559962227], [-3.19888201667548, 54.21995046595561], [-3.189667399239045, 54.23344281657197], [-3.187562157113306, 54.23311125120378], [-3.185757149717131, 54.23463630429984], [-3.187427521780436, 54.2360624113447], [-3.182092806328957, 54.23751517525367], [-3.179738158766894, 54.23898890537378], [-3.186287109856536, 54.23722498869704], [-3.187884856913209, 54.236119015652434], [-3.18727237635242, 54.23370642429517], [-3.188939938394195, 54.23396770061187], [-3.191409958185936, 54.233111019010934], [-3.19756428203579, 54.228789737844366], [-3.200048705911798, 54.237698101681964], [-3.212686105050534, 54.24754009193761], [-3.210351084923162, 54.25396476592615], [-3.211894956143873, 54.25180741318599], [-3.216392488231946, 54.258022184005554], [-3.229039478750741, 54.259896407636965], [-3.224150531568381, 54.2604899020301], [-3.221572829794815, 54.26266685669448], [-3.227837799484212, 54.260426331481455], [-3.223914353260538, 54.26479932590631], [-3.225655379829524, 54.26888190848856], [-3.223991782351507, 54.27554445722739], [-3.224952959102869, 54.276521568422204], [-3.22362927458837, 54.27683880359213], [-3.222677970900999, 54.27759624765814], [-3.222672114240478, 54.28019919297764], [-3.223759195939024, 54.27692107185116], [-3.228198341522467, 54.27745743841831], [-3.224548463285207, 54.27557027089109], [-3.23003488286144, 54.2661553097363], [-3.228101499551801, 54.26402961444408], [-3.23215722558407, 54.26004251839577], [-3.231042657646809, 54.265090737805245], [-3.233107811726808, 54.26226270715252], [-3.23370218543784, 54.26011209657367], [-3.233215155182087, 54.259687455242386], [-3.230318365254762, 54.260052310939756], [-3.222906095647662, 54.25159102389091], [-3.242559765574041, 54.248604634540996], [-3.240407962173921, 54.2473244384826], [-3.241716851204166, 54.24726692877873], [-3.243711470000509, 54.246432047826644], [-3.229306623052041, 54.24978584817702], [-3.223919608837946, 54.247200927710495], [-3.225637328050031, 54.2398115613987], [-3.229986317582788, 54.23672843035082], [-3.231716353059582, 54.23747742327166], [-3.230624901036557, 54.237667411445464], [-3.229573112153588, 54.23867313773056], [-3.230102211786495, 54.23923127756012], [-3.229050215605531, 54.23971750059178], [-3.230033383899466, 54.240940592834015], [-3.234388243313002, 54.2323044672325], [-3.236518786348623, 54.233366584096714], [-3.238234027879051, 54.23331480546301], [-3.236062380354214, 54.2343167970114], [-3.23673909317802, 54.23621889677166], [-3.238316826882367, 54.233621357273535], [-3.240768872472275, 54.23532001737407], [-3.240292069338648, 54.23384818738344], [-3.235467141403459, 54.23139192788895], [-3.243440057805514, 54.23404404860594], [-3.233267673163921, 54.229196228207044], [-3.237651747718259, 54.22554710231291], [-3.236368156568553, 54.22786751569818], [-3.240854211547219, 54.23115860688785], [-3.245761856138006, 54.23181892221805], [-3.237628669664824, 54.22775027790993], [-3.243291496892875, 54.225276015477114], [-3.244860187559898, 54.22586920284785], [-3.243595097416421, 54.22674960513933], [-3.244648443186174, 54.22867114397734], [-3.247826027608468, 54.22914698284957], [-3.24400077652269, 54.226773285863324], [-3.245097714625761, 54.226218182178584], [-3.246293198065644, 54.22338360028073], [-3.245926226925725, 54.22576471058142], [-3.246461239902454, 54.22687278679756], [-3.247540797784992, 54.22696318520293], [-3.25099355146626, 54.21985381325232], [-3.250778626365836, 54.221368738560095], [-3.253201228932626, 54.22129232530381], [-3.250534019060531, 54.22251275815935], [-3.251482345761874, 54.228152740710485], [-3.254164815021875, 54.22428878110981], [-3.250780864904403, 54.2226126512851], [-3.253213119242451, 54.222191910107746], [-3.253440386385884, 54.22113796687845], [-3.250990548887781, 54.22117508266016], [-3.255010001441327, 54.21706081844645], [-3.254795716504786, 54.22223296029164], [-3.257220922997225, 54.213357187476504], [-3.257674463572441, 54.21324279080197], [-3.258380893854194, 54.213932890066616], [-3.259697622079925, 54.21411775371175], [-3.265642837290865, 54.213409197146284], [-3.258617747666902, 54.213854015489055], [-3.256793546260533, 54.21221117222775], [-3.260889639239004, 54.212924260308476], [-3.260800964669029, 54.212177385377345], [-3.254011460727416, 54.21032481592425], [-3.256921569960338, 54.21395351896935], [-3.251466710013156, 54.21582318617731], [-3.24979108031693, 54.20954628825208], [-3.239260840031755, 54.20311810774519], [-3.253981771781358, 54.19163004770073], [-3.26869520647513, 54.19011693639385], [-3.287755110433384, 54.19702331103745], [-3.287626373563004, 54.192192699528526], [-3.299367511255452, 54.18840125192484], [-3.320233570229843, 54.18976884735835], [-3.409527116252942, 54.276455458245465], [-3.4169652711850755, 54.29861538684941], [-3.417359067532794, 54.31364950784273], [-3.424884441450473, 54.32869850978556], [-3.422533807400488, 54.339765328770916], [-3.412366188069679, 54.34981294425863], [-3.408964406554953, 54.348916184555875], [-3.411849873798173, 54.33803123192203], [-3.400241474106451, 54.33509082205898], [-3.401844679604683, 54.332891712114574], [-3.400996670886407, 54.33219691767434], [-3.400109284804157, 54.33255953897198], [-3.400822955466927, 54.3317459370758], [-3.399068784892803, 54.33108500785528], [-3.40051879592418, 54.33410970770908], [-3.392225237090314, 54.33936932791715], [-3.393385322361762, 54.33719611059316], [-3.391944432647327, 54.336157567496734], [-3.391361892306752, 54.336488736670724], [-3.391689323143341, 54.3396253825946], [-3.382986738593512, 54.34513979476881], [-3.386748709979706, 54.34492941870947], [-3.382912690781596, 54.349852153343214], [-3.374901478620865, 54.349489821277935], [-3.373797791037111, 54.3554694657877], [-3.371067774938624, 54.353338036012026], [-3.368882673163486, 54.353658540473084], [-3.366485921708127, 54.35557675318624], [-3.367635176345142, 54.356959603682284], [-3.362512059231071, 54.35732221948518], [-3.360737211304811, 54.357771872932844], [-3.355212972348533, 54.36166199569039], [-3.356642498223589, 54.36324309299057], [-3.354084263639897, 54.363047119446385], [-3.353401914357824, 54.36555881137292], [-3.356860912335078, 54.36337815788648], [-3.355451949311929, 54.36172222759785], [-3.36252535962678, 54.35898033459633], [-3.360908799709196, 54.35784187346076], [-3.367617958178347, 54.357182674295316], [-3.369992896658299, 54.35354437772968], [-3.37387088988605, 54.35581556526819], [-3.375522276382529, 54.35011007650916], [-3.383669363713427, 54.35034769234597], [-3.390113575057434, 54.342022659305684], [-3.402469045301945, 54.340571905854524], [-3.400464238996201, 54.33938181487054], [-3.404390972274394, 54.337929544466505], [-3.407061722190059, 54.34123208440834], [-3.406100730938282, 54.350615057229646], [-3.411684275830897, 54.35294514178321], [-3.411500288334092, 54.35727413882591], [-3.403442755405972, 54.361470243360166], [-3.397917478464017, 54.36649572723728], [-3.404224742507229, 54.3619716560433], [-3.41544119771235, 54.363443160055944], [-3.412030970161775, 54.35771551505833], [-3.422645626445406, 54.35965627739343], [-3.431961039884912, 54.35625200532166], [-3.438360097930992, 54.35983492228146], [-3.434680513583494, 54.36420821254766], [-3.436362520320038, 54.366625790469215], [-3.442429199451376, 54.36945116707358], [-3.440160870486508, 54.37237328639954], [-3.436932715849891, 54.37268408430224], [-3.436085400017169, 54.37403161565154], [-3.434138504886378, 54.372858440939645], [-3.432156104046918, 54.37313544243204], [-3.43259262526088, 54.373866382979806], [-3.434254032652589, 54.374140552335824], [-3.432069323209515, 54.374799222115264], [-3.430758987905883, 54.37682901970655], [-3.434548889612491, 54.37425120148728], [-3.432387400333194, 54.37323426037341], [-3.436052806965094, 54.37424589761022], [-3.443059349935494, 54.371617828638776], [-3.443234464732233, 54.36884292029866], [-3.439650094982846, 54.36459665104271], [-3.442383018790311, 54.3614613744888], [-3.432165728091532, 54.354394444910064], [-3.417508221001583, 54.35325528229987], [-3.419745004383275, 54.35288474646884], [-3.417374119048552, 54.348914774693455], [-3.4316194309430466, 54.34227340916146], [-3.4333824111055993, 54.347525721715954], [-3.472887061792963, 54.379725684600544], [-3.47645178753201, 54.38635426632871], [-3.509616609874163, 54.415622616882466], [-3.506580040735299, 54.411822636857806], [-3.5581519605993073, 54.449224503831985], [-3.592986377982874, 54.482106963901316], [-3.609461492536833, 54.49104654238357], [-3.634596637254102, 54.511534022032485], [-3.630483211122152, 54.51979367908293], [-3.613606381411481, 54.52502546816663], [-3.60736298583014, 54.53083040257829], [-3.598889474729227, 54.55292644605198], [-3.596612875192699, 54.54994555705989], [-3.592718347590187, 54.550706068994124], [-3.595452316703571, 54.54948631264298], [-3.593486332761336, 54.548195498992776], [-3.58977929730829, 54.5497983065634], [-3.595929362987999, 54.552834334380236], [-3.591591766017077, 54.552189510629674], [-3.590278296608475, 54.559602093969545], [-3.580390663522955, 54.57189592367264], [-3.582810344244614, 54.59085752618443], [-3.570604589529241, 54.60318794524009], [-3.57133100161988, 54.61263822720013], [-3.570232503717611, 54.61193973279348], [-3.565893427083053, 54.61221796470672], [-3.569000812964362, 54.61313132096999], [-3.5741067760271363, 54.63299615426402], [-3.565291707162879, 54.647926202989325], [-3.56251591036476, 54.646390990182766], [-3.558215112799273, 54.64598445225175], [-3.564486802008246, 54.64795370529046], [-3.559960213750203, 54.64756361922978], [-3.55329957878527, 54.64989707290631], [-3.544148165578059, 54.6473492358468], [-3.553872964001068, 54.650584486628325], [-3.5648048952825575, 54.648610086759255], [-3.543790524191475, 54.67633381774828], [-3.51898066122822, 54.69296823486226], [-3.509880863636125, 54.717616406276974], [-3.501652883122782, 54.71485517286835], [-3.504116897920773, 54.711593563511386], [-3.504001045371388, 54.710980256736526], [-3.50293003559521, 54.71035184302627], [-3.501120547556324, 54.70994375840045], [-3.494930512513291, 54.7120155353042], [-3.502828408880459, 54.710583167832354], [-3.501064567245171, 54.715319027980165], [-3.507128211180451, 54.71761472038954], [-3.501132063511967, 54.71714540677451], [-3.490326505483529, 54.72780140883366], [-3.461457198976058, 54.74033011001571], [-3.435752502810058, 54.76067034352976], [-3.431542391951382, 54.78109729542986], [-3.437854486366946, 54.801620904993776], [-3.410311153308816, 54.8397287584838], [-3.4007185348722335, 54.86508509309024], [-3.377734998355074, 54.884089991746656], [-3.361669586961114, 54.89366816073061], [-3.335821928148715, 54.89955506268935], [-3.358980766111238, 54.89142633579624], [-3.360672423320232, 54.889621635938], [-3.3587007501596, 54.88824980522278], [-3.357369096919627, 54.88814964049077], [-3.359308649685116, 54.887643546919044], [-3.359760129051003, 54.88642073269773], [-3.357185576791203, 54.88820922763442], [-3.36040038096941, 54.88964446941335], [-3.357610422220505, 54.891847874465455], [-3.352528658731686, 54.88685738072644], [-3.353089117040637, 54.88981150468566], [-3.348273188195933, 54.887947203854004], [-3.354770103491973, 54.890980873856655], [-3.34977244985232, 54.893574494662644], [-3.346733186501579, 54.892210723026096], [-3.348508734011703, 54.89154573820569], [-3.348705452237999, 54.88903343966098], [-3.342068791613768, 54.88880857891126], [-3.342360723695601, 54.88614696328571], [-3.341129474848033, 54.885642003278285], [-3.338371952705736, 54.88597797433005], [-3.341392611727393, 54.88520950837555], [-3.342588390547738, 54.884227465467944], [-3.342762809719348, 54.883706073012256], [-3.341223990819867, 54.88248015782684], [-3.342474103202117, 54.88416672919994], [-3.338108406927074, 54.88588111938868], [-3.326891146278336, 54.88524390414721], [-3.339459092991303, 54.88641623879921], [-3.341705015917175, 54.88597892203046], [-3.341716939186595, 54.88901108202278], [-3.348663535669132, 54.88950662801519], [-3.347306235670867, 54.89139372598084], [-3.342386136603006, 54.88939552644534], [-3.338173858295979, 54.8882323501975], [-3.334963337108309, 54.888454608168644], [-3.345705100653692, 54.891348556021], [-3.344800572722519, 54.89447891734828], [-3.338997545493002, 54.89069024070779], [-3.336509594601937, 54.88990251069394], [-3.335266387614314, 54.89012018344974], [-3.33495908171591, 54.88865416321775], [-3.335117969985645, 54.890158653924026], [-3.344547044050782, 54.89449699149825], [-3.339756318051902, 54.89626378857844], [-3.332606219793097, 54.89157297522079], [-3.333671384848584, 54.89092139306223], [-3.333423233230434, 54.88935584462972], [-3.330840490275124, 54.89060553407831], [-3.33261723358811, 54.8886960771584], [-3.32835582355554, 54.887213146557066], [-3.329648323906022, 54.891568543169626], [-3.322466946566513, 54.88962213222383], [-3.324194810968435, 54.88963478037969], [-3.325643699216362, 54.888652844664385], [-3.326551223645295, 54.887045012646205], [-3.325992474098873, 54.886598178547814], [-3.326498862878547, 54.88654230028486], [-3.325775533786763, 54.886543029145685], [-3.325441290521562, 54.88866132999369], [-3.320980962416329, 54.889664374285374], [-3.317640827478499, 54.88888371233528], [-3.319416853345853, 54.888080766332926], [-3.319844158898614, 54.88741736755277], [-3.319518287681527, 54.88679541113543], [-3.311518461832212, 54.88826065854758], [-3.30916160730699, 54.88509927320266], [-3.308778932519514, 54.887433759743445], [-3.305825197361402, 54.885908972052185], [-3.307874471200064, 54.88429800197583], [-3.307726212072736, 54.88352404096412], [-3.302201874080247, 54.88512465647626], [-3.303126508048194, 54.88295873418464], [-3.298095557375682, 54.88293891488003], [-3.300439334457984, 54.88122425271851], [-3.299215095795425, 54.88004297900043], [-3.298348446068768, 54.879605580049855], [-3.300256904842079, 54.88131879541604], [-3.297308088902712, 54.88215467369985], [-3.294639953081917, 54.875802292301465], [-3.288570540029059, 54.872320547029766], [-3.28732071504021, 54.87403413962989], [-3.294475775225294, 54.87875182868992], [-3.28580945562457, 54.87532092792175], [-3.289598449710908, 54.88020748496491], [-3.281928643818501, 54.875662133218036], [-3.28707650127164, 54.867144243410465], [-3.281932916054533, 54.86151008822186], [-3.285582961967827, 54.859098899525584], [-3.291451572599815, 54.86036760387939], [-3.295753744987187, 54.85873645075447], [-3.297252358902385, 54.85757009371524], [-3.29622361841076, 54.85565781784924], [-3.295155028689665, 54.855075179104425], [-3.287997109256604, 54.853459066004206], [-3.285221894011195, 54.85396747471029], [-3.283519788755425, 54.8530507969074], [-3.285028064485994, 54.854045900709245], [-3.29477311216752, 54.8551151990137], [-3.29701575513245, 54.85738028233394], [-3.284782042922978, 54.85899593130074], [-3.280211006203936, 54.861891343649816], [-3.284575693035521, 54.867206064274306], [-3.279456796571855, 54.86990681543682], [-3.282807962678548, 54.870175206876326], [-3.280630738427982, 54.877588276517166], [-3.278199317480606, 54.87675294420196], [-3.277794034485622, 54.877785343997516], [-3.283632817172267, 54.88034078347163], [-3.281145368913756, 54.88319888241089], [-3.284186412430124, 54.88265182359371], [-3.286617845274999, 54.88841287146152], [-3.283957302020043, 54.888337641733074], [-3.282885624522149, 54.88562141108926], [-3.281030173128379, 54.88398826008619], [-3.279974021266879, 54.88401109215792], [-3.283809406536096, 54.88868793493198], [-3.287305852370261, 54.88935641222278], [-3.288045495649579, 54.89260009487864], [-3.275131363468963, 54.89173430190703], [-3.274641558349332, 54.89068974880886], [-3.278187962597523, 54.89131033989779], [-3.281227349760291, 54.89064291255458], [-3.282315655575704, 54.88985942598009], [-3.277693388327382, 54.89110435847651], [-3.279834239184914, 54.88933831881096], [-3.279019017698336, 54.88649171073554], [-3.277942199556796, 54.886307100344204], [-3.279333146647992, 54.88931753560949], [-3.275336619071564, 54.890580900288725], [-3.277167800927347, 54.8855810123953], [-3.272455423124101, 54.89107663976987], [-3.269836668485975, 54.89010558407784], [-3.27077673037566, 54.89035008890716], [-3.271924722302029, 54.890069352277955], [-3.272281887238076, 54.88947966284705], [-3.271612065227748, 54.88919997464368], [-3.272275001766864, 54.88916248832001], [-3.273643769419229, 54.88792499487907], [-3.273374870515017, 54.887259187733264], [-3.271009146584513, 54.88862125693287], [-3.271612568689306, 54.889960291878815], [-3.26981106581886, 54.88854747573572], [-3.269665648771434, 54.89046685904406], [-3.266408159504631, 54.8916934414865], [-3.266525470478553, 54.889716875992086], [-3.267742347245126, 54.889445335159785], [-3.268423046702973, 54.88868153206765], [-3.268009055198466, 54.88815919959673], [-3.262994054292883, 54.88846851244208], [-3.266162868790863, 54.88566389920589], [-3.259972709689104, 54.89051837594123], [-3.262820286185192, 54.888595209735406], [-3.266414432402968, 54.890054136601144], [-3.264983098181608, 54.891592354975565], [-3.263740054258877, 54.8899373060079], [-3.263738686597121, 54.891288062358825], [-3.261350942544418, 54.890866226661444], [-3.259067420939311, 54.892234392934775], [-3.264542607879363, 54.89201484749713], [-3.260866052843125, 54.89545735358881], [-3.257749140796242, 54.89441031590075], [-3.257368842150142, 54.89771880610258], [-3.257036564718804, 54.89706440650425], [-3.253402774347641, 54.89544202370997], [-3.257202319255193, 54.89853028677189], [-3.255431014960179, 54.901092799735835], [-3.251625066537216, 54.902927688328575], [-3.253156350949512, 54.89970804027006], [-3.25260475462843, 54.89751188648265], [-3.249585781500688, 54.9007342702969], [-3.251858073004464, 54.901742600642734], [-3.248568825200976, 54.90208919713169], [-3.25416751701625, 54.904293542986636], [-3.254342011606577, 54.91085677937755], [-3.245658732845824, 54.91082659388608], [-3.243524906951299, 54.907592466271275], [-3.241205651299187, 54.90668331555144], [-3.244741402207383, 54.91036958481498], [-3.232697105664073, 54.90907602030701], [-3.221576629580171, 54.901795643276095], [-3.209427059291866, 54.90364181628664], [-3.20083812961435, 54.907827776130816], [-3.202239578845236, 54.909370451377946], [-3.198386110450333, 54.90813957057259], [-3.192244786856357, 54.911341828484446], [-3.192095454642898, 54.90950904343368], [-3.191756358737935, 54.909277813487805], [-3.189755473162111, 54.908971209583264], [-3.187893558062643, 54.9096769114332], [-3.186910313795377, 54.909340529954825], [-3.188410644862228, 54.907692046414894], [-3.190622322708931, 54.908481916663874], [-3.19230262442703, 54.90728273333489], [-3.19260224825271, 54.90665432588671], [-3.189719781197753, 54.90543518897628], [-3.192156873059285, 54.90092769626844], [-3.191983336278651, 54.900332671945826], [-3.190947011749857, 54.90019906338738], [-3.188663848296168, 54.90167640038969], [-3.185148856322314, 54.89876212545671], [-3.190065890212245, 54.89871675940768], [-3.189686301669883, 54.898060813371096], [-3.185491239729345, 54.89651025653106], [-3.187506632403494, 54.89574015000097], [-3.18617874426638, 54.89348301477505], [-3.18959965123533, 54.89305954220884], [-3.190080704777939, 54.89287419104672], [-3.189998598304532, 54.89252358283226], [-3.187574275421396, 54.890411106542004], [-3.184163674502989, 54.89107168555887], [-3.182894676891286, 54.892032181201344], [-3.189836192138343, 54.89256741401106], [-3.185979415594073, 54.89338340989207], [-3.185277996764066, 54.89641794593252], [-3.18982297468445, 54.89867598774406], [-3.184945045070227, 54.898725462634985], [-3.188505069712722, 54.901792075873075], [-3.191803464316805, 54.90041980053976], [-3.189540191644151, 54.90564004978487], [-3.192451927728109, 54.90689753635393], [-3.190713643331156, 54.90830039236709], [-3.188928401740382, 54.907531511297734], [-3.187506064877605, 54.90790758279912], [-3.186683884367763, 54.90906686544686], [-3.186860838343259, 54.90951446443558], [-3.1873835494589, 54.909732235375294], [-3.191372513186667, 54.90932562197918], [-3.192154960471783, 54.91146852830995], [-3.202555401461693, 54.90949942047201], [-3.209710622209822, 54.903892415850386], [-3.214515358204513, 54.905432488079995], [-3.221230780110138, 54.90237608250611], [-3.224113238026598, 54.906963705086184], [-3.233609089806299, 54.91135214808944], [-3.248952064381276, 54.91381152498959], [-3.258738207185791, 54.91147006015681], [-3.269466996968022, 54.903927044421685], [-3.280141764276816, 54.90301427664811], [-3.313693375618587, 54.91488931825568], [-3.310900045246107, 54.92143779647916], [-3.287139081791482, 54.939048991524224], [-3.266299943754631, 54.93957413127813], [-3.269280927009516, 54.937162977931024], [-3.268936066431886, 54.93706773309073], [-3.2660293183478286, 54.93958095095365], [-3.176703882205434, 54.94183192397711], [-3.157038081882367, 54.93781966639884], [-3.155153399105813, 54.9323520152638], [-3.141532846706807, 54.92810052754878], [-3.12417143377141, 54.92881057049581], [-3.11886756663846, 54.92534296678397], [-3.118099484456844, 54.92774953128609], [-3.111894558655656, 54.92706144635194], [-3.100198622454982, 54.928372131638476], [-3.10429396221534, 54.92850390652045], [-3.072885560529958, 54.9371457082521], [-3.063317292635827, 54.94468923053352], [-3.0486236265002846, 54.94505950631963], [-3.050684024297629, 54.944758234339844], [-3.051376717597991, 54.94360462746329], [-3.052944107154493, 54.94372586571949], [-3.05304695065284, 54.943299914224454], [-3.0521704608974, 54.942914781738764], [-3.013637025272666, 54.946721893086014], [-3.007265431811148, 54.944842727422646], [-3.002604581479385, 54.93778625717951], [-3.005806918941233, 54.930633327311114], [-2.995859029036591, 54.93591676135565], [-3.000797869903383, 54.93756749021343], [-3.005713232042813, 54.945762347121935], [-3.016062519831892, 54.94817996048789], [-3.0266730860922646, 54.946410213853454], [-3.02269079712138, 54.97054915587835], [-3.008829179412178, 54.97423418905018], [-3.024118038890587, 54.97121378798783], [-3.045307248726051, 54.97795209649186], [-3.049616495726954, 54.98384196301081], [-3.04737633731434, 54.98402908037891], [-3.044990070435177, 54.981259248211785], [-3.045448442078157, 54.98266262706481], [-3.042320268392047, 54.979536039440355], [-3.041750603297498, 54.97962270257159], [-3.046887230680164, 54.984688417854805], [-3.0493839190763024, 54.984808257736965], [-3.0420280060670852, 55.01537013884992], [-3.039246302280351, 55.0165769568182], [-3.0404154816651454, 55.02206975302454], [-3.030236105249819, 55.02457864870304], [-3.034320749745963, 55.02988017396534], [-3.026065306172136, 55.035307266657696], [-3.03618514526951, 55.039645686539416], [-3.0330283322740437, 55.052761413077015], [-2.9500533936561038, 55.04073413772047], [-2.703404949069669, 55.17322847477633], [-2.6892648876691534, 55.188509291443246]], [[-2.6892648876691534, 55.188509291443246], [-2.674549944898209, 55.175888496792986], [-2.683248635202438, 55.16662747813185], [-2.676091017002079, 55.158407361065585], [-2.677318964953808, 55.155484527245704], [-2.668572844239371, 55.14730778590221], [-2.661619012022357, 55.14636177262383], [-2.656933766165026, 55.13612851351341]], [[-3.0946774100168177, 53.26951509990866], [-3.09451130339584, 53.27220866126454], [-3.093610937425514, 53.26983476390889], [-3.0946774100168177, 53.26951509990866]], [[-2.729829535548776, 53.344797999390806], [-2.7580186116417456, 53.33933985667199], [-2.753772028013861, 53.343431073253306], [-2.729829535548776, 53.344797999390806]], [[-2.71401325982202, 53.3479058126284], [-2.7136071466773473, 53.34793907834665], [-2.7140933023895135, 53.34784494588016], [-2.71401325982202, 53.3479058126284]], [[-2.922142473316915, 53.72578020834264], [-2.915096027495848, 53.72608375575319], [-2.913961352215099, 53.72485915263566], [-2.922142473316915, 53.72578020834264]], [[-2.912077560756118, 53.72478727184255], [-2.912818263617883, 53.726938856461956], [-2.904303039147235, 53.728908083163475], [-2.906154867387408, 53.726350338505874], [-2.905607238757733, 53.72421256070957], [-2.903991718674024, 53.72373674071249], [-2.912077560756118, 53.72478727184255]], [[-3.075313961557486, 54.9437996211742], [-3.0756164669711645, 54.94437929519108], [-3.074455663723717, 54.94440854706947], [-3.075313961557486, 54.9437996211742]], [[-3.081125552623195, 54.940582942897215], [-3.100628009891133, 54.93929531828561], [-3.094734096624985, 54.9379259281613], [-3.110118165070673, 54.93338555067246], [-3.129782255379361, 54.93439867704347], [-3.11748615270982, 54.93601855704734], [-3.11563482085144, 54.937592980257186], [-3.12411635398491, 54.936626932130096], [-3.12062401801155, 54.94053161990929], [-3.125299977750183, 54.93720372513171], [-3.128646234371038, 54.93802645068769], [-3.126003177351933, 54.94013589844647], [-3.128865118247597, 54.943037445850784], [-3.0765088445188686, 54.944356807556275], [-3.081125552623195, 54.940582942897215]], [[-2.805603252587034, 54.12107103161765], [-2.800326762265958, 54.12339903197625], [-2.805565583975429, 54.120390016637906], [-2.805603252587034, 54.12107103161765]], [[-2.975664544021628, 54.14755423953079], [-2.97258650413102, 54.14425904412859], [-2.984846047998294, 54.13710838982732], [-3.00533273856545, 54.131582241810385], [-3.017095684013595, 54.13346072531905], [-3.009326892120619, 54.14050969391157], [-2.999906031226991, 54.139401958459], [-3.006650878654963, 54.14270540161407], [-3.002968296417991, 54.15001361916481], [-3.00159279622782, 54.14998912300136], [-2.997806310344562, 54.14846027136606], [-2.994448756132835, 54.147820264634554], [-3.002038624891654, 54.15025504019206], [-3.000644579026103, 54.15238148616391], [-2.995446762707887, 54.149344445086534], [-2.975664544021628, 54.14755423953079]], [[-3.001700184487715, 54.934307745500746], [-3.001125407762127, 54.933662764689764], [-3.001909162886824, 54.93329593977302], [-3.001700184487715, 54.934307745500746]], [[-3.001800913946574, 54.93471760907682], [-3.001416772874656, 54.93678144936034], [-2.999715092730061, 54.9360765035175], [-3.001800913946574, 54.93471760907682]]]}